customerID,gender,SeniorCitizen,Partner,Dependents,tenure,PhoneService,MultipleLines,InternetService,OnlineSecurity,OnlineBackup,DeviceProtection,TechSupport,StreamingTV,StreamingMovies,Contract,PaperlessBilling,PaymentMethod,MonthlyCharges,TotalCharges,Churn
CUST-0000,Female,0,Yes,No,51,Yes,No phone service,Fiber optic,Yes,No,No,No,No,No,Month-to-month,Yes,Credit card (automatic),82.31,4168.99,Yes
CUST-0001,Male,1,Yes,No,14,Yes,No,Fiber optic,Yes,No,No,No,Yes,No,Month-to-month,No,Bank transfer (automatic),98.83,1437.79,Yes
CUST-0002,Male,1,No,Yes,71,Yes,Yes,DSL,No,No,No,No,No,Yes,Month-to-month,Yes,Mailed check,65.12,4642.88,Yes
CUST-0003,Female,0,Yes,No,60,Yes,Yes,DSL,No,No,Yes,No,No,No internet service,Month-to-month,No,Electronic check,54.6,3294.96,Yes
CUST-0004,Male,1,Yes,Yes,20,Yes,Yes,Fiber optic,No,No,No,No,No,Yes,Two year,Yes,Credit card (automatic),29.14,620.44,No
CUST-0005,Female,0,Yes,Yes,23,Yes,Yes,No,No,No,No,No,No,Yes,Month-to-month,Yes,Electronic check,106.28,2416.1,Yes
CUST-0006,Female,0,No,No,2,Yes,No,Fiber optic,Yes,No,No,No,Yes,No,Two year,Yes,Mailed check,96.96,166.13,Yes
CUST-0007,Female,0,No,Yes,21,Yes,No,DSL,No internet service,No,Yes,No,No internet service,No,Two year,Yes,Bank transfer (automatic),35.15,755.63,No
CUST-0008,Female,0,No,No,52,Yes,Yes,No,No,Yes,No,No internet service,No internet service,No,Two year,No,Electronic check,69.73,3723.02,Yes
CUST-0009,Female,0,Yes,Yes,1,Yes,No,Fiber optic,No,Yes,No,No internet service,No,No,Two year,No,Mailed check,67.23,-9.81,No
CUST-0010,Female,1,No,No,29,Yes,No,DSL,No,Yes,Yes,No internet service,No,No,Month-to-month,Yes,Bank transfer (automatic),81.07,2249.57,Yes
CUST-0011,Male,0,No,No,37,Yes,Yes,DSL,Yes,No,No,Yes,No,No,Month-to-month,Yes,Electronic check,113.34,4180.39,Yes
CUST-0012,Female,0,Yes,No,1,Yes,No,DSL,No internet service,No internet service,Yes,Yes,No,No,One year,Yes,Bank transfer (automatic),76.52,128.06,No
CUST-0013,Female,0,No,No,63,Yes,No,No,No,Yes,No internet service,Yes,No,No,One year,Yes,Electronic check,72.54,4572.59,Yes
CUST-0014,Female,0,Yes,No,59,Yes,No,No,Yes,No internet service,No,No internet service,Yes,No internet service,Two year,No,Bank transfer (automatic),23.31,1316.82,No
CUST-0015,Male,1,Yes,No,20,Yes,No,DSL,No,No,No,No,No,No internet service,Two year,Yes,Mailed check,24.57,495.35,No
CUST-0016,Female,0,No,No,32,Yes,Yes,DSL,Yes,No,Yes,No,No,No internet service,Month-to-month,No,Electronic check,37.08,1099.91,Yes
CUST-0017,Male,0,No,No,57,Yes,No,No,No,Yes,No,Yes,No,No,Month-to-month,Yes,Mailed check,21.51,1257.52,Yes
CUST-0018,Female,0,Yes,Yes,21,No,No,No,No,No,No internet service,No,No,Yes,Month-to-month,Yes,Bank transfer (automatic),92.96,1936.7,Yes
CUST-0019,Female,0,No,No,48,Yes,No,Fiber optic,No internet service,No,No,No,No,No,Month-to-month,Yes,Electronic check,90.94,4361.02,No
CUST-0020,Male,0,No,No,58,Yes,No,Fiber optic,No internet service,No,No internet service,No,Yes,Yes,Month-to-month,No,Mailed check,31.92,1872.72,Yes
CUST-0021,Male,0,No,Yes,41,Yes,No phone service,DSL,Yes,No internet service,No internet service,Yes,No,No,One year,Yes,Bank transfer (automatic),102.28,4203.76,No
CUST-0022,Female,0,Yes,Yes,59,Yes,No,Fiber optic,No,No,No,Yes,No,Yes,Two year,Yes,Electronic check,33.81,1967.73,No
CUST-0023,Female,0,No,No,14,Yes,Yes,DSL,No,No,Yes,No,No,No,Month-to-month,No,Credit card (automatic),48.52,730.96,Yes
CUST-0024,Female,0,No,No,61,No,No,No,No,No internet service,No,No,No,No,Two year,Yes,Mailed check,43.27,2679.32,No
CUST-0025,Male,0,No,No,61,Yes,Yes,Fiber optic,No,No,No,No,No internet service,No,One year,Yes,Credit card (automatic),55.67,3307.16,Yes
CUST-0026,Female,0,Yes,No,46,Yes,No,No,No internet service,Yes,No internet service,No,Yes,Yes,Two year,No,Credit card (automatic),43.84,2005.13,Yes
CUST-0027,Female,0,No,No,61,Yes,Yes,Fiber optic,Yes,No,No,Yes,No,No,Month-to-month,Yes,Bank transfer (automatic),67.39,4056.78,Yes
CUST-0028,Female,1,No,No,50,Yes,No phone service,No,Yes,No internet service,No,No,No,No,Two year,No,Electronic check,59.19,2896.1,No
CUST-0029,Female,0,Yes,No,54,Yes,Yes,DSL,Yes,No,No internet service,Yes,No internet service,No,One year,Yes,Mailed check,117.4,6366.36,Yes
CUST-0030,Female,0,No,No,63,Yes,Yes,Fiber optic,No internet service,No,No,No internet service,No,Yes,Month-to-month,Yes,Mailed check,23.87,1482.85,Yes
CUST-0031,Male,1,Yes,No,2,Yes,Yes,Fiber optic,Yes,No,No,No,No,Yes,Month-to-month,Yes,Credit card (automatic),32.54,57.94,No
CUST-0032,Male,0,Yes,No,50,Yes,Yes,DSL,No,No internet service,No,No internet service,No,No,Two year,No,Electronic check,23.56,1144.52,No
CUST-0033,Female,0,Yes,Yes,6,Yes,No,No,Yes,No,No,Yes,No,No,Month-to-month,Yes,Bank transfer (automatic),81.15,505.41,No
CUST-0034,Female,0,Yes,No,20,Yes,No,Fiber optic,Yes,No,No,Yes,No,No,Month-to-month,Yes,Mailed check,23.73,508.52,No
CUST-0035,Male,0,Yes,No,72,Yes,Yes,Fiber optic,No,No internet service,No internet service,No,No,Yes,Month-to-month,Yes,Bank transfer (automatic),102.31,7474.83,Yes
CUST-0036,Male,0,No,Yes,38,Yes,Yes,No,No,No,Yes,No,No,No,One year,Yes,Electronic check,69.7,2639.55,No
CUST-0037,Female,0,Yes,No,17,Yes,Yes,No,No,No,No,No internet service,No,No internet service,Two year,No,Electronic check,71.21,1138.15,No
CUST-0038,Male,0,Yes,No,3,No,No,Fiber optic,No,No,Yes,No,No,No,Month-to-month,Yes,Electronic check,74.69,198.88,Yes
CUST-0039,Female,0,No,No,59,Yes,Yes,No,No,No internet service,No,No,Yes,No internet service,Month-to-month,No,Bank transfer (automatic),35.42,2132.13,No
CUST-0040,Female,0,Yes,Yes,13,No,No,DSL,No internet service,No,Yes,No,No internet service,Yes,Two year,Yes,Mailed check,38.12,456.93,No
CUST-0041,Female,1,No,No,8,No,No,DSL,No,Yes,Yes,No internet service,No,No,Two year,Yes,Bank transfer (automatic),50.29,328.21,No
CUST-0042,Male,0,No,No,52,Yes,No,Fiber optic,No,Yes,No,No,No,No internet service,Two year,No,Electronic check,77.9,4013.21,No
CUST-0043,Female,0,Yes,No,1,Yes,No,Fiber optic,Yes,Yes,No,Yes,Yes,Yes,Month-to-month,Yes,Bank transfer (automatic),39.37,12.7,No
CUST-0044,Male,1,Yes,No,59,Yes,No phone service,Fiber optic,No,No,No internet service,No,No,No internet service,Month-to-month,Yes,Mailed check,29.94,1712.33,Yes
CUST-0045,Male,0,Yes,No,70,Yes,No,DSL,Yes,No,No internet service,No internet service,No,Yes,Month-to-month,Yes,Bank transfer (automatic),115.75,8113.37,No
CUST-0046,Male,0,No,No,43,Yes,No,Fiber optic,Yes,No,No,No,No,No,One year,Yes,Bank transfer (automatic),20.46,875.83,No
CUST-0047,Male,0,Yes,No,7,Yes,No phone service,No,No,No,Yes,No,No,No,Month-to-month,Yes,Credit card (automatic),98.92,731.93,No
CUST-0048,Male,0,No,No,46,Yes,No,Fiber optic,No,Yes,No,No internet service,No,Yes,Month-to-month,No,Bank transfer (automatic),97.45,4460.41,Yes
CUST-0049,Male,0,Yes,Yes,34,Yes,Yes,No,No,No,No internet service,No internet service,No,No,Month-to-month,No,Bank transfer (automatic),48.12,1663.98,Yes
CUST-0050,Male,0,Yes,No,35,No,No,No,No,Yes,No,No internet service,No,No internet service,Month-to-month,Yes,Credit card (automatic),31.88,1091.19,No
CUST-0051,Male,0,No,Yes,49,Yes,No,DSL,No,Yes,No internet service,Yes,No,No,Two year,No,Bank transfer (automatic),32.89,1555.13,No
CUST-0052,Male,0,Yes,No,3,Yes,No,DSL,No internet service,No,No,No,No internet service,No,Month-to-month,Yes,Credit card (automatic),88.34,237.87,No
CUST-0053,Male,0,Yes,Yes,1,Yes,Yes,DSL,No internet service,Yes,Yes,No,No internet service,Yes,One year,No,Bank transfer (automatic),82.85,1.94,No
CUST-0054,Male,0,Yes,No,5,Yes,Yes,No,Yes,No,No internet service,No,Yes,Yes,Two year,Yes,Credit card (automatic),96.92,574.01,Yes
CUST-0055,Male,0,Yes,No,53,Yes,Yes,DSL,No,No,No,No internet service,No,No,Month-to-month,Yes,Electronic check,112.47,5968.03,Yes
CUST-0056,Female,0,Yes,No,3,Yes,No,DSL,No,No,Yes,No,No,Yes,One year,No,Bank transfer (automatic),87.79,223.6,No
CUST-0057,Male,0,No,Yes,53,No,Yes,No,No,Yes,Yes,No,No internet service,No internet service,Two year,No,Mailed check,33.91,1778.35,Yes
CUST-0058,Female,0,No,No,62,Yes,No,Fiber optic,No internet service,No,Yes,No,No internet service,No,Two year,Yes,Bank transfer (automatic),42.72,2526.12,Yes
CUST-0059,Male,0,Yes,Yes,17,Yes,No phone service,DSL,No,No,No,No,No,Yes,Month-to-month,Yes,Electronic check,102.89,1820.85,Yes
CUST-0060,Female,0,Yes,No,43,No,No,DSL,No,No internet service,No internet service,No,No,No internet service,Month-to-month,No,Electronic check,39.29,1756.3,No
CUST-0061,Male,1,No,No,33,No,No,No,Yes,No,Yes,No,No,No internet service,Month-to-month,No,Electronic check,25.54,848.2,Yes
CUST-0062,Male,0,No,Yes,61,Yes,No,No,No,Yes,No,No,Yes,No,One year,Yes,Mailed check,88.93,5440.7,No
CUST-0063,Female,0,Yes,No,13,No,No,DSL,No,No internet service,Yes,No,Yes,Yes,One year,No,Mailed check,58.7,699.72,Yes
CUST-0064,Male,0,Yes,Yes,47,Yes,Yes,Fiber optic,No internet service,Yes,Yes,No,No internet service,No,One year,Yes,Mailed check,110.71,5143.62,No
CUST-0065,Female,0,No,Yes,14,Yes,Yes,No,Yes,No,Yes,No internet service,No internet service,Yes,Month-to-month,Yes,Credit card (automatic),83.6,1085.54,Yes
CUST-0066,Male,0,Yes,No,71,Yes,No,Fiber optic,No internet service,No,No,No,No internet service,No,Month-to-month,No,Mailed check,27.34,1933.09,Yes
CUST-0067,Male,1,Yes,No,61,Yes,No,No,No,No,No internet service,No,No,No,One year,No,Electronic check,113.51,6977.16,Yes
CUST-0068,Male,1,No,Yes,39,Yes,No,Fiber optic,No,Yes,No,No,Yes,No,Month-to-month,Yes,Credit card (automatic),44.24,1706.2,Yes
CUST-0069,Female,0,No,No,52,Yes,No,No,No,No,No internet service,Yes,No,Yes,One year,No,Credit card (automatic),52.14,2728.66,Yes
CUST-0070,Female,0,Yes,No,23,Yes,Yes,DSL,No,No,No internet service,No,No,No,Month-to-month,Yes,Electronic check,58.68,1398.58,Yes
CUST-0071,Female,1,No,No,25,Yes,Yes,DSL,No internet service,No,Yes,No internet service,No,Yes,Month-to-month,Yes,Electronic check,23.4,503.79,Yes
CUST-0072,Male,0,No,No,59,Yes,No,Fiber optic,Yes,No,No,No,No,No,Month-to-month,No,Electronic check,68.15,4113.13,Yes
CUST-0073,Female,0,Yes,Yes,40,Yes,Yes,Fiber optic,No,Yes,No internet service,Yes,Yes,No,Month-to-month,Yes,Bank transfer (automatic),30.64,1283.47,Yes
CUST-0074,Male,0,No,No,28,Yes,No,No,Yes,No,No internet service,No,No internet service,Yes,Month-to-month,Yes,Credit card (automatic),58.55,1665.09,No
CUST-0075,Male,0,No,No,14,No,Yes,DSL,No,No,No,No,No internet service,No,Month-to-month,No,Credit card (automatic),53.5,795.2,No
CUST-0076,Female,0,No,No,44,Yes,Yes,No,Yes,Yes,No internet service,No,Yes,No internet service,Month-to-month,No,Mailed check,95.92,4269.03,Yes
CUST-0077,Female,1,No,No,64,Yes,No,DSL,No,No,No,No,Yes,No internet service,Month-to-month,Yes,Electronic check,98.97,6348.71,Yes
CUST-0078,Male,0,No,No,70,Yes,No phone service,Fiber optic,No internet service,No,No,No internet service,No,No,Month-to-month,No,Credit card (automatic),33.67,2428.31,Yes
CUST-0079,Male,0,Yes,Yes,8,Yes,Yes,DSL,Yes,No,No,No,Yes,No,One year,Yes,Electronic check,55.09,418.09,No
CUST-0080,Male,0,No,Yes,0,Yes,No,Fiber optic,Yes,No internet service,Yes,No,Yes,No,Month-to-month,Yes,Credit card (automatic),55.77, ,No
CUST-0081,Female,0,Yes,No,7,Yes,Yes,Fiber optic,No,No internet service,Yes,No,No,No internet service,One year,Yes,Bank transfer (automatic),33.47,300.37,No
CUST-0082,Female,0,No,No,62,Yes,Yes,Fiber optic,Yes,Yes,No internet service,No,No internet service,No internet service,One year,No,Credit card (automatic),98.49,5971.82,Yes
CUST-0083,Female,0,No,No,10,Yes,No,DSL,Yes,No,Yes,No internet service,No internet service,No,One year,No,Bank transfer (automatic),89.33,915.2,Yes
CUST-0084,Female,0,No,No,7,Yes,Yes,Fiber optic,Yes,Yes,No internet service,No,No internet service,No,Two year,Yes,Electronic check,37.38,297.89,No
CUST-0085,Female,0,No,Yes,34,Yes,Yes,No,Yes,Yes,No,No internet service,Yes,Yes,Month-to-month,Yes,Mailed check,55.11,1788.32,No
CUST-0086,Female,0,No,No,34,Yes,No,DSL,No internet service,Yes,No,No,Yes,No,One year,Yes,Electronic check,28.88,996.01,No
CUST-0087,Male,1,No,No,32,Yes,No,DSL,No internet service,No internet service,Yes,No,Yes,Yes,Two year,No,Electronic check,81.38,2564.47,No
CUST-0088,Female,1,No,No,4,Yes,No phone service,DSL,No,No internet service,Yes,Yes,No,No,Two year,Yes,Mailed check,30.45,141.64,No
CUST-0089,Female,0,Yes,No,40,No,Yes,No,No,No,No,No,No,No,Month-to-month,Yes,Electronic check,117.34,4688.85,No
CUST-0090,Male,0,No,Yes,27,No,No phone service,Fiber optic,Yes,No,No,No,No internet service,No,Month-to-month,Yes,Electronic check,96.71,2563.85,No
CUST-0091,Male,0,Yes,Yes,6,Yes,No,DSL,No,Yes,Yes,No,No,No,Month-to-month,Yes,Electronic check,57.47,400.3,Yes
CUST-0092,Male,0,No,No,72,Yes,Yes,No,No internet service,Yes,Yes,No,No internet service,Yes,One year,Yes,Electronic check,76.4,5479.88,Yes
CUST-0093,Female,0,No,Yes,71,Yes,Yes,Fiber optic,No,Yes,No,No,No internet service,No,One year,No,Electronic check,109.84,7812.14,Yes
CUST-0094,Male,0,Yes,No,11,Yes,Yes,DSL,Yes,No,No internet service,Yes,No,No,Month-to-month,Yes,Electronic check,73.94,879.04,Yes
CUST-0095,Female,1,Yes,Yes,33,Yes,No,No,Yes,No,No,No,No internet service,No,Month-to-month,No,Electronic check,35.79,1135.24,Yes
CUST-0096,Female,0,No,Yes,32,Yes,No,Fiber optic,No internet service,No,Yes,No,Yes,Yes,One year,Yes,Bank transfer (automatic),56.31,1802.32,Yes
CUST-0097,Male,0,No,Yes,47,Yes,No,Fiber optic,Yes,No,No,No,No internet service,No,Month-to-month,Yes,Electronic check,102.99,4815.76,Yes
CUST-0098,Female,0,Yes,Yes,22,Yes,Yes,Fiber optic,Yes,No,No,No internet service,No,No internet service,Two year,Yes,Credit card (automatic),82.99,1812.17,No
CUST-0099,Male,1,Yes,No,61,No,No,No,No,No,No,No internet service,No,Yes,Two year,No,Electronic check,83.65,5210.45,Yes
CUST-0100,Female,0,No,No,36,Yes,No,DSL,No internet service,No internet service,No,No internet service,No internet service,No,Month-to-month,Yes,Bank transfer (automatic),105.37,3816.16,Yes
CUST-0101,Male,0,Yes,Yes,43,Yes,No,DSL,No,No,Yes,No internet service,No,No,One year,Yes,Credit card (automatic),108.09,4663.55,No
CUST-0102,Female,0,Yes,No,34,Yes,No,DSL,No internet service,No internet service,No,No internet service,Yes,Yes,Month-to-month,No,Mailed check,110.69,3789.66,Yes
CUST-0103,Female,0,Yes,No,64,Yes,Yes,Fiber optic,No internet service,Yes,No,No,No internet service,No,One year,No,Bank transfer (automatic),27.78,1799.43,No
CUST-0104,Male,1,Yes,No,46,Yes,No,Fiber optic,No,No internet service,No,No,No,Yes,Two year,No,Bank transfer (automatic),72.93,3263.49,Yes
CUST-0105,Male,0,No,No,2,Yes,Yes,Fiber optic,No internet service,No,No,No internet service,No,Yes,Two year,No,Credit card (automatic),92.67,300.18,No
CUST-0106,Female,0,Yes,No,0,Yes,No,DSL,No internet service,Yes,No,No,No internet service,No,Month-to-month,Yes,Credit card (automatic),94.32, ,No
CUST-0107,Female,0,Yes,Yes,4,Yes,No,Fiber optic,Yes,Yes,No,No,No,No,Month-to-month,No,Electronic check,79.22,403.51,Yes
CUST-0108,Female,0,No,Yes,13,Yes,No phone service,Fiber optic,No internet service,Yes,No,No,No,No internet service,Month-to-month,Yes,Mailed check,35.01,486.03,No
CUST-0109,Male,0,Yes,No,26,No,No,Fiber optic,No,No,No internet service,No internet service,No,Yes,Month-to-month,No,Electronic check,98.39,2567.18,No
CUST-0110,Male,0,No,No,8,Yes,No,No,No,No,No,No internet service,No,No internet service,Month-to-month,Yes,Bank transfer (automatic),90.62,709.69,No
CUST-0111,Male,0,No,Yes,14,Yes,No,Fiber optic,No internet service,No,No,No,No,No,Month-to-month,Yes,Credit card (automatic),26.91,507.0,No
CUST-0112,Male,1,Yes,No,41,Yes,Yes,Fiber optic,No,No,Yes,Yes,No,No,Month-to-month,No,Electronic check,64.86,2689.48,No
CUST-0113,Female,0,Yes,No,50,Yes,Yes,DSL,No,No internet service,No,No,No internet service,No,Month-to-month,Yes,Bank transfer (automatic),35.73,1787.38,No
CUST-0114,Female,1,Yes,No,62,Yes,No,Fiber optic,Yes,Yes,Yes,Yes,No,Yes,Month-to-month,No,Mailed check,52.17,3207.78,Yes
CUST-0115,Female,1,No,No,51,Yes,Yes,No,No internet service,No internet service,No,No,No,No,Two year,Yes,Credit card (automatic),20.07,990.81,Yes
CUST-0116,Female,0,Yes,No,3,Yes,No,No,Yes,No internet service,No,Yes,No,No,One year,Yes,Electronic check,58.48,177.97,No
CUST-0117,Male,1,Yes,Yes,22,Yes,Yes,DSL,Yes,Yes,No,No internet service,No,No,Month-to-month,No,Credit card (automatic),73.51,1570.69,No
CUST-0118,Male,0,No,No,14,Yes,No phone service,Fiber optic,Yes,No,Yes,No,No,No,Month-to-month,No,Bank transfer (automatic),80.52,1161.26,No
CUST-0119,Male,1,Yes,No,42,Yes,No,DSL,No,No,No internet service,No,No,No,Month-to-month,No,Bank transfer (automatic),84.93,3534.78,Yes
CUST-0120,Male,0,No,No,28,Yes,Yes,No,Yes,No internet service,No internet service,No,No,No internet service,Month-to-month,No,Electronic check,102.3,2914.65,Yes
CUST-0121,Female,0,No,No,35,No,Yes,Fiber optic,No internet service,No internet service,No internet service,No,No,Yes,Month-to-month,Yes,Electronic check,39.9,1445.63,Yes
CUST-0122,Female,0,Yes,No,12,Yes,Yes,Fiber optic,No,No,No internet service,No internet service,No,No,Two year,No,Electronic check,30.36,361.55,No
CUST-0123,Male,1,Yes,No,31,No,No,DSL,No,No internet service,No,No internet service,No internet service,Yes,One year,No,Electronic check,103.83,3247.75,No
CUST-0124,Female,0,No,No,70,Yes,No,No,No internet service,No internet service,No internet service,No internet service,No,No internet service,One year,Yes,Electronic check,33.99,2410.82,Yes
CUST-0125,Female,0,Yes,Yes,58,Yes,Yes,Fiber optic,Yes,No internet service,No,No,Yes,No,Month-to-month,Yes,Electronic check,116.21,6667.06,Yes
CUST-0126,Female,0,No,No,27,Yes,No,DSL,No,Yes,No,No,No internet service,Yes,Two year,No,Mailed check,102.93,2865.69,No
CUST-0127,Male,0,Yes,No,65,Yes,Yes,Fiber optic,No internet service,No,No,No internet service,No,No,Two year,Yes,Mailed check,68.59,4445.56,Yes
CUST-0128,Female,0,No,No,41,Yes,No phone service,DSL,No,No,Yes,No,No internet service,No,Month-to-month,No,Mailed check,116.88,4826.86,Yes
CUST-0129,Male,0,No,No,44,Yes,No,Fiber optic,No,No internet service,No,No,No,No internet service,Month-to-month,Yes,Mailed check,28.04,1269.94,Yes
CUST-0130,Male,0,No,No,61,Yes,No phone service,No,Yes,Yes,No,Yes,No internet service,No,Month-to-month,Yes,Mailed check,48.71,2846.83,Yes
CUST-0131,Female,0,Yes,No,56,Yes,No,No,Yes,No internet service,Yes,No,Yes,No,Month-to-month,Yes,Electronic check,82.39,4580.99,Yes
CUST-0132,Male,0,No,No,5,Yes,Yes,Fiber optic,No internet service,No,Yes,No,No,No,One year,Yes,Bank transfer (automatic),53.43,309.17,No
CUST-0133,Male,1,No,Yes,27,Yes,No,No,No internet service,No,Yes,Yes,Yes,No,Month-to-month,No,Bank transfer (automatic),111.55,3014.96,No
CUST-0134,Male,0,Yes,Yes,27,Yes,Yes,Fiber optic,No,Yes,No,No,No,Yes,Month-to-month,No,Bank transfer (automatic),24.85,705.4,No
CUST-0135,Male,0,Yes,No,43,Yes,No,DSL,No internet service,Yes,No,No internet service,Yes,No,Month-to-month,Yes,Bank transfer (automatic),73.47,3163.83,Yes
CUST-0136,Male,0,Yes,No,29,Yes,Yes,No,No,No,Yes,No,No,No,Month-to-month,Yes,Bank transfer (automatic),77.63,2312.74,Yes
CUST-0137,Male,0,Yes,No,61,Yes,No,DSL,Yes,No,No,No,No,Yes,Two year,No,Mailed check,83.85,5120.55,Yes
CUST-0138,Male,0,Yes,No,61,Yes,No,DSL,Yes,No internet service,No,No,No internet service,No internet service,One year,No,Electronic check,43.94,2751.54,No
CUST-0139,Male,0,Yes,No,0,Yes,No,No,No internet service,No internet service,No internet service,No,No,No,One year,Yes,Mailed check,54.89, ,No
CUST-0140,Male,1,Yes,No,26,Yes,Yes,DSL,No internet service,No,No internet service,No,No,No,Month-to-month,Yes,Credit card (automatic),103.04,2672.66,Yes
CUST-0141,Male,0,No,Yes,61,Yes,Yes,Fiber optic,No,No,No,Yes,Yes,Yes,One year,No,Electronic check,37.84,2278.57,Yes
CUST-0142,Female,1,Yes,No,2,Yes,No,No,Yes,No,No internet service,Yes,No,No,Month-to-month,Yes,Mailed check,101.35,222.13,Yes
CUST-0143,Female,0,Yes,No,69,No,No,Fiber optic,No internet service,No,No internet service,No,No internet service,Yes,One year,Yes,Electronic check,74.8,5147.27,Yes
CUST-0144,Male,0,Yes,No,71,Yes,No,DSL,No,No internet service,No,Yes,Yes,No,Month-to-month,Yes,Mailed check,94.85,6722.87,Yes
CUST-0145,Male,0,No,No,26,Yes,Yes,Fiber optic,No,Yes,No,No internet service,No internet service,No,Month-to-month,Yes,Mailed check,89.97,2303.98,Yes
CUST-0146,Female,0,Yes,No,8,Yes,No,DSL,No internet service,No,Yes,No,No internet service,Yes,Month-to-month,Yes,Bank transfer (automatic),39.1,289.76,Yes
CUST-0147,Male,0,No,Yes,61,Yes,Yes,Fiber optic,No,No,No,No internet service,No internet service,No,Month-to-month,No,Bank transfer (automatic),75.42,4600.11,Yes
CUST-0148,Male,0,No,No,36,Yes,No,No,No,No,No internet service,No internet service,No internet service,Yes,Two year,Yes,Electronic check,105.46,3695.49,No
CUST-0149,Female,0,Yes,No,50,Yes,No,Fiber optic,No,No,No,No internet service,No,No,Month-to-month,Yes,Bank transfer (automatic),61.68,2968.91,Yes
CUST-0150,Female,0,Yes,Yes,43,Yes,Yes,Fiber optic,Yes,No,No,No,No internet service,Yes,Month-to-month,No,Bank transfer (automatic),115.39,4964.73,Yes
CUST-0151,Female,0,No,No,23,Yes,No phone service,Fiber optic,No,No,No,No internet service,No,Yes,Month-to-month,Yes,Bank transfer (automatic),63.7,1326.64,Yes
CUST-0152,Male,0,Yes,Yes,58,No,Yes,Fiber optic,No,No,No,No,No,Yes,Two year,Yes,Mailed check,32.6,1881.14,Yes
CUST-0153,Female,0,Yes,No,31,Yes,Yes,No,No internet service,No,No,Yes,No internet service,No,Month-to-month,Yes,Electronic check,57.39,1760.23,Yes
CUST-0154,Female,0,Yes,No,51,Yes,Yes,DSL,No,No internet service,No,No,No,No internet service,One year,No,Mailed check,113.9,5836.0,No
CUST-0155,Female,1,Yes,No,61,Yes,No,No,No,No,Yes,No,No internet service,No,Two year,No,Bank transfer (automatic),50.38,3039.58,Yes
CUST-0156,Male,0,No,No,57,No,No,Fiber optic,No,Yes,No,No,Yes,Yes,Month-to-month,No,Electronic check,105.49,6091.41,Yes
CUST-0157,Female,0,Yes,No,51,Yes,No,DSL,Yes,No,No,No,Yes,Yes,Month-to-month,Yes,Electronic check,106.82,5490.23,Yes
CUST-0158,Female,0,Yes,No,11,Yes,Yes,DSL,No,Yes,No,No,No internet service,No internet service,Month-to-month,Yes,Bank transfer (automatic),53.44,512.23,Yes
CUST-0159,Male,0,No,No,38,Yes,No,Fiber optic,No internet service,No internet service,No,No,No,No internet service,Two year,Yes,Bank transfer (automatic),26.62,997.34,No
CUST-0160,Male,1,Yes,Yes,1,Yes,No,Fiber optic,Yes,No,No,No,No,No internet service,Month-to-month,Yes,Electronic check,91.07,167.43,No
CUST-0161,Male,0,Yes,No,2,Yes,Yes,DSL,No,No,No,No internet service,No,No,Month-to-month,No,Electronic check,49.56,64.24,Yes
CUST-0162,Male,1,No,No,55,Yes,Yes,No,Yes,No,No,No,No,No,One year,Yes,Mailed check,96.93,5328.51,Yes
CUST-0163,Male,0,Yes,No,58,Yes,Yes,Fiber optic,Yes,Yes,No,No internet service,Yes,No internet service,One year,Yes,Credit card (automatic),62.74,3709.13,No
CUST-0164,Male,0,No,No,1,Yes,Yes,No,Yes,No,No,Yes,No internet service,No,Month-to-month,Yes,Bank transfer (automatic),67.02,39.99,Yes
CUST-0165,Male,0,Yes,No,1,Yes,Yes,DSL,Yes,No,No,No,No,No,Month-to-month,Yes,Bank transfer (automatic),96.43,152.58,Yes
CUST-0166,Female,0,Yes,No,53,Yes,No,Fiber optic,No,No,No,Yes,No,No,Month-to-month,Yes,Credit card (automatic),56.68,2958.54,Yes
CUST-0167,Female,0,No,No,0,Yes,No,DSL,No internet service,No,No,No,No internet service,No,Month-to-month,Yes,Electronic check,62.78, ,Yes
CUST-0168,Male,0,No,No,18,Yes,No,DSL,No,Yes,No,No,No,Yes,Month-to-month,Yes,Bank transfer (automatic),56.06,1070.51,Yes
CUST-0169,Female,0,No,No,1,Yes,No phone service,No,No,Yes,Yes,Yes,No,No,Two year,Yes,Credit card (automatic),55.17,77.11,No
CUST-0170,Female,0,Yes,No,52,Yes,No,DSL,No,No,Yes,No internet service,Yes,No,Month-to-month,No,Electronic check,71.11,3722.95,Yes
CUST-0171,Male,0,No,Yes,43,Yes,Yes,Fiber optic,Yes,Yes,Yes,No,Yes,No internet service,Two year,Yes,Electronic check,99.53,4225.14,Yes
CUST-0172,Female,0,No,No,31,Yes,No,DSL,No,No,No internet service,Yes,Yes,No,One year,Yes,Bank transfer (automatic),54.61,1642.24,No
CUST-0173,Female,0,No,Yes,69,Yes,Yes,Fiber optic,Yes,No,No,No,No,No,Month-to-month,Yes,Bank transfer (automatic),70.94,4952.38,Yes
CUST-0174,Female,0,Yes,No,31,Yes,Yes,No,No,No,No,Yes,Yes,No,One year,No,Mailed check,85.66,2667.62,Yes
CUST-0175,Female,0,Yes,No,67,Yes,No,Fiber optic,Yes,No,No,No,No,No,Month-to-month,No,Electronic check,45.33,3031.24,Yes
CUST-0176,Female,0,No,No,54,Yes,Yes,Fiber optic,Yes,No,Yes,No,No internet service,No,Two year,No,Bank transfer (automatic),46.14,2502.61,Yes
CUST-0177,Female,0,Yes,No,55,Yes,No,Fiber optic,No,Yes,Yes,Yes,No,No,Two year,No,Electronic check,112.06,6238.73,Yes
CUST-0178,Female,0,Yes,No,16,No,Yes,No,No,No internet service,Yes,No internet service,No internet service,No,Month-to-month,Yes,Electronic check,90.97,1491.7,Yes
CUST-0179,Male,0,Yes,No,37,Yes,No,Fiber optic,Yes,Yes,Yes,No,No internet service,Yes,Month-to-month,Yes,Electronic check,76.26,2797.89,No
CUST-0180,Male,0,Yes,No,23,Yes,No,Fiber optic,No,No,Yes,No,No,No,Month-to-month,Yes,Electronic check,83.35,1846.88,No
CUST-0181,Female,0,No,No,68,Yes,Yes,Fiber optic,Yes,Yes,No,No,No,Yes,Month-to-month,No,Electronic check,21.19,1470.32,Yes
CUST-0182,Female,1,Yes,Yes,69,Yes,Yes,No,Yes,No,Yes,No internet service,No internet service,No,Month-to-month,Yes,Bank transfer (automatic),80.37,5499.33,Yes
CUST-0183,Male,1,No,No,10,Yes,Yes,Fiber optic,No internet service,No internet service,No internet service,No,No internet service,No,Month-to-month,Yes,Credit card (automatic),69.46,635.48,No
CUST-0184,Female,1,Yes,No,15,No,Yes,Fiber optic,Yes,Yes,No,Yes,No,No,One year,Yes,Mailed check,73.1,1162.29,No
CUST-0185,Male,0,Yes,Yes,72,Yes,No,Fiber optic,No internet service,No internet service,Yes,No internet service,No,No internet service,Month-to-month,Yes,Bank transfer (automatic),54.37,3958.26,Yes
CUST-0186,Female,1,No,No,58,Yes,No,DSL,No,No,No,No internet service,No,Yes,Two year,Yes,Mailed check,26.44,1552.8,No
CUST-0187,Female,0,No,Yes,69,Yes,No,Fiber optic,No,Yes,No,No,Yes,No,Two year,No,Mailed check,37.68,2538.0,No
CUST-0188,Male,0,Yes,No,2,No,No,Fiber optic,No,No,Yes,Yes,Yes,No internet service,Month-to-month,No,Bank transfer (automatic),113.8,317.06,No
CUST-0189,Male,1,No,Yes,19,Yes,No,Fiber optic,Yes,No,Yes,No,No,No,Two year,No,Bank transfer (automatic),59.32,1178.52,No
CUST-0190,Female,0,Yes,No,58,No,No,Fiber optic,No internet service,No,No internet service,No,No,No,Month-to-month,Yes,Electronic check,65.15,3763.51,Yes
CUST-0191,Female,1,Yes,Yes,35,Yes,Yes,DSL,Yes,No,No,No,No internet service,No,Month-to-month,Yes,Credit card (automatic),23.55,798.49,Yes
CUST-0192,Male,0,No,No,18,Yes,No,No,Yes,No internet service,No internet service,No,No,No,One year,No,Credit card (automatic),22.03,400.46,No
CUST-0193,Female,0,Yes,No,66,Yes,No,No,Yes,No,No internet service,No,No internet service,No,Month-to-month,Yes,Electronic check,90.33,5937.86,Yes
CUST-0194,Female,0,No,Yes,18,No,Yes,No,No,No,No,Yes,Yes,No,One year,No,Electronic check,72.33,1412.53,Yes
CUST-0195,Female,0,No,No,19,Yes,No,DSL,No internet service,Yes,No,No,No,No,Two year,No,Credit card (automatic),69.37,1298.75,No
CUST-0196,Male,1,Yes,Yes,70,Yes,No,Fiber optic,No,Yes,No,No,Yes,No internet service,Two year,Yes,Mailed check,42.68,2934.21,Yes
CUST-0197,Female,1,No,Yes,51,Yes,No,No,No internet service,Yes,No internet service,No,No internet service,No internet service,One year,Yes,Bank transfer (automatic),93.1,4827.52,Yes
CUST-0198,Male,0,Yes,Yes,32,Yes,Yes,Fiber optic,Yes,Yes,No internet service,No,No,No,Two year,Yes,Mailed check,35.16,1096.67,No
CUST-0199,Female,0,No,Yes,39,Yes,No phone service,Fiber optic,No,No,No,Yes,No,No,Month-to-month,No,Mailed check,37.34,1495.58,Yes
CUST-0200,Female,0,Yes,No,38,Yes,No,No,No,No,No internet service,No,No internet service,No internet service,Month-to-month,Yes,Bank transfer (automatic),64.55,2486.67,Yes
CUST-0201,Female,0,Yes,No,0,Yes,Yes,Fiber optic,No,No internet service,No,No,No,No,One year,Yes,Bank transfer (automatic),47.02, ,Yes
CUST-0202,Female,0,Yes,No,10,Yes,No,Fiber optic,No,Yes,Yes,No,No internet service,No internet service,Month-to-month,Yes,Electronic check,43.12,382.55,No
CUST-0203,Male,0,No,No,56,Yes,No,DSL,Yes,No,Yes,Yes,No,No,Month-to-month,Yes,Credit card (automatic),83.1,4651.19,Yes
CUST-0204,Male,0,No,No,49,Yes,No,DSL,Yes,No,No,No,No,No,Month-to-month,No,Bank transfer (automatic),83.67,4041.34,Yes
CUST-0205,Female,0,No,No,22,Yes,No,DSL,No,No,No,No,Yes,No,One year,Yes,Electronic check,101.11,2223.23,No
CUST-0206,Female,0,Yes,Yes,30,Yes,Yes,No,No,Yes,No internet service,No internet service,No internet service,Yes,Month-to-month,Yes,Electronic check,60.23,1845.54,Yes
CUST-0207,Female,0,Yes,Yes,41,Yes,Yes,Fiber optic,Yes,No,No internet service,No internet service,No,No,One year,Yes,Credit card (automatic),25.6,1135.49,Yes
CUST-0208,Male,0,No,No,6,Yes,No,Fiber optic,No,No internet service,Yes,No internet service,Yes,No,Month-to-month,Yes,Electronic check,45.75,220.11,No
CUST-0209,Female,0,Yes,Yes,15,Yes,Yes,No,No,Yes,Yes,No internet service,No internet service,No,Month-to-month,Yes,Electronic check,116.74,1738.58,Yes
CUST-0210,Male,0,Yes,No,59,Yes,No phone service,Fiber optic,No,No,No,No internet service,No,No,Month-to-month,Yes,Mailed check,78.17,4585.79,Yes
CUST-0211,Male,1,Yes,Yes,1,Yes,Yes,Fiber optic,No internet service,No,No,Yes,No,No,Month-to-month,No,Electronic check,89.58,103.27,No
CUST-0212,Female,0,No,No,0,Yes,Yes,DSL,No,No internet service,Yes,No,No internet service,Yes,Two year,No,Electronic check,18.99, ,No
CUST-0213,Male,1,Yes,No,47,Yes,No phone service,No,No internet service,No internet service,Yes,No,Yes,No,Month-to-month,No,Electronic check,70.33,3259.08,No
CUST-0214,Female,0,No,No,11,Yes,Yes,DSL,No,No,Yes,Yes,No,No,Month-to-month,No,Electronic check,22.02,157.62,No
CUST-0215,Male,0,Yes,Yes,68,Yes,No,DSL,No,Yes,No internet service,No,Yes,No,Month-to-month,No,Bank transfer (automatic),75.46,5059.36,Yes
CUST-0216,Female,0,No,Yes,36,Yes,Yes,DSL,Yes,No,Yes,Yes,No,No,Month-to-month,No,Electronic check,110.79,3955.42,Yes
CUST-0217,Male,1,No,No,31,Yes,No,DSL,No,No,No,No,No,No internet service,Month-to-month,No,Credit card (automatic),115.58,3666.52,Yes
CUST-0218,Female,0,No,No,8,Yes,No,DSL,No,No internet service,Yes,No,No,No,Month-to-month,Yes,Bank transfer (automatic),72.58,598.02,Yes
CUST-0219,Male,0,Yes,No,18,Yes,No,Fiber optic,No,No,No internet service,No,No,No internet service,Two year,No,Credit card (automatic),64.3,1160.65,No
CUST-0220,Male,1,No,Yes,47,Yes,No,DSL,No,No internet service,No,No internet service,Yes,No,One year,Yes,Bank transfer (automatic),113.22,5388.68,Yes
CUST-0221,Female,0,No,Yes,2,Yes,Yes,Fiber optic,Yes,No,No internet service,Yes,No,Yes,Month-to-month,No,Credit card (automatic),85.95,191.08,No
CUST-0222,Female,1,Yes,No,19,Yes,Yes,DSL,Yes,Yes,No,No,No,No,Month-to-month,No,Mailed check,24.77,494.51,No
CUST-0223,Male,1,No,No,23,No,No,DSL,No,No,No,Yes,No,No,Month-to-month,No,Electronic check,65.06,1472.73,Yes
CUST-0224,Male,0,No,Yes,53,Yes,No,Fiber optic,Yes,Yes,No,No,Yes,No,Month-to-month,Yes,Bank transfer (automatic),42.39,2214.8,Yes
CUST-0225,Male,0,No,Yes,32,No,No phone service,No,Yes,No,No internet service,No,Yes,Yes,One year,Yes,Credit card (automatic),65.47,2029.48,No
CUST-0226,Male,0,No,Yes,23,Yes,No,No,No,No internet service,Yes,No,No,Yes,Two year,Yes,Credit card (automatic),64.02,1442.41,No
CUST-0227,Male,0,Yes,Yes,71,Yes,No,No,Yes,No,No,Yes,No internet service,No,Month-to-month,No,Electronic check,76.76,5435.93,Yes
CUST-0228,Female,0,No,No,35,Yes,No,Fiber optic,No,No,No internet service,No internet service,No,No internet service,Two year,No,Electronic check,54.11,1911.09,Yes
CUST-0229,Male,0,No,No,37,Yes,Yes,Fiber optic,No,No,No,No,Yes,No,Month-to-month,No,Mailed check,34.76,1284.28,Yes
CUST-0230,Male,0,Yes,Yes,24,Yes,Yes,Fiber optic,No,No,No internet service,Yes,No internet service,No internet service,Month-to-month,Yes,Mailed check,68.87,1634.63,Yes
CUST-0231,Male,0,Yes,No,17,Yes,Yes,Fiber optic,No internet service,Yes,No,Yes,No internet service,No,Month-to-month,Yes,Electronic check,101.69,1683.15,No
CUST-0232,Male,0,No,Yes,65,Yes,Yes,DSL,Yes,Yes,No,Yes,No,No,Month-to-month,Yes,Mailed check,84.98,5543.66,Yes
CUST-0233,Female,0,Yes,No,53,Yes,No,Fiber optic,No,Yes,No,No internet service,No internet service,No internet service,Two year,No,Mailed check,52.26,2744.89,Yes
CUST-0234,Female,0,Yes,No,34,Yes,No,Fiber optic,No,No,No,No,No,No,Month-to-month,No,Bank transfer (automatic),112.27,3834.87,Yes
CUST-0235,Male,1,No,Yes,60,Yes,No,Fiber optic,No internet service,No,No,No internet service,Yes,Yes,Month-to-month,No,Electronic check,109.93,6500.14,Yes
CUST-0236,Male,0,No,No,40,Yes,Yes,Fiber optic,No,No internet service,No,No,Yes,No internet service,Two year,No,Mailed check,39.29,1588.42,No
CUST-0237,Male,0,Yes,No,32,Yes,Yes,DSL,No,No,Yes,Yes,No,Yes,Two year,Yes,Credit card (automatic),22.21,748.07,No
CUST-0238,Male,0,Yes,No,67,Yes,No phone service,Fiber optic,Yes,No,No,No,No,No internet service,One year,No,Electronic check,92.75,6245.23,Yes
CUST-0239,Female,0,Yes,Yes,32,Yes,No,DSL,No,Yes,No internet service,No,No,Yes,Two year,Yes,Electronic check,101.42,3235.6,Yes
CUST-0240,Female,0,No,No,13,No,No,No,No,Yes,No,Yes,No,No internet service,Month-to-month,Yes,Electronic check,115.52,1547.53,Yes
CUST-0241,Female,0,No,No,20,Yes,No,DSL,No,Yes,No,No internet service,Yes,No internet service,Two year,Yes,Electronic check,107.68,2089.95,No
CUST-0242,Male,0,No,No,47,Yes,No,DSL,No,No,No,No internet service,Yes,No,One year,No,Mailed check,78.6,3689.74,Yes
CUST-0243,Male,0,No,Yes,19,Yes,Yes,No,Yes,No,Yes,No,Yes,No internet service,Two year,No,Electronic check,71.52,1349.21,Yes
CUST-0244,Male,1,Yes,No,7,Yes,Yes,Fiber optic,No,No internet service,No internet service,No,No,No,Two year,Yes,Credit card (automatic),21.05,199.17,No
CUST-0245,Male,0,Yes,Yes,6,Yes,Yes,DSL,No,Yes,No,No,No,No,Month-to-month,No,Electronic check,43.04,157.22,No
CUST-0246,Female,0,No,Yes,66,Yes,Yes,Fiber optic,No,No,No,Yes,No,No internet service,Two year,No,Bank transfer (automatic),64.44,4200.13,Yes
CUST-0247,Male,0,No,Yes,16,Yes,Yes,DSL,Yes,No,No,No,No,Yes,Month-to-month,Yes,Credit card (automatic),81.41,1389.92,No
CUST-0248,Male,0,Yes,No,32,Yes,Yes,DSL,No,No,No,No,No,No,Month-to-month,No,Electronic check,74.25,2254.47,Yes
CUST-0249,Female,0,Yes,No,47,Yes,No,DSL,No internet service,No,No,No,No,No internet service,Month-to-month,Yes,Credit card (automatic),92.88,4406.08,Yes
CUST-0250,Male,0,Yes,No,58,Yes,No,Fiber optic,Yes,Yes,No internet service,Yes,No,No,Two year,No,Electronic check,46.37,2654.44,Yes
CUST-0251,Male,1,Yes,Yes,21,Yes,Yes,No,Yes,No internet service,No,No,No internet service,No internet service,Month-to-month,Yes,Mailed check,75.03,1588.37,No
CUST-0252,Male,0,No,No,29,Yes,No,Fiber optic,No,No,No internet service,No internet service,Yes,No,Month-to-month,No,Bank transfer (automatic),27.11,856.88,No
CUST-0253,Male,0,No,Yes,37,Yes,No,Fiber optic,Yes,No,No internet service,No,No,No internet service,Month-to-month,Yes,Bank transfer (automatic),59.82,2228.0,Yes
CUST-0254,Female,0,No,No,50,Yes,No,DSL,No internet service,No,No internet service,No,No,No,Two year,No,Mailed check,93.64,4753.73,No
CUST-0255,Female,0,Yes,No,53,Yes,No,Fiber optic,No internet service,No internet service,Yes,Yes,No internet service,No,Month-to-month,No,Bank transfer (automatic),87.94,4636.2,Yes
CUST-0256,Male,0,Yes,No,7,Yes,Yes,No,No,Yes,No,No,No,No,Two year,Yes,Mailed check,117.81,806.66,No
CUST-0257,Female,1,Yes,No,26,Yes,Yes,DSL,No,No,No internet service,No,Yes,Yes,Two year,No,Credit card (automatic),46.18,1240.02,No
CUST-0258,Male,0,Yes,No,26,Yes,No,No,No,Yes,Yes,No,No,No,Month-to-month,Yes,Bank transfer (automatic),68.32,1754.35,No
CUST-0259,Female,1,No,No,20,Yes,No,Fiber optic,No,No,No,Yes,Yes,Yes,Month-to-month,Yes,Electronic check,51.37,1057.27,Yes
CUST-0260,Female,0,No,Yes,29,Yes,No,No,No,No,No,No,No,No,One year,Yes,Mailed check,62.53,1872.56,Yes
CUST-0261,Female,0,Yes,No,27,No,Yes,DSL,Yes,No,No internet service,No internet service,No,No,Two year,No,Credit card (automatic),104.37,2861.41,Yes
CUST-0262,Male,0,No,No,63,Yes,No,DSL,Yes,Yes,No,No internet service,No,No internet service,One year,Yes,Electronic check,87.01,5402.68,Yes
CUST-0263,Male,0,No,Yes,68,Yes,Yes,Fiber optic,No,No,No internet service,No,Yes,Yes,Month-to-month,No,Bank transfer (automatic),106.94,7254.85,Yes
CUST-0264,Male,1,No,No,60,Yes,No phone service,No,No,No,No,Yes,No internet service,Yes,Two year,No,Credit card (automatic),38.7,2336.09,No
CUST-0265,Male,0,Yes,No,47,Yes,Yes,DSL,No,No internet service,Yes,No,No internet service,No,Month-to-month,No,Bank transfer (automatic),106.02,4970.75,Yes
CUST-0266,Female,0,No,Yes,18,Yes,No phone service,No,Yes,Yes,No,No,No,Yes,One year,Yes,Electronic check,24.26,440.65,No
CUST-0267,Female,0,No,No,3,Yes,No phone service,DSL,No,No internet service,No,Yes,No,No,Two year,No,Mailed check,107.55,337.4,No
CUST-0268,Male,1,No,No,34,Yes,No,DSL,Yes,No internet service,No,No,No,No,Month-to-month,Yes,Bank transfer (automatic),51.32,1718.55,No
CUST-0269,Female,1,Yes,No,63,Yes,Yes,Fiber optic,No,No,No internet service,No,No,Yes,Two year,Yes,Electronic check,49.87,3132.14,Yes
CUST-0270,Female,0,Yes,Yes,48,Yes,Yes,Fiber optic,Yes,No,No,No,No internet service,No internet service,One year,Yes,Bank transfer (automatic),69.71,3287.03,Yes
CUST-0271,Female,0,No,No,16,No,No,No,No,No,Yes,No internet service,Yes,No,Two year,No,Bank transfer (automatic),112.79,1780.75,No
CUST-0272,Male,0,No,No,43,Yes,No,Fiber optic,Yes,No internet service,No,No internet service,Yes,Yes,Month-to-month,No,Mailed check,23.05,914.82,Yes
CUST-0273,Male,0,No,No,29,Yes,No,DSL,Yes,No,No,No,Yes,Yes,Month-to-month,Yes,Mailed check,53.65,1561.67,Yes
CUST-0274,Female,0,Yes,No,45,Yes,Yes,Fiber optic,No internet service,Yes,No internet service,No internet service,No,Yes,Two year,Yes,Mailed check,104.34,4685.64,Yes
CUST-0275,Male,0,No,No,5,No,No,DSL,Yes,No,No,No internet service,No,No,Month-to-month,Yes,Electronic check,58.05,244.46,Yes
CUST-0276,Male,0,No,No,36,Yes,No,Fiber optic,No,No,No,No internet service,No,No internet service,Month-to-month,Yes,Mailed check,38.27,1466.98,No
CUST-0277,Female,0,No,No,23,Yes,Yes,Fiber optic,No,No,Yes,No,No,No,Two year,Yes,Electronic check,60.94,1389.35,Yes
CUST-0278,Male,0,Yes,No,45,Yes,No,DSL,Yes,No internet service,No,No,Yes,No,Month-to-month,Yes,Bank transfer (automatic),57.0,2579.33,Yes
CUST-0279,Female,0,Yes,No,52,No,Yes,Fiber optic,No,No,No,Yes,No,No internet service,Two year,No,Credit card (automatic),110.25,5701.07,No
CUST-0280,Male,0,Yes,No,59,Yes,No,Fiber optic,No,No,Yes,No internet service,No,Yes,Month-to-month,No,Bank transfer (automatic),94.82,5573.66,Yes
CUST-0281,Male,0,No,Yes,62,Yes,No,Fiber optic,Yes,No internet service,No,No,No,Yes,Month-to-month,Yes,Mailed check,69.01,4294.84,Yes
CUST-0282,Female,0,Yes,No,31,Yes,No,Fiber optic,No,Yes,Yes,Yes,No,No internet service,One year,Yes,Electronic check,117.58,3628.37,Yes
CUST-0283,Male,0,No,No,32,Yes,No,DSL,No,No,No,No internet service,No,Yes,One year,Yes,Mailed check,65.01,2080.49,No
CUST-0284,Male,0,Yes,No,66,Yes,Yes,DSL,No,No,No,No,No,Yes,One year,No,Credit card (automatic),24.1,1630.94,Yes
CUST-0285,Female,0,Yes,No,17,Yes,Yes,DSL,No internet service,No,Yes,Yes,No internet service,No,Month-to-month,No,Electronic check,44.61,732.47,No
CUST-0286,Male,0,No,Yes,24,Yes,Yes,DSL,Yes,No,No,No,No internet service,No internet service,Two year,No,Bank transfer (automatic),62.08,1423.31,No
CUST-0287,Male,0,Yes,Yes,53,Yes,No phone service,Fiber optic,No internet service,No internet service,Yes,No,No internet service,No,Month-to-month,Yes,Electronic check,34.02,1726.75,Yes
CUST-0288,Female,0,No,Yes,57,Yes,No,No,Yes,No,No internet service,No,Yes,No,Month-to-month,Yes,Credit card (automatic),113.48,6540.28,Yes
CUST-0289,Female,0,Yes,Yes,66,Yes,Yes,Fiber optic,No,Yes,Yes,No,No,No internet service,Month-to-month,No,Bank transfer (automatic),95.32,6337.68,No
CUST-0290,Female,0,No,No,45,Yes,No,Fiber optic,Yes,No,No,No,No,No,One year,Yes,Mailed check,45.21,2067.24,No
CUST-0291,Female,0,Yes,No,23,Yes,Yes,Fiber optic,No,Yes,No internet service,No internet service,Yes,No,Month-to-month,No,Electronic check,77.63,1763.69,Yes
CUST-0292,Female,0,No,Yes,31,Yes,Yes,DSL,No,Yes,Yes,No,No internet service,No,Month-to-month,Yes,Electronic check,90.76,2746.91,No
CUST-0293,Female,0,Yes,No,46,Yes,No,No,No,No,No internet service,Yes,Yes,No,Month-to-month,Yes,Bank transfer (automatic),112.85,5176.98,Yes
CUST-0294,Female,0,Yes,No,22,Yes,Yes,No,Yes,Yes,No,No internet service,Yes,Yes,Month-to-month,No,Credit card (automatic),106.85,2346.03,No
CUST-0295,Female,0,No,Yes,65,Yes,No,Fiber optic,No,No,No,Yes,Yes,No,Month-to-month,No,Credit card (automatic),70.03,4495.37,Yes
CUST-0296,Male,0,Yes,No,26,Yes,Yes,DSL,No,No,No internet service,No,No,No internet service,One year,Yes,Credit card (automatic),96.1,2425.12,Yes
CUST-0297,Male,0,No,No,1,Yes,No,Fiber optic,No internet service,No,No internet service,Yes,No,Yes,Month-to-month,No,Bank transfer (automatic),74.75,-11.77,Yes
CUST-0298,Female,0,No,Yes,16,Yes,Yes,DSL,No,No,No,Yes,No internet service,No internet service,Two year,No,Electronic check,73.8,1213.67,Yes
CUST-0299,Male,0,No,No,32,Yes,Yes,Fiber optic,No,No,No internet service,Yes,No internet service,No,One year,Yes,Electronic check,29.78,892.69,Yes
CUST-0300,Female,0,Yes,Yes,8,Yes,No phone service,No,No internet service,No,Yes,No,No,No,Month-to-month,Yes,Electronic check,30.93,262.91,Yes
CUST-0301,Female,0,Yes,No,42,Yes,No,DSL,No,Yes,No,Yes,No,No,One year,No,Electronic check,71.47,2981.85,Yes
CUST-0302,Male,0,Yes,No,47,Yes,No phone service,No,No,No,No internet service,No,No,Yes,Month-to-month,Yes,Credit card (automatic),45.27,2157.17,Yes
CUST-0303,Female,0,No,Yes,38,Yes,Yes,No,No internet service,No internet service,Yes,No,Yes,No,Two year,No,Bank transfer (automatic),20.36,790.47,No
CUST-0304,Male,0,Yes,No,41,Yes,Yes,No,No,No internet service,No,No,No,No,Two year,Yes,Mailed check,90.9,3715.3,No
CUST-0305,Female,0,No,No,25,Yes,Yes,Fiber optic,No internet service,No internet service,No internet service,No,No internet service,No,Month-to-month,No,Mailed check,21.51,544.27,Yes
CUST-0306,Female,1,No,No,49,Yes,Yes,DSL,No,No,No,No internet service,Yes,No,One year,Yes,Electronic check,78.08,3820.4,Yes
CUST-0307,Male,0,Yes,No,24,Yes,No,Fiber optic,Yes,No,Yes,No internet service,Yes,Yes,Month-to-month,Yes,Credit card (automatic),72.44,1707.79,Yes
CUST-0308,Female,0,No,Yes,23,Yes,Yes,Fiber optic,No internet service,No,No internet service,No,Yes,No internet service,Month-to-month,Yes,Electronic check,115.62,2708.26,Yes
CUST-0309,Female,0,No,Yes,12,Yes,Yes,DSL,Yes,No,No,Yes,No,No,Two year,No,Electronic check,66.91,781.77,No
CUST-0310,Male,0,No,No,59,Yes,Yes,Fiber optic,No,No,Yes,No internet service,No,No,Month-to-month,Yes,Electronic check,24.64,1449.42,Yes
CUST-0311,Female,1,No,No,6,No,Yes,Fiber optic,No,No,No internet service,Yes,No,No,Month-to-month,Yes,Electronic check,73.69,371.38,Yes
CUST-0312,Female,0,Yes,No,56,Yes,No phone service,DSL,Yes,Yes,No,No internet service,No,No internet service,Month-to-month,No,Credit card (automatic),102.78,5769.38,Yes
CUST-0313,Male,0,Yes,No,35,Yes,Yes,DSL,Yes,Yes,No,No,Yes,No,One year,Yes,Electronic check,118.43,4114.52,No
CUST-0314,Female,0,Yes,Yes,44,Yes,No,DSL,No,No,No,No internet service,No,Yes,Month-to-month,No,Credit card (automatic),61.5,2682.16,Yes
CUST-0315,Female,1,No,Yes,19,Yes,No,Fiber optic,No,No,No,No,Yes,Yes,Two year,No,Bank transfer (automatic),50.44,916.38,Yes
CUST-0316,Male,0,No,No,64,Yes,Yes,Fiber optic,Yes,No internet service,No,No,No,No internet service,Month-to-month,No,Mailed check,109.37,6993.48,Yes
CUST-0317,Female,0,Yes,Yes,7,Yes,No,DSL,No internet service,No internet service,No,Yes,No,No,Month-to-month,No,Electronic check,37.47,161.97,No
CUST-0318,Female,1,Yes,No,15,Yes,No,No,Yes,No,No internet service,No internet service,No internet service,No internet service,One year,Yes,Mailed check,80.1,1235.62,No
CUST-0319,Female,1,Yes,No,13,Yes,No,DSL,No,No internet service,No,No,Yes,No,Month-to-month,Yes,Mailed check,59.02,765.33,No
CUST-0320,Female,0,No,No,14,Yes,Yes,Fiber optic,No,Yes,No internet service,No,No,No,One year,Yes,Bank transfer (automatic),22.38,289.96,No
CUST-0321,Female,0,Yes,Yes,65,Yes,No,Fiber optic,Yes,No,Yes,No,No internet service,Yes,Month-to-month,No,Mailed check,53.15,3377.34,Yes
CUST-0322,Male,0,Yes,No,31,Yes,Yes,No,No,No internet service,No,No,No,No internet service,Month-to-month,Yes,Credit card (automatic),44.91,1413.86,Yes
CUST-0323,Male,0,No,No,62,Yes,Yes,DSL,No,No,No,Yes,No internet service,No,Month-to-month,Yes,Credit card (automatic),87.2,5374.68,Yes
CUST-0324,Female,1,Yes,No,50,No,No,No,No,No internet service,No internet service,Yes,No internet service,No,Two year,No,Credit card (automatic),113.6,5745.3,Yes
CUST-0325,Female,0,No,No,24,No,Yes,No,No internet service,Yes,No internet service,No,No,No,One year,No,Electronic check,45.19,1108.88,No
CUST-0326,Female,0,No,No,57,No,No,Fiber optic,Yes,No,No,No,No,No,Two year,No,Bank transfer (automatic),99.8,5765.33,Yes
CUST-0327,Female,0,No,No,62,Yes,No,Fiber optic,No internet service,No,No,Yes,Yes,Yes,Month-to-month,Yes,Mailed check,23.81,1483.07,Yes
CUST-0328,Male,0,No,Yes,61,No,No,DSL,Yes,No internet service,No,Yes,No,No,One year,Yes,Mailed check,72.33,4466.02,Yes
CUST-0329,Female,1,No,No,21,Yes,No,Fiber optic,Yes,No,Yes,No,No,No,Month-to-month,Yes,Mailed check,25.34,555.28,Yes
CUST-0330,Male,0,Yes,No,57,Yes,Yes,Fiber optic,No internet service,No,No,No,No,No,Two year,Yes,Credit card (automatic),112.12,6368.29,Yes
CUST-0331,Female,0,No,Yes,57,Yes,No,Fiber optic,No,No,No internet service,No internet service,Yes,No internet service,One year,No,Mailed check,95.27,5439.75,Yes
CUST-0332,Female,0,No,Yes,48,Yes,No,Fiber optic,No,No internet service,No internet service,Yes,No internet service,No internet service,One year,Yes,Electronic check,84.37,4008.06,Yes
CUST-0333,Female,0,Yes,Yes,51,Yes,No,Fiber optic,No,No,No,No,No internet service,No,Month-to-month,Yes,Electronic check,101.05,5256.99,Yes
CUST-0334,Female,0,No,No,41,Yes,No,DSL,No internet service,No internet service,No,No internet service,No,No,Month-to-month,No,Mailed check,83.33,3411.49,Yes
CUST-0335,Female,0,Yes,No,69,Yes,No phone service,DSL,No,Yes,No internet service,No,No,Yes,Month-to-month,No,Mailed check,115.63,7979.78,Yes
CUST-0336,Female,1,Yes,Yes,14,No,No phone service,DSL,No,No internet service,No internet service,No,No,No internet service,Two year,No,Mailed check,90.0,1279.5,No
CUST-0337,Male,0,Yes,No,53,Yes,No,DSL,No,Yes,Yes,No internet service,Yes,Yes,Month-to-month,No,Mailed check,111.18,5838.19,No
CUST-0338,Male,0,No,No,59,No,No,Fiber optic,No,No,No,No,No internet service,Yes,Month-to-month,No,Electronic check,70.22,4209.05,Yes
CUST-0339,Male,0,Yes,Yes,7,Yes,No,No,No,No,Yes,No,No,No,Month-to-month,Yes,Mailed check,30.01,158.8,No
CUST-0340,Female,0,No,No,52,Yes,No,Fiber optic,No,No,No internet service,No,No,No,Month-to-month,Yes,Mailed check,71.33,3646.59,Yes
CUST-0341,Female,0,No,Yes,59,Yes,No,Fiber optic,No internet service,No internet service,No,No,No internet service,No internet service,Month-to-month,No,Electronic check,31.0,1820.67,Yes
CUST-0342,Male,0,No,No,4,Yes,No,Fiber optic,No internet service,No internet service,No,No internet service,No internet service,No internet service,Two year,Yes,Electronic check,77.8,247.24,No
CUST-0343,Male,0,No,No,67,Yes,No phone service,DSL,No,No internet service,Yes,No,No,No,One year,No,Bank transfer (automatic),66.74,4549.68,Yes
CUST-0344,Male,0,Yes,No,5,No,No,Fiber optic,No,No internet service,No,Yes,No internet service,No,Two year,No,Credit card (automatic),80.82,392.56,Yes
CUST-0345,Female,0,No,Yes,46,No,No,DSL,No,No,No,Yes,No internet service,Yes,Two year,No,Credit card (automatic),19.26,724.9,No
CUST-0346,Female,0,No,No,54,Yes,No,Fiber optic,Yes,No,No internet service,Yes,No,No,Month-to-month,No,Credit card (automatic),37.83,2052.82,Yes
CUST-0347,Female,0,Yes,Yes,39,No,Yes,DSL,No,Yes,No internet service,No,No internet service,No,Month-to-month,Yes,Mailed check,67.63,2665.25,Yes
CUST-0348,Male,0,Yes,No,51,Yes,Yes,DSL,No internet service,No,Yes,No internet service,No,No,Month-to-month,Yes,Electronic check,113.78,5781.71,Yes
CUST-0349,Female,0,Yes,Yes,15,Yes,Yes,Fiber optic,No internet service,No,No,No,Yes,No internet service,Two year,No,Electronic check,56.8,784.21,No
CUST-0350,Female,0,Yes,Yes,12,Yes,No,No,No internet service,No,No,Yes,No internet service,No internet service,Month-to-month,Yes,Bank transfer (automatic),60.9,725.63,No
CUST-0351,Male,0,Yes,Yes,29,Yes,No phone service,Fiber optic,Yes,No internet service,No,Yes,No,No internet service,Month-to-month,No,Electronic check,90.08,2588.23,No
CUST-0352,Male,0,No,No,18,Yes,Yes,No,No internet service,No internet service,Yes,No,No,No internet service,Month-to-month,No,Credit card (automatic),78.93,1371.96,No
CUST-0353,Male,0,No,No,16,Yes,No,Fiber optic,No,No,No,No internet service,Yes,No internet service,Month-to-month,Yes,Bank transfer (automatic),48.29,719.45,Yes
CUST-0354,Female,0,No,No,62,Yes,Yes,Fiber optic,No,No,Yes,No,Yes,No,Month-to-month,Yes,Mailed check,59.54,3699.29,Yes
CUST-0355,Male,0,No,Yes,18,Yes,No,Fiber optic,No,No,No,Yes,No internet service,No,Month-to-month,No,Mailed check,40.13,767.49,Yes
CUST-0356,Female,1,No,No,57,Yes,Yes,No,Yes,No,No,No internet service,No,No internet service,Two year,Yes,Mailed check,115.34,6597.46,Yes
CUST-0357,Female,0,Yes,No,54,Yes,No phone service,DSL,Yes,No,No internet service,Yes,Yes,No internet service,Two year,Yes,Bank transfer (automatic),31.38,1608.12,No
CUST-0358,Female,0,No,No,61,No,Yes,DSL,No internet service,No,Yes,Yes,Yes,No,Month-to-month,Yes,Electronic check,55.62,3423.59,No
CUST-0359,Female,0,No,No,22,Yes,Yes,DSL,Yes,No internet service,No internet service,No,Yes,Yes,Month-to-month,Yes,Electronic check,20.85,497.32,No
CUST-0360,Female,0,No,Yes,8,Yes,No,Fiber optic,No,Yes,No internet service,No,No,No,Two year,No,Electronic check,40.54,394.0,No
CUST-0361,Male,1,Yes,No,11,Yes,Yes,No,Yes,No,No,No,Yes,Yes,Month-to-month,Yes,Electronic check,96.69,1016.1,No
CUST-0362,Male,0,No,No,0,Yes,Yes,Fiber optic,No,No,No internet service,Yes,No,No internet service,Two year,Yes,Bank transfer (automatic),38.47, ,Yes
CUST-0363,Male,0,Yes,Yes,57,Yes,Yes,Fiber optic,No internet service,No internet service,No,No,No internet service,No,Month-to-month,Yes,Mailed check,26.3,1527.48,Yes
CUST-0364,Male,0,No,No,0,Yes,Yes,No,No internet service,No,No internet service,No,No,No,One year,Yes,Credit card (automatic),65.93, ,No
CUST-0365,Female,0,No,No,33,Yes,No phone service,Fiber optic,No,No,Yes,No internet service,No,No internet service,One year,Yes,Electronic check,19.25,662.85,Yes
CUST-0366,Male,0,No,Yes,47,Yes,No,Fiber optic,Yes,No,No,Yes,No internet service,No,One year,No,Mailed check,26.77,1256.99,No
CUST-0367,Female,0,Yes,No,0,No,Yes,No,Yes,No,No,No internet service,No,No,Two year,Yes,Credit card (automatic),99.42, ,No
CUST-0368,Male,0,No,No,15,Yes,Yes,Fiber optic,No internet service,No,No,Yes,No,No,Month-to-month,No,Electronic check,95.78,1398.64,No
CUST-0369,Female,0,No,No,60,Yes,Yes,Fiber optic,No,No internet service,No,No,No,Yes,Month-to-month,No,Mailed check,110.22,6675.66,Yes
CUST-0370,Female,0,Yes,No,63,Yes,No,DSL,No internet service,No,No internet service,No,No,No internet service,Month-to-month,Yes,Credit card (automatic),104.13,6510.37,Yes
CUST-0371,Female,0,No,No,62,Yes,Yes,DSL,Yes,Yes,Yes,No internet service,No internet service,No,Two year,Yes,Credit card (automatic),86.91,5330.02,Yes
CUST-0372,Male,0,Yes,Yes,68,Yes,No,Fiber optic,Yes,No,No,No,No,No internet service,Month-to-month,No,Credit card (automatic),23.51,1615.9,Yes
CUST-0373,Female,0,Yes,No,21,Yes,No,Fiber optic,No,No,Yes,No,No,No,Two year,Yes,Electronic check,96.93,2034.0,No
CUST-0374,Male,1,No,No,66,Yes,Yes,No,Yes,Yes,No internet service,Yes,Yes,No internet service,Month-to-month,No,Electronic check,103.22,6746.94,Yes
CUST-0375,Female,0,No,No,25,Yes,No,No,No,No internet service,Yes,No,Yes,No,Month-to-month,No,Electronic check,98.56,2438.03,No
CUST-0376,Female,0,Yes,Yes,15,Yes,Yes,No,No,Yes,No,No,Yes,No internet service,One year,Yes,Credit card (automatic),69.35,999.41,No
CUST-0377,Female,0,Yes,No,50,Yes,Yes,DSL,No internet service,No,No,Yes,Yes,No internet service,Month-to-month,No,Electronic check,41.66,2050.92,Yes
CUST-0378,Male,0,No,No,56,No,No,No,No internet service,No,No internet service,No,Yes,No internet service,Month-to-month,Yes,Electronic check,103.21,5906.01,Yes
CUST-0379,Female,0,No,Yes,28,Yes,Yes,Fiber optic,Yes,Yes,No internet service,No internet service,Yes,No internet service,Month-to-month,Yes,Mailed check,91.33,2542.11,No
CUST-0380,Male,0,No,No,68,Yes,Yes,Fiber optic,No internet service,No,No internet service,No internet service,Yes,No,Month-to-month,No,Bank transfer (automatic),116.82,7899.7,Yes
CUST-0381,Male,0,No,Yes,46,Yes,No,Fiber optic,Yes,No internet service,No,No,No,No internet service,One year,Yes,Credit card (automatic),33.9,1660.49,No
CUST-0382,Male,1,Yes,Yes,61,Yes,Yes,DSL,Yes,No internet service,No,No internet service,No,Yes,One year,Yes,Bank transfer (automatic),40.93,2541.14,Yes
CUST-0383,Female,0,No,Yes,68,Yes,No phone service,DSL,No,No,Yes,No,No,No,Month-to-month,Yes,Credit card (automatic),39.54,2724.96,Yes
CUST-0384,Female,0,No,No,15,Yes,No,No,Yes,Yes,No,No,Yes,No,Month-to-month,Yes,Credit card (automatic),97.9,1426.85,No
CUST-0385,Male,1,No,No,47,Yes,Yes,Fiber optic,Yes,No,No,No internet service,No internet service,No internet service,Month-to-month,Yes,Bank transfer (automatic),37.03,1799.98,Yes
CUST-0386,Male,0,No,No,38,Yes,No,Fiber optic,No,Yes,No internet service,No,No internet service,No,Month-to-month,No,Bank transfer (automatic),24.95,988.91,Yes
CUST-0387,Female,0,No,No,32,Yes,No,Fiber optic,Yes,No internet service,No,No,No,No,Two year,Yes,Mailed check,118.61,3802.87,No
CUST-0388,Female,0,No,No,22,Yes,No phone service,No,No internet service,No,No,No,No internet service,No,Two year,No,Credit card (automatic),20.74,370.46,No
CUST-0389,Female,0,No,No,9,Yes,Yes,Fiber optic,Yes,No internet service,No,No,No,No,Month-to-month,No,Electronic check,102.19,918.71,Yes
CUST-0390,Female,0,Yes,Yes,68,Yes,No,Fiber optic,No,Yes,No,No,No,No internet service,Month-to-month,Yes,Mailed check,54.97,3824.46,Yes
CUST-0391,Female,0,Yes,No,33,Yes,No,DSL,No,No internet service,No internet service,No internet service,No internet service,No internet service,Two year,Yes,Bank transfer (automatic),102.83,3404.41,Yes
CUST-0392,Male,0,Yes,No,51,Yes,No phone service,DSL,No,No,No,No internet service,No,No,Month-to-month,Yes,Bank transfer (automatic),73.99,3754.67,Yes
CUST-0393,Female,0,No,No,9,Yes,No,No,Yes,No internet service,No,No internet service,Yes,No,Month-to-month,No,Electronic check,108.86,968.32,Yes
CUST-0394,Male,1,Yes,No,18,Yes,Yes,Fiber optic,Yes,Yes,No,No,No,No,Two year,No,Credit card (automatic),111.33,1995.98,No
CUST-0395,Female,0,No,Yes,57,Yes,Yes,Fiber optic,No,No internet service,No,No internet service,Yes,No internet service,Month-to-month,No,Electronic check,19.16,1052.14,Yes
CUST-0396,Female,0,No,No,0,Yes,Yes,Fiber optic,No,No,No internet service,No,No,No,Month-to-month,No,Electronic check,25.83, ,No
CUST-0397,Female,1,No,No,68,Yes,No,No,No,Yes,No internet service,No internet service,Yes,No internet service,Two year,No,Bank transfer (automatic),43.41,3024.02,Yes
CUST-0398,Male,0,No,Yes,3,Yes,Yes,Fiber optic,No,No,No,No,Yes,No internet service,One year,No,Bank transfer (automatic),85.52,323.03,Yes
CUST-0399,Male,0,No,No,15,Yes,No,Fiber optic,No,No,No,Yes,No,No,Month-to-month,No,Credit card (automatic),107.52,1575.08,Yes
CUST-0400,Male,0,No,No,23,Yes,Yes,Fiber optic,No,No,No,No,No,No,Month-to-month,Yes,Bank transfer (automatic),64.47,1546.6,No
CUST-0401,Male,0,No,No,1,Yes,No,DSL,No internet service,No,No,No,No,No internet service,Month-to-month,Yes,Bank transfer (automatic),79.25,117.31,No
CUST-0402,Female,0,Yes,No,31,Yes,Yes,No,No internet service,No,Yes,No,No,No,Two year,Yes,Mailed check,37.19,1184.56,Yes
CUST-0403,Female,0,No,No,23,Yes,No,No,No,Yes,No,No,No,No internet service,Month-to-month,Yes,Electronic check,99.15,2302.05,Yes
CUST-0404,Female,1,No,No,11,Yes,No,No,No,No,Yes,Yes,No,No,Month-to-month,Yes,Credit card (automatic),115.47,1223.65,Yes
CUST-0405,Female,0,Yes,No,49,Yes,No,No,No internet service,No,Yes,No,No internet service,No internet service,Two year,Yes,Bank transfer (automatic),45.24,2196.48,No
CUST-0406,Female,0,No,No,34,Yes,No,No,Yes,No,No internet service,No,No,No internet service,Month-to-month,No,Credit card (automatic),67.98,2352.97,No
CUST-0407,Male,1,No,No,32,Yes,No,Fiber optic,No internet service,No,No,Yes,No internet service,No,Month-to-month,Yes,Electronic check,26.9,800.46,Yes
CUST-0408,Female,0,No,Yes,32,Yes,Yes,No,No,No,No,Yes,No,No,Month-to-month,Yes,Electronic check,74.44,2330.04,Yes
CUST-0409,Male,0,Yes,Yes,60,Yes,No,Fiber optic,No,No,No,No,No internet service,No,Month-to-month,No,Electronic check,68.78,4142.11,Yes
CUST-0410,Male,1,Yes,No,50,Yes,No phone service,DSL,No,No,No,No,Yes,No,Month-to-month,Yes,Credit card (automatic),32.77,1599.02,Yes
CUST-0411,Male,0,No,No,42,No,No,Fiber optic,No,Yes,No,No,No,Yes,Two year,Yes,Credit card (automatic),62.68,2673.75,No
CUST-0412,Male,0,Yes,No,11,Yes,No,No,No internet service,No,No,No,No internet service,No internet service,Two year,Yes,Electronic check,51.83,532.42,No
CUST-0413,Male,0,Yes,No,66,Yes,No,Fiber optic,No,No internet service,No internet service,No,No,No,Month-to-month,No,Electronic check,70.69,4677.76,Yes
CUST-0414,Male,0,Yes,Yes,64,Yes,Yes,No,No,Yes,No,No internet service,No internet service,No,Month-to-month,Yes,Electronic check,77.11,4951.44,No
CUST-0415,Female,0,Yes,No,32,Yes,No,DSL,No internet service,Yes,Yes,No,No,No,One year,No,Credit card (automatic),19.1,587.1,No
CUST-0416,Female,0,Yes,No,39,Yes,No,DSL,No internet service,No internet service,No,Yes,No internet service,No,Month-to-month,Yes,Mailed check,94.73,3682.49,Yes
CUST-0417,Female,0,No,Yes,42,Yes,No phone service,Fiber optic,No,No internet service,Yes,No,No internet service,No,Month-to-month,Yes,Electronic check,89.91,3742.22,Yes
CUST-0418,Female,0,Yes,No,43,Yes,No,DSL,No,Yes,No,No,No internet service,No,Two year,Yes,Bank transfer (automatic),55.06,2366.65,No
CUST-0419,Male,0,No,No,28,Yes,Yes,DSL,Yes,No internet service,No,Yes,No,No internet service,Month-to-month,Yes,Bank transfer (automatic),23.57,611.88,Yes
CUST-0420,Female,0,Yes,Yes,12,Yes,Yes,DSL,No internet service,No,Yes,No,No internet service,Yes,Month-to-month,Yes,Credit card (automatic),94.12,1118.26,Yes
CUST-0421,Male,0,No,No,11,Yes,Yes,No,No internet service,No,Yes,Yes,No,No internet service,Month-to-month,Yes,Bank transfer (automatic),114.25,1294.17,Yes
CUST-0422,Male,1,No,Yes,45,Yes,Yes,DSL,No internet service,No,Yes,Yes,No internet service,Yes,Month-to-month,No,Electronic check,42.39,1850.71,Yes
CUST-0423,Female,0,No,Yes,1,Yes,Yes,DSL,Yes,Yes,No internet service,Yes,Yes,No,Month-to-month,Yes,Electronic check,50.76,26.41,Yes
CUST-0424,Male,0,No,No,34,Yes,No,DSL,No internet service,Yes,Yes,Yes,No,Yes,Month-to-month,No,Credit card (automatic),36.72,1274.39,Yes
CUST-0425,Female,0,No,Yes,7,Yes,Yes,Fiber optic,No,No,No internet service,No,No,No internet service,Month-to-month,Yes,Mailed check,76.23,429.73,Yes
CUST-0426,Female,0,No,No,25,Yes,No,Fiber optic,No,Yes,Yes,No,No internet service,No,One year,Yes,Credit card (automatic),33.81,938.03,No
CUST-0427,Female,0,No,No,33,Yes,Yes,Fiber optic,No internet service,No,No internet service,No,No,No internet service,Month-to-month,Yes,Credit card (automatic),54.05,1835.91,No
CUST-0428,Female,0,Yes,No,6,Yes,No,Fiber optic,Yes,No,No,Yes,Yes,No,Month-to-month,No,Mailed check,88.3,452.88,No
CUST-0429,Female,0,Yes,Yes,67,Yes,No,DSL,No,No,Yes,No internet service,No,No internet service,One year,No,Bank transfer (automatic),74.54,4888.97,Yes
CUST-0430,Female,0,No,No,57,Yes,No,Fiber optic,No,No,No,No,No internet service,No,Two year,Yes,Electronic check,57.09,3255.61,Yes
CUST-0431,Female,0,No,Yes,28,No,Yes,No,No,No,No internet service,Yes,No,No,Month-to-month,Yes,Bank transfer (automatic),60.49,1637.71,No
CUST-0432,Female,0,Yes,Yes,35,Yes,Yes,DSL,No,No internet service,No,Yes,No,No,Month-to-month,No,Credit card (automatic),74.74,2663.97,No
CUST-0433,Male,0,No,No,20,Yes,No,Fiber optic,No,No,No,Yes,No,Yes,Month-to-month,Yes,Electronic check,18.84,396.5,Yes
CUST-0434,Female,1,Yes,No,35,Yes,Yes,DSL,No,No,No,No internet service,No,No,One year,No,Credit card (automatic),26.14,921.07,No
CUST-0435,Male,0,No,Yes,9,Yes,Yes,DSL,No internet service,No,No,No internet service,No,No,Month-to-month,No,Electronic check,106.82,932.87,Yes
CUST-0436,Male,0,No,No,72,No,Yes,Fiber optic,Yes,No internet service,No internet service,Yes,Yes,No,Month-to-month,No,Bank transfer (automatic),26.08,1957.76,Yes
CUST-0437,Female,0,No,Yes,23,Yes,Yes,Fiber optic,Yes,No,No internet service,Yes,No,No,Month-to-month,No,Credit card (automatic),89.28,2091.11,Yes
CUST-0438,Female,0,No,No,63,Yes,No,DSL,No internet service,No,No,No,No,No internet service,Month-to-month,Yes,Mailed check,110.71,7004.89,Yes
CUST-0439,Female,0,No,No,48,Yes,No,DSL,No,Yes,No internet service,Yes,No,Yes,Month-to-month,Yes,Bank transfer (automatic),45.45,2241.6,Yes
CUST-0440,Female,0,Yes,No,35,Yes,Yes,No,Yes,No internet service,No,No,No,Yes,Month-to-month,Yes,Electronic check,55.48,1890.86,Yes
CUST-0441,Female,0,Yes,No,23,Yes,No,No,No,No,No internet service,No internet service,Yes,No,Two year,Yes,Credit card (automatic),75.43,1799.13,No
CUST-0442,Male,0,No,No,22,Yes,No,No,No internet service,No,No,No,No internet service,Yes,One year,No,Mailed check,106.86,2337.69,No
CUST-0443,Female,0,Yes,No,61,Yes,No,Fiber optic,No,No internet service,No,No,No,Yes,Month-to-month,No,Bank transfer (automatic),112.91,6904.25,Yes
CUST-0444,Female,1,Yes,No,36,Yes,No,Fiber optic,Yes,No,No,No internet service,No,No,Month-to-month,No,Credit card (automatic),92.58,3325.06,Yes
CUST-0445,Male,0,No,No,11,Yes,No,Fiber optic,No,No,No internet service,No,Yes,No,Month-to-month,Yes,Mailed check,26.96,202.67,No
CUST-0446,Male,1,Yes,No,54,Yes,No,DSL,No,No internet service,No internet service,No,Yes,No,Month-to-month,No,Bank transfer (automatic),85.5,4664.87,Yes
CUST-0447,Male,1,Yes,No,12,Yes,No,Fiber optic,No,No internet service,No,No,No,Yes,Two year,Yes,Mailed check,59.49,622.66,No
CUST-0448,Male,0,Yes,No,22,Yes,Yes,Fiber optic,No,No,No internet service,No,No,No,Two year,No,Credit card (automatic),65.56,1393.99,Yes
CUST-0449,Male,0,Yes,No,29,Yes,Yes,DSL,No,No,Yes,No,No,No,Month-to-month,Yes,Credit card (automatic),23.19,649.87,Yes
CUST-0450,Female,0,No,No,16,No,Yes,No,No,No,No,Yes,No,No,Month-to-month,Yes,Bank transfer (automatic),37.45,501.52,No
CUST-0451,Female,0,Yes,No,61,Yes,No,DSL,No internet service,No,No internet service,No,No,No,Month-to-month,No,Credit card (automatic),97.7,5904.67,Yes
CUST-0452,Male,0,No,Yes,12,Yes,No,Fiber optic,Yes,No,No,No,Yes,Yes,One year,No,Bank transfer (automatic),63.87,778.68,Yes
CUST-0453,Male,0,Yes,Yes,58,Yes,No phone service,DSL,No internet service,No,No,No,No,No internet service,One year,No,Credit card (automatic),48.57,2799.73,No
CUST-0454,Female,1,No,No,18,Yes,No,Fiber optic,No,No,No,Yes,No,No,Two year,No,Electronic check,56.84,1009.91,No
CUST-0455,Male,1,Yes,No,48,No,Yes,DSL,No,No,No,Yes,No internet service,Yes,One year,Yes,Mailed check,104.12,4952.01,Yes
CUST-0456,Male,0,No,No,11,Yes,Yes,DSL,No internet service,No internet service,No internet service,No internet service,No,No,Month-to-month,Yes,Electronic check,93.52,1031.03,Yes
CUST-0457,Male,0,No,No,60,Yes,No,Fiber optic,No,No,No,No internet service,No,No,One year,Yes,Credit card (automatic),45.62,2720.94,No
CUST-0458,Male,0,Yes,Yes,18,Yes,Yes,Fiber optic,No,Yes,No internet service,No,No internet service,Yes,One year,Yes,Bank transfer (automatic),30.06,459.03,No
CUST-0459,Female,0,No,Yes,8,Yes,No,Fiber optic,No,Yes,No internet service,No internet service,No internet service,No internet service,Month-to-month,No,Credit card (automatic),43.58,338.59,No
CUST-0460,Male,0,Yes,No,70,Yes,Yes,DSL,No,No,No,No,Yes,No,Month-to-month,No,Electronic check,110.79,7693.2,Yes
CUST-0461,Male,0,Yes,Yes,27,Yes,No,Fiber optic,Yes,No,No,No,No,No,One year,Yes,Mailed check,76.7,2115.78,Yes
CUST-0462,Male,0,Yes,Yes,51,No,No,Fiber optic,Yes,No internet service,No,No,No internet service,Yes,One year,No,Electronic check,71.86,3645.28,Yes
CUST-0463,Male,0,Yes,Yes,15,Yes,No,DSL,No,No,No,No internet service,No internet service,No,One year,Yes,Credit card (automatic),78.19,1298.93,No
CUST-0464,Male,0,No,No,68,Yes,No,No,No,No,No internet service,No,No,Yes,One year,No,Bank transfer (automatic),55.04,3791.07,No
CUST-0465,Female,0,Yes,Yes,11,Yes,No,Fiber optic,No,No,No,Yes,No,No,One year,No,Mailed check,99.36,1086.45,No
CUST-0466,Female,0,Yes,Yes,24,Yes,No,DSL,Yes,No internet service,No internet service,No,Yes,No,One year,Yes,Bank transfer (automatic),70.84,1729.13,Yes
CUST-0467,Female,0,Yes,No,51,Yes,Yes,No,No,No,No,Yes,No,No,Month-to-month,Yes,Bank transfer (automatic),29.98,1424.49,No
CUST-0468,Female,0,No,No,52,No,No,No,No,Yes,No internet service,No,Yes,No,One year,Yes,Electronic check,31.22,1671.56,No
CUST-0469,Female,1,Yes,No,22,Yes,Yes,No,No,No internet service,No,No,No internet service,No internet service,Month-to-month,No,Credit card (automatic),72.2,1547.39,Yes
CUST-0470,Male,0,No,No,15,Yes,Yes,Fiber optic,No,No internet service,No,No,No internet service,No,Month-to-month,Yes,Mailed check,112.38,1690.19,Yes
CUST-0471,Male,0,No,Yes,56,Yes,Yes,Fiber optic,Yes,Yes,No,No,No internet service,No,Month-to-month,No,Electronic check,49.24,2721.06,Yes
CUST-0472,Female,0,No,Yes,38,Yes,No phone service,DSL,No,No,Yes,No,No,No internet service,One year,No,Electronic check,105.64,3983.25,Yes
CUST-0473,Female,1,No,Yes,52,Yes,Yes,Fiber optic,No,Yes,No internet service,No,No,No,One year,No,Electronic check,95.04,4933.02,Yes
CUST-0474,Male,1,Yes,No,41,No,Yes,No,No,No internet service,No,Yes,No,No,Two year,Yes,Bank transfer (automatic),43.16,1773.4,No
CUST-0475,Female,0,Yes,No,57,Yes,No,Fiber optic,No,No internet service,No,No,Yes,Yes,Month-to-month,No,Mailed check,21.9,1246.95,No
CUST-0476,Female,1,Yes,No,38,Yes,No,No,No internet service,No,No internet service,No internet service,No,No internet service,Month-to-month,Yes,Bank transfer (automatic),28.49,1082.52,No
CUST-0477,Female,0,Yes,No,13,Yes,Yes,DSL,No,No,No internet service,Yes,No internet service,No,Month-to-month,Yes,Mailed check,91.46,1107.7,Yes
CUST-0478,Female,0,Yes,No,4,Yes,No,Fiber optic,No internet service,Yes,No internet service,No,No,No,Month-to-month,Yes,Mailed check,38.32,269.88,Yes
CUST-0479,Male,0,No,No,34,Yes,No,No,No,No internet service,No,Yes,No,No,Two year,No,Electronic check,55.56,1900.64,No
CUST-0480,Female,0,Yes,Yes,17,Yes,No,Fiber optic,No,No internet service,No,No internet service,No,No,Month-to-month,No,Bank transfer (automatic),68.67,1189.27,No
CUST-0481,Female,1,Yes,No,8,Yes,No,No,No internet service,No,No,Yes,No,No,One year,Yes,Electronic check,91.16,712.28,No
CUST-0482,Female,0,Yes,Yes,57,Yes,No,Fiber optic,No,Yes,No,Yes,No,No,One year,No,Mailed check,29.63,1645.2,Yes
CUST-0483,Female,1,Yes,Yes,16,Yes,No,Fiber optic,No,No internet service,No,No internet service,No internet service,No,Month-to-month,No,Credit card (automatic),59.09,952.99,Yes
CUST-0484,Male,0,Yes,No,6,No,Yes,Fiber optic,No internet service,No,No,No,Yes,No,Two year,No,Bank transfer (automatic),67.0,416.46,No
CUST-0485,Male,0,Yes,No,45,Yes,Yes,No,No,No internet service,Yes,No internet service,No internet service,No,Month-to-month,Yes,Electronic check,72.6,3332.09,Yes
CUST-0486,Male,0,No,Yes,12,Yes,No,Fiber optic,No,No,No,No internet service,Yes,No,Month-to-month,No,Electronic check,100.5,1309.88,Yes
CUST-0487,Male,0,No,No,39,Yes,Yes,DSL,No,No internet service,Yes,No,No,No,Two year,Yes,Bank transfer (automatic),35.5,1458.35,No
CUST-0488,Female,1,No,No,41,Yes,No phone service,Fiber optic,No internet service,Yes,No,No,No,No,Two year,No,Electronic check,99.44,3988.71,Yes
CUST-0489,Male,0,No,No,8,Yes,No phone service,Fiber optic,No internet service,No,No,No internet service,No,No,Month-to-month,Yes,Electronic check,87.88,680.02,Yes
CUST-0490,Female,0,No,No,49,Yes,No,DSL,No,No internet service,No,Yes,No,No internet service,Month-to-month,Yes,Credit card (automatic),74.12,3648.67,Yes
CUST-0491,Male,0,No,Yes,26,Yes,Yes,Fiber optic,No,No,No internet service,No internet service,Yes,No,Month-to-month,Yes,Electronic check,88.55,2282.29,Yes
CUST-0492,Male,0,No,Yes,65,Yes,No,DSL,Yes,No,No,No,Yes,No,Month-to-month,Yes,Mailed check,59.66,3875.71,Yes
CUST-0493,Female,1,No,No,4,Yes,No phone service,Fiber optic,No,No,No,No,Yes,Yes,Two year,Yes,Electronic check,32.16,21.38,No
CUST-0494,Female,0,No,Yes,28,Yes,No,No,No internet service,No internet service,Yes,Yes,Yes,Yes,One year,Yes,Electronic check,85.16,2430.19,Yes
CUST-0495,Male,0,No,No,36,Yes,Yes,Fiber optic,No internet service,No,No,No,No internet service,No,Month-to-month,No,Credit card (automatic),70.98,2461.51,No
CUST-0496,Male,0,Yes,No,37,Yes,Yes,No,Yes,No,No,Yes,No,No,Two year,No,Electronic check,82.51,2974.25,No
CUST-0497,Female,0,No,No,7,Yes,Yes,Fiber optic,No,No,No internet service,No,No,Yes,Month-to-month,Yes,Credit card (automatic),52.22,314.81,No
CUST-0498,Female,0,No,No,64,Yes,No,No,No internet service,No,No internet service,No,No internet service,No,Month-to-month,Yes,Credit card (automatic),109.39,6996.08,Yes
CUST-0499,Female,0,No,Yes,16,Yes,Yes,DSL,No internet service,Yes,No internet service,Yes,No internet service,No,Two year,Yes,Mailed check,77.28,1155.34,No
CUST-0500,Female,0,No,No,70,Yes,No,DSL,No internet service,No,No,No,No internet service,Yes,Two year,Yes,Electronic check,26.83,1825.08,No
CUST-0501,Female,0,Yes,No,44,Yes,No,No,Yes,No internet service,No,No,No internet service,No,Two year,Yes,Electronic check,63.46,2849.69,No
CUST-0502,Female,0,No,No,3,Yes,Yes,Fiber optic,No,No,No,No,No,No internet service,Month-to-month,Yes,Electronic check,94.26,277.16,Yes
CUST-0503,Female,0,Yes,Yes,35,No,Yes,DSL,No internet service,No,No,No,No,No,Two year,Yes,Electronic check,98.06,3453.78,Yes
CUST-0504,Female,0,No,Yes,69,Yes,Yes,No,Yes,No internet service,No internet service,No,No,No,Month-to-month,Yes,Credit card (automatic),67.96,4627.43,Yes
CUST-0505,Male,0,Yes,Yes,30,Yes,Yes,Fiber optic,No,Yes,No internet service,No,No,Yes,One year,No,Bank transfer (automatic),108.17,3242.41,Yes
CUST-0506,Female,0,Yes,No,18,Yes,No,No,Yes,No,Yes,Yes,No,No,Two year,Yes,Electronic check,45.15,805.91,No
CUST-0507,Female,1,No,Yes,60,Yes,No,Fiber optic,No,No internet service,No,No,Yes,No,Month-to-month,No,Electronic check,59.52,3531.44,Yes
CUST-0508,Male,0,No,Yes,53,Yes,Yes,Fiber optic,No,No,No,Yes,No,No internet service,Two year,No,Credit card (automatic),108.56,5751.13,Yes
CUST-0509,Female,0,Yes,No,38,Yes,No,Fiber optic,No internet service,No,Yes,No internet service,Yes,Yes,Month-to-month,No,Mailed check,108.32,4021.55,Yes
CUST-0510,Female,0,No,No,18,No,Yes,DSL,No,No,No,Yes,No internet service,No,Month-to-month,Yes,Credit card (automatic),87.16,1590.81,No
CUST-0511,Female,0,Yes,No,38,Yes,Yes,Fiber optic,Yes,No,No,No,Yes,Yes,Two year,No,Electronic check,104.58,3954.07,No
CUST-0512,Male,0,Yes,No,66,Yes,Yes,Fiber optic,No internet service,No,No,No,No internet service,No,Month-to-month,No,Mailed check,27.17,1780.36,No
CUST-0513,Female,0,Yes,No,44,Yes,No,DSL,No,No,No internet service,No,No,No,One year,Yes,Electronic check,105.18,4670.51,Yes
CUST-0514,Male,0,No,No,12,Yes,No,DSL,Yes,No,No,No internet service,No,Yes,Month-to-month,No,Electronic check,50.47,627.24,No
CUST-0515,Female,0,Yes,No,57,Yes,Yes,DSL,No,No internet service,No,No,No,No,Two year,Yes,Bank transfer (automatic),36.17,2045.77,Yes
CUST-0516,Male,0,Yes,No,19,Yes,Yes,No,No,No,No,No,No,No,Month-to-month,Yes,Bank transfer (automatic),42.31,748.06,No
CUST-0517,Male,0,No,No,71,Yes,No,Fiber optic,No internet service,Yes,No,No,No,No,Month-to-month,No,Credit card (automatic),60.26,4344.89,Yes
CUST-0518,Female,0,Yes,No,60,Yes,No,Fiber optic,No,No,No,No,No internet service,Yes,Month-to-month,No,Electronic check,43.49,2542.39,Yes
CUST-0519,Male,0,Yes,No,38,Yes,No,No,No internet service,No,No internet service,Yes,No,No,Two year,Yes,Credit card (automatic),50.47,1949.33,No
CUST-0520,Male,0,Yes,No,0,Yes,No,Fiber optic,No,No,Yes,No,No,No,One year,Yes,Bank transfer (automatic),31.82, ,No
CUST-0521,Male,0,No,No,2,Yes,No,No,No internet service,No,No,No internet service,No,Yes,One year,No,Electronic check,48.02,141.93,No
CUST-0522,Male,0,No,No,61,Yes,No,DSL,No internet service,No,No,Yes,No,No,Month-to-month,Yes,Electronic check,75.76,4671.89,Yes
CUST-0523,Male,0,No,No,62,Yes,No,DSL,No,No internet service,No internet service,No,No,No,Month-to-month,No,Electronic check,62.66,3789.29,Yes
CUST-0524,Female,0,Yes,No,24,Yes,No,Fiber optic,No internet service,No internet service,No,No internet service,No,No,Month-to-month,Yes,Mailed check,53.1,1296.87,Yes
CUST-0525,Female,0,Yes,Yes,55,Yes,Yes,Fiber optic,No,No internet service,Yes,No,No,Yes,One year,No,Credit card (automatic),93.27,5148.18,Yes
CUST-0526,Female,1,Yes,No,32,Yes,No phone service,No,No internet service,No internet service,No internet service,No,No internet service,No,Month-to-month,No,Electronic check,108.05,3492.75,No
CUST-0527,Male,1,No,No,37,Yes,Yes,Fiber optic,No,Yes,No,No,No,No,Two year,No,Credit card (automatic),94.31,3507.73,No
CUST-0528,Female,0,No,No,5,Yes,No,DSL,No,No,No,No,No,Yes,Two year,Yes,Credit card (automatic),51.62,209.98,No
CUST-0529,Male,1,No,Yes,57,Yes,No,Fiber optic,No internet service,No internet service,No internet service,No,No,No,Month-to-month,Yes,Mailed check,93.07,5294.13,Yes
CUST-0530,Male,0,No,No,43,Yes,No,Fiber optic,No,No,No internet service,No internet service,No internet service,Yes,Month-to-month,Yes,Mailed check,33.52,1524.59,Yes
CUST-0531,Male,1,Yes,No,44,Yes,Yes,DSL,No,No,No,No,Yes,No,Two year,Yes,Mailed check,31.35,1324.01,Yes
CUST-0532,Male,1,No,No,31,Yes,No,Fiber optic,No,No,No,No,Yes,No,Month-to-month,No,Mailed check,52.99,1658.83,No
CUST-0533,Male,0,No,No,44,Yes,No phone service,No,No,No internet service,No,No internet service,No,No,Month-to-month,Yes,Credit card (automatic),99.42,4432.04,No
CUST-0534,Male,0,No,No,60,Yes,No,No,No internet service,Yes,No,No,No,No,Month-to-month,Yes,Electronic check,43.01,2531.06,Yes
CUST-0535,Female,0,No,Yes,46,Yes,No,Fiber optic,No,Yes,Yes,No internet service,Yes,Yes,One year,No,Credit card (automatic),24.61,1061.22,Yes
CUST-0536,Male,0,Yes,No,20,Yes,No,Fiber optic,No,No,No,No,No internet service,No,Two year,No,Credit card (automatic),31.49,566.49,No
CUST-0537,Female,0,Yes,Yes,35,Yes,Yes,DSL,No,Yes,No,No,Yes,No internet service,Month-to-month,Yes,Bank transfer (automatic),104.55,3679.0,Yes
CUST-0538,Female,1,Yes,No,18,Yes,Yes,Fiber optic,No,Yes,Yes,No,No,No,Month-to-month,No,Electronic check,81.95,1411.37,Yes
CUST-0539,Male,1,No,No,19,Yes,No,Fiber optic,No,Yes,Yes,No,No,No internet service,Month-to-month,No,Bank transfer (automatic),43.7,823.53,Yes
CUST-0540,Male,1,Yes,No,56,Yes,No,Fiber optic,No,Yes,Yes,Yes,Yes,No,One year,Yes,Electronic check,74.06,4215.92,Yes
CUST-0541,Male,0,Yes,No,17,Yes,Yes,DSL,No internet service,No internet service,Yes,No,No,No internet service,Month-to-month,Yes,Electronic check,71.27,1209.02,No
CUST-0542,Female,0,Yes,No,46,Yes,No,No,No,No internet service,Yes,No,No,No,Month-to-month,Yes,Credit card (automatic),84.12,3830.63,Yes
CUST-0543,Male,0,No,Yes,48,Yes,No,No,Yes,Yes,No,Yes,No,Yes,Two year,No,Credit card (automatic),41.69,2007.39,No
CUST-0544,Male,0,Yes,Yes,13,Yes,No,Fiber optic,Yes,No,No,No internet service,Yes,Yes,Two year,Yes,Mailed check,105.12,1363.13,Yes
CUST-0545,Female,0,No,No,14,No,No phone service,DSL,No,No,Yes,No,No,No,Two year,No,Bank transfer (automatic),49.34,713.39,No
CUST-0546,Female,0,Yes,No,30,Yes,Yes,DSL,Yes,No internet service,Yes,No,No,No internet service,Two year,No,Credit card (automatic),88.01,2721.26,No
CUST-0547,Male,0,Yes,No,0,Yes,No,DSL,No internet service,No,No,No internet service,No,No,Month-to-month,Yes,Electronic check,19.87, ,No
CUST-0548,Male,0,No,No,53,No,No,Fiber optic,No,No,No,No,No,No,Month-to-month,Yes,Credit card (automatic),55.7,3053.79,Yes
CUST-0549,Female,0,No,No,2,Yes,No phone service,DSL,No internet service,No internet service,No internet service,No,No,Yes,Month-to-month,Yes,Mailed check,53.6,129.97,Yes
CUST-0550,Male,0,Yes,Yes,15,Yes,No,No,Yes,No internet service,No,No,No,No internet service,Month-to-month,Yes,Bank transfer (automatic),72.87,1054.68,Yes
CUST-0551,Female,0,No,Yes,56,Yes,No,No,Yes,Yes,Yes,No,Yes,No,Two year,No,Electronic check,25.56,1545.78,No
CUST-0552,Male,0,No,No,11,Yes,No,Fiber optic,Yes,No,No,Yes,No,Yes,Two year,Yes,Mailed check,97.66,1068.02,No
CUST-0553,Female,0,No,No,15,Yes,Yes,Fiber optic,No,No,No,No,Yes,Yes,One year,No,Mailed check,40.14,549.36,No
CUST-0554,Male,0,No,Yes,71,Yes,No,Fiber optic,Yes,No,No,Yes,No,No,Month-to-month,Yes,Electronic check,86.29,6242.78,Yes
CUST-0555,Female,1,Yes,Yes,23,Yes,No,No,No,No,No,Yes,No,No,Two year,No,Credit card (automatic),98.97,2239.65,Yes
CUST-0556,Male,0,No,No,27,Yes,Yes,No,No internet service,Yes,No internet service,No,No,No,Two year,Yes,Electronic check,74.72,1978.82,No
CUST-0557,Female,0,Yes,Yes,7,Yes,Yes,DSL,No,No internet service,Yes,Yes,No,No,Month-to-month,Yes,Credit card (automatic),92.71,621.4,Yes
CUST-0558,Female,1,No,No,35,Yes,No phone service,DSL,Yes,Yes,Yes,No internet service,No,No internet service,Two year,Yes,Credit card (automatic),84.77,2975.18,Yes
CUST-0559,Male,0,No,Yes,7,Yes,No,Fiber optic,No internet service,Yes,Yes,No,Yes,No,Month-to-month,Yes,Bank transfer (automatic),53.98,424.4,Yes
CUST-0560,Female,0,Yes,Yes,57,Yes,No,Fiber optic,No,No,No,No,No,No,Month-to-month,Yes,Bank transfer (automatic),99.54,5541.34,Yes
CUST-0561,Male,0,Yes,No,59,Yes,No,DSL,Yes,No,No,No,No,Yes,One year,No,Mailed check,47.87,2870.66,No
CUST-0562,Female,0,Yes,No,49,Yes,No,Fiber optic,No,No,Yes,No,No,No,One year,No,Electronic check,75.66,3679.61,Yes
CUST-0563,Female,0,Yes,Yes,27,Yes,Yes,No,No,No,Yes,Yes,No internet service,No,Month-to-month,Yes,Credit card (automatic),93.16,2494.68,Yes
CUST-0564,Male,1,No,No,40,No,No,DSL,No internet service,No internet service,No internet service,No internet service,No internet service,No,Month-to-month,Yes,Mailed check,56.34,2339.36,Yes
CUST-0565,Female,0,Yes,Yes,63,Yes,No,No,Yes,Yes,No,Yes,No,No,Two year,No,Bank transfer (automatic),48.68,3077.51,No
CUST-0566,Male,0,Yes,No,26,Yes,No,DSL,No,No,No,No,No,No,One year,Yes,Bank transfer (automatic),64.41,1697.05,Yes
CUST-0567,Male,0,No,No,62,Yes,No phone service,No,No internet service,No internet service,No,No,Yes,No,One year,Yes,Credit card (automatic),100.46,6226.09,Yes
CUST-0568,Male,0,No,No,16,Yes,No,Fiber optic,No,No,Yes,No,Yes,No,Month-to-month,Yes,Bank transfer (automatic),111.71,1825.54,Yes
CUST-0569,Male,0,No,No,72,Yes,No,DSL,Yes,No internet service,No,No,No,Yes,Month-to-month,Yes,Mailed check,73.03,5339.06,Yes
CUST-0570,Female,0,Yes,No,32,Yes,No,Fiber optic,Yes,No,No,No,No,No internet service,Month-to-month,No,Credit card (automatic),84.73,2587.61,Yes
CUST-0571,Male,1,Yes,Yes,28,Yes,Yes,No,Yes,No internet service,No,Yes,No internet service,No internet service,Month-to-month,Yes,Electronic check,109.03,3107.07,Yes
CUST-0572,Female,0,Yes,No,12,No,Yes,No,No internet service,No,No,No internet service,No,No,Month-to-month,Yes,Mailed check,28.15,415.15,Yes
CUST-0573,Female,0,Yes,No,45,Yes,Yes,Fiber optic,No,No internet service,No,No internet service,No,Yes,Month-to-month,Yes,Mailed check,41.57,1895.7,Yes
CUST-0574,Female,0,Yes,Yes,34,Yes,Yes,Fiber optic,No internet service,No,No,No,Yes,No,One year,Yes,Credit card (automatic),89.49,3008.79,Yes
CUST-0575,Female,0,No,No,5,Yes,No,Fiber optic,No internet service,No internet service,No,Yes,No,No internet service,Month-to-month,Yes,Mailed check,101.04,447.59,No
CUST-0576,Male,0,Yes,No,68,Yes,Yes,Fiber optic,No,No internet service,No internet service,No internet service,No,Yes,Two year,Yes,Mailed check,104.38,7215.93,No
CUST-0577,Male,0,Yes,Yes,46,Yes,Yes,No,No,No,No internet service,No internet service,No,No,Month-to-month,No,Mailed check,59.97,2713.37,Yes
CUST-0578,Male,0,Yes,No,24,Yes,Yes,DSL,No internet service,No internet service,No internet service,No,No,Yes,Month-to-month,Yes,Credit card (automatic),27.23,729.4,Yes
CUST-0579,Male,0,Yes,Yes,65,Yes,No phone service,DSL,Yes,No internet service,No,No,No,Yes,Month-to-month,No,Electronic check,62.25,4065.78,Yes
CUST-0580,Female,1,No,No,9,Yes,Yes,Fiber optic,No,No,No,No,No,No,Month-to-month,No,Mailed check,41.44,475.25,Yes
CUST-0581,Female,0,No,No,55,No,No,DSL,Yes,No,No,No,Yes,No internet service,Month-to-month,No,Mailed check,47.52,2597.69,Yes
CUST-0582,Male,0,Yes,No,29,No,No,No,No,Yes,No,No internet service,No internet service,Yes,Two year,Yes,Mailed check,95.86,2699.56,No
CUST-0583,Female,0,No,No,4,Yes,No,Fiber optic,No,No,Yes,No,No internet service,No,Two year,Yes,Mailed check,25.84,103.47,No
CUST-0584,Male,0,No,Yes,32,Yes,No phone service,Fiber optic,No,No,No internet service,No internet service,Yes,No,Month-to-month,No,Credit card (automatic),101.42,3171.12,Yes
CUST-0585,Female,0,Yes,Yes,64,Yes,Yes,No,No internet service,No internet service,Yes,No internet service,No,No,Month-to-month,Yes,Mailed check,61.23,4052.57,Yes
CUST-0586,Male,0,No,Yes,17,Yes,No,Fiber optic,Yes,No,Yes,No,No,No,One year,Yes,Mailed check,78.15,1360.02,No
CUST-0587,Female,0,No,No,48,Yes,Yes,Fiber optic,No,No,Yes,Yes,No,No internet service,One year,No,Credit card (automatic),27.26,1347.39,No
CUST-0588,Male,0,No,No,10,Yes,Yes,DSL,Yes,No internet service,Yes,No internet service,No,No internet service,Month-to-month,No,Credit card (automatic),52.15,560.44,No
CUST-0589,Male,0,No,No,25,Yes,No phone service,Fiber optic,No,No internet service,Yes,No internet service,No internet service,No,One year,Yes,Credit card (automatic),27.26,646.82,No
CUST-0590,Female,0,Yes,No,62,No,No,DSL,No,No,Yes,No,No internet service,No,Two year,Yes,Bank transfer (automatic),114.89,7116.58,Yes
CUST-0591,Female,0,No,No,58,Yes,Yes,Fiber optic,No internet service,No,No,No internet service,Yes,Yes,Two year,No,Credit card (automatic),99.38,5769.56,Yes
CUST-0592,Female,0,No,No,26,Yes,No,Fiber optic,Yes,Yes,No,No,No,Yes,Two year,Yes,Credit card (automatic),64.44,1772.63,No
CUST-0593,Female,1,No,No,48,No,No,DSL,No internet service,No,No,No,Yes,No internet service,Two year,No,Credit card (automatic),40.72,1896.71,No
CUST-0594,Female,0,Yes,Yes,32,Yes,Yes,Fiber optic,No,No,Yes,No,No,No,Two year,Yes,Electronic check,112.06,3549.49,Yes
CUST-0595,Male,0,No,Yes,0,Yes,No phone service,DSL,No,No,No,No internet service,No,Yes,Month-to-month,Yes,Electronic check,52.88, ,Yes
CUST-0596,Female,1,Yes,No,20,Yes,Yes,No,Yes,No internet service,No,Yes,Yes,No,One year,Yes,Bank transfer (automatic),34.43,654.92,No
CUST-0597,Male,0,No,No,54,Yes,No,DSL,No,Yes,No,No,No,Yes,Two year,No,Credit card (automatic),74.85,3968.95,No
CUST-0598,Female,0,Yes,No,5,Yes,No,No,Yes,No,No,Yes,No,No internet service,One year,No,Electronic check,113.1,430.26,No
CUST-0599,Male,0,Yes,No,68,Yes,No,Fiber optic,No,No internet service,No,Yes,Yes,No internet service,Two year,No,Mailed check,18.63,1175.5,Yes
CUST-0600,Female,0,Yes,No,4,No,Yes,Fiber optic,Yes,No,Yes,No,No,No,Month-to-month,Yes,Credit card (automatic),42.18,223.67,No
CUST-0601,Female,0,No,No,2,Yes,No phone service,DSL,No,No internet service,Yes,No,No,Yes,Month-to-month,Yes,Bank transfer (automatic),112.56,224.71,Yes
CUST-0602,Male,0,No,No,52,Yes,Yes,No,No,No internet service,Yes,No internet service,No internet service,No,Month-to-month,No,Bank transfer (automatic),35.44,1884.66,Yes
CUST-0603,Female,0,Yes,Yes,22,Yes,No,DSL,No internet service,No,No internet service,Yes,Yes,No,Month-to-month,No,Bank transfer (automatic),29.63,622.73,No
CUST-0604,Female,0,Yes,Yes,52,Yes,Yes,Fiber optic,No internet service,No,No,No,No,No,Month-to-month,Yes,Bank transfer (automatic),75.55,3923.68,Yes
CUST-0605,Male,0,No,No,36,Yes,No,No,No internet service,Yes,No,No internet service,No internet service,No,One year,Yes,Electronic check,104.87,3855.98,Yes
CUST-0606,Male,0,Yes,No,16,No,Yes,No,No,No,No,No,No,No,Month-to-month,Yes,Bank transfer (automatic),66.2,1136.84,No
CUST-0607,Male,0,Yes,No,72,Yes,Yes,Fiber optic,Yes,No,No,No,No,No,One year,Yes,Electronic check,118.2,8557.5,Yes
CUST-0608,Male,0,Yes,No,0,Yes,No,No,No internet service,No,No,No,No,No,One year,No,Electronic check,86.51, ,No
CUST-0609,Male,0,Yes,Yes,50,Yes,No,Fiber optic,No,No,Yes,No internet service,No,No,Month-to-month,No,Bank transfer (automatic),25.69,1310.4,Yes
CUST-0610,Male,0,Yes,No,44,Yes,No,DSL,No,No,No internet service,No,No internet service,Yes,Month-to-month,No,Mailed check,118.03,5211.85,Yes
CUST-0611,Male,0,Yes,No,3,Yes,No phone service,Fiber optic,No,No internet service,Yes,Yes,Yes,No,One year,Yes,Mailed check,59.24,169.37,Yes
CUST-0612,Male,0,No,Yes,61,Yes,No phone service,DSL,Yes,No internet service,No internet service,Yes,No,No,Two year,Yes,Bank transfer (automatic),47.13,2854.71,No
CUST-0613,Female,0,No,Yes,64,Yes,No,Fiber optic,Yes,No internet service,No internet service,Yes,Yes,No,Two year,Yes,Credit card (automatic),74.32,4812.6,Yes
CUST-0614,Male,0,No,No,31,Yes,No,Fiber optic,No,No,Yes,No,Yes,No,Two year,Yes,Electronic check,48.83,1448.95,Yes
CUST-0615,Female,1,Yes,Yes,33,Yes,No phone service,Fiber optic,No internet service,No,Yes,No,No internet service,Yes,Two year,Yes,Electronic check,26.94,963.39,Yes
CUST-0616,Female,0,No,Yes,71,Yes,No,DSL,No,No,Yes,No internet service,No internet service,No,One year,Yes,Electronic check,18.39,1291.92,No
CUST-0617,Male,1,Yes,No,38,Yes,Yes,No,No,No internet service,No,No,No,Yes,Two year,Yes,Credit card (automatic),63.43,2344.64,No
CUST-0618,Female,0,No,No,25,No,Yes,DSL,No,Yes,No,No,No internet service,No,Two year,Yes,Bank transfer (automatic),102.35,2531.47,Yes
CUST-0619,Female,0,Yes,No,33,Yes,No,No,No,Yes,No internet service,No internet service,No,No,Two year,No,Bank transfer (automatic),75.77,2456.69,No
CUST-0620,Female,0,No,Yes,53,Yes,No,No,No internet service,Yes,No,No,No,No internet service,Month-to-month,No,Bank transfer (automatic),118.67,6260.73,Yes
CUST-0621,Female,0,No,No,2,Yes,No,No,Yes,No internet service,No internet service,No internet service,No,No,Two year,No,Mailed check,47.08,64.46,No
CUST-0622,Female,0,Yes,No,49,No,No,No,No,No,No internet service,No,No,No,Month-to-month,Yes,Electronic check,46.44,2243.88,Yes
CUST-0623,Female,0,No,No,11,Yes,No,DSL,No,No,No,No,No,No,Two year,Yes,Bank transfer (automatic),34.3,361.9,No
CUST-0624,Male,1,Yes,No,64,Yes,Yes,Fiber optic,Yes,No,No,No,No internet service,No,Month-to-month,No,Mailed check,34.74,2220.12,Yes
CUST-0625,Female,0,No,No,53,Yes,No,DSL,No,No,No,Yes,No,No,Month-to-month,No,Credit card (automatic),46.91,2524.42,Yes
CUST-0626,Female,1,No,No,4,Yes,No,DSL,No,No internet service,No,No,No,No internet service,Month-to-month,No,Electronic check,97.93,379.47,Yes
CUST-0627,Female,0,No,No,56,Yes,Yes,Fiber optic,Yes,No,No,No internet service,No,Yes,Month-to-month,Yes,Mailed check,109.28,6135.98,Yes
CUST-0628,Male,0,No,Yes,16,No,Yes,DSL,No,No,No,Yes,No internet service,No,Month-to-month,Yes,Electronic check,116.25,1860.38,Yes
CUST-0629,Female,1,Yes,No,46,Yes,No,No,No internet service,No internet service,No internet service,No internet service,No internet service,No,Two year,No,Electronic check,41.6,1940.63,No
CUST-0630,Male,0,No,No,22,Yes,Yes,No,Yes,Yes,No,No,No,No,Month-to-month,Yes,Mailed check,106.82,2352.37,No
CUST-0631,Male,0,No,No,13,Yes,Yes,Fiber optic,No internet service,No internet service,Yes,No internet service,No internet service,No,Month-to-month,Yes,Electronic check,51.24,633.78,Yes
CUST-0632,Female,0,Yes,Yes,65,Yes,No,Fiber optic,Yes,No,No,Yes,Yes,No,Month-to-month,Yes,Electronic check,29.59,1877.44,Yes
CUST-0633,Female,0,Yes,No,50,Yes,No phone service,Fiber optic,No,No,No,No,No,Yes,One year,Yes,Credit card (automatic),105.69,5295.01,Yes
CUST-0634,Male,0,No,No,37,Yes,Yes,No,No,Yes,No internet service,No internet service,Yes,No,Month-to-month,Yes,Bank transfer (automatic),82.18,3104.33,No
CUST-0635,Male,0,No,No,63,Yes,Yes,Fiber optic,Yes,Yes,No,No internet service,No internet service,No,Month-to-month,Yes,Electronic check,34.81,2181.57,Yes
CUST-0636,Female,0,No,Yes,37,Yes,Yes,DSL,No,No,No,No,Yes,No,Month-to-month,No,Electronic check,61.45,2238.61,Yes
CUST-0637,Male,0,No,No,49,Yes,Yes,Fiber optic,No internet service,No,No,No,No internet service,No,One year,Yes,Credit card (automatic),47.12,2296.07,Yes
CUST-0638,Male,0,No,No,29,Yes,Yes,Fiber optic,Yes,No,No,No,No internet service,No,Month-to-month,Yes,Bank transfer (automatic),92.3,2648.63,Yes
CUST-0639,Male,0,Yes,No,50,Yes,No phone service,No,No,No,Yes,No,No,No internet service,Month-to-month,No,Electronic check,63.82,3157.65,Yes
CUST-0640,Female,0,No,Yes,62,No,No,DSL,No,Yes,No internet service,No internet service,No internet service,No,Month-to-month,Yes,Electronic check,117.67,7223.36,Yes
CUST-0641,Female,0,Yes,No,51,Yes,Yes,DSL,No internet service,No internet service,No,No,No,No internet service,Two year,Yes,Electronic check,23.75,1199.03,No
CUST-0642,Female,0,Yes,No,37,Yes,Yes,No,No internet service,No,No,No,No internet service,No internet service,Month-to-month,Yes,Electronic check,53.93,2007.2,Yes
CUST-0643,Female,0,No,No,29,No,Yes,No,Yes,No,No,No,No,Yes,One year,No,Electronic check,66.68,1879.62,Yes
CUST-0644,Female,0,No,No,50,Yes,No,No,No,No,No internet service,No internet service,No,No internet service,Month-to-month,Yes,Electronic check,68.81,3396.58,Yes
CUST-0645,Male,0,No,No,4,No,No,Fiber optic,No,No,Yes,No,No,Yes,Month-to-month,Yes,Electronic check,50.0,152.6,Yes
CUST-0646,Female,0,Yes,No,28,Yes,Yes,Fiber optic,Yes,No,No,No,No,Yes,Month-to-month,No,Credit card (automatic),91.54,2493.79,No
CUST-0647,Male,0,Yes,Yes,3,Yes,Yes,Fiber optic,No internet service,Yes,No,No,No internet service,No,Month-to-month,Yes,Electronic check,106.16,270.7,Yes
CUST-0648,Female,0,Yes,No,9,Yes,No phone service,DSL,No,Yes,No,No,No internet service,No,Month-to-month,Yes,Electronic check,112.59,1003.42,No
CUST-0649,Male,0,No,No,55,Yes,No,Fiber optic,No internet service,No,Yes,No,Yes,Yes,Month-to-month,Yes,Electronic check,99.16,5386.7,Yes
CUST-0650,Male,0,No,No,16,Yes,No,DSL,No,No internet service,Yes,No internet service,Yes,No internet service,Month-to-month,Yes,Electronic check,103.73,1652.8,Yes
CUST-0651,Female,0,No,No,16,No,No,DSL,Yes,Yes,No,Yes,No,Yes,One year,Yes,Electronic check,73.58,1142.11,No
CUST-0652,Female,0,No,No,68,Yes,No,No,Yes,No,No,No,No,No,Two year,Yes,Electronic check,101.25,6838.55,Yes
CUST-0653,Male,0,No,Yes,33,Yes,Yes,DSL,No,No,Yes,No,Yes,No,Month-to-month,No,Electronic check,48.75,1627.61,Yes
CUST-0654,Female,0,No,Yes,5,Yes,No,No,No,No,Yes,No internet service,No internet service,Yes,One year,No,Credit card (automatic),58.3,259.49,No
CUST-0655,Male,0,Yes,No,52,Yes,No,DSL,No,No,No,No internet service,No internet service,No internet service,Two year,Yes,Mailed check,50.1,2581.7,No
CUST-0656,Male,0,No,No,65,No,No,DSL,No,No,No,No internet service,No,No internet service,Two year,Yes,Credit card (automatic),65.22,4304.2,No
CUST-0657,Male,0,Yes,No,42,Yes,No,Fiber optic,Yes,No internet service,Yes,No,Yes,No internet service,Month-to-month,No,Bank transfer (automatic),46.95,1925.9,Yes
CUST-0658,Female,0,Yes,No,22,Yes,Yes,Fiber optic,No internet service,No,No internet service,No internet service,No internet service,No internet service,One year,Yes,Mailed check,114.89,2605.87,Yes
CUST-0659,Male,0,Yes,Yes,54,Yes,Yes,Fiber optic,No internet service,No,No,No,No,No,Month-to-month,Yes,Mailed check,49.69,2665.87,Yes
CUST-0660,Male,0,No,No,15,Yes,No,No,No internet service,No,No,No,No internet service,Yes,Month-to-month,Yes,Credit card (automatic),28.1,364.69,No
CUST-0661,Female,0,No,No,7,No,No phone service,DSL,Yes,Yes,No internet service,No internet service,No,No internet service,Month-to-month,Yes,Mailed check,71.2,470.7,No
CUST-0662,Male,1,No,No,3,Yes,Yes,No,No,No internet service,Yes,No,No,Yes,Month-to-month,No,Electronic check,23.99,75.41,No
CUST-0663,Male,0,No,No,3,Yes,No,DSL,No,No,No,No,No internet service,No,Month-to-month,Yes,Electronic check,29.36,150.81,No
CUST-0664,Male,0,Yes,Yes,55,Yes,Yes,No,No,Yes,No internet service,No,No internet service,Yes,Month-to-month,Yes,Mailed check,40.3,2256.44,Yes
CUST-0665,Female,0,Yes,No,24,Yes,No phone service,Fiber optic,No,No,No,No,No,No,One year,No,Bank transfer (automatic),64.92,1561.28,Yes
CUST-0666,Female,0,Yes,No,66,Yes,No,No,No,No internet service,No,Yes,Yes,No,Month-to-month,No,Bank transfer (automatic),61.79,4141.14,Yes
CUST-0667,Female,0,No,No,66,Yes,No,Fiber optic,Yes,No,No,Yes,No,No,Month-to-month,Yes,Credit card (automatic),98.62,6414.87,Yes
CUST-0668,Male,1,No,No,26,Yes,No,DSL,Yes,No,No,No,No internet service,No internet service,Month-to-month,Yes,Mailed check,92.57,2419.29,Yes
CUST-0669,Female,0,Yes,No,31,Yes,No,No,Yes,No,No internet service,No,Yes,No internet service,Month-to-month,Yes,Bank transfer (automatic),61.09,1909.29,No
CUST-0670,Female,0,No,No,49,No,No phone service,DSL,Yes,No internet service,No internet service,No,No internet service,No,One year,Yes,Bank transfer (automatic),51.79,2553.82,Yes
CUST-0671,Female,0,Yes,No,60,Yes,No phone service,DSL,No internet service,No internet service,No,No,No internet service,No internet service,Two year,Yes,Electronic check,50.06,2923.09,No
CUST-0672,Female,0,Yes,No,50,Yes,No,No,Yes,No,Yes,No,Yes,Yes,Month-to-month,Yes,Mailed check,96.04,4751.15,No
CUST-0673,Male,0,No,No,18,Yes,Yes,DSL,No internet service,Yes,No,No,No,No,Month-to-month,Yes,Mailed check,23.48,414.32,No
CUST-0674,Female,1,Yes,No,20,Yes,No,DSL,Yes,Yes,No,No,No,No internet service,Two year,No,Bank transfer (automatic),19.54,446.54,No
CUST-0675,Male,0,No,No,4,Yes,No,Fiber optic,No,No,No,Yes,Yes,Yes,Month-to-month,Yes,Electronic check,98.2,488.56,Yes
CUST-0676,Male,0,No,No,41,Yes,No,No,No,No,No,No,No,No,Two year,Yes,Credit card (automatic),66.2,2680.98,Yes
CUST-0677,Female,0,No,No,60,Yes,No,DSL,No,No,No,No,No,No internet service,Month-to-month,Yes,Bank transfer (automatic),31.4,1818.51,Yes
CUST-0678,Female,0,No,No,21,Yes,No,Fiber optic,Yes,No internet service,No internet service,No,No,No,Month-to-month,No,Electronic check,41.92,921.11,Yes
CUST-0679,Female,1,No,Yes,20,Yes,No,Fiber optic,No,No,Yes,Yes,No internet service,No,Month-to-month,Yes,Mailed check,111.97,2370.12,Yes
CUST-0680,Male,0,No,No,69,Yes,No,No,No,No internet service,No,No,No,No internet service,Month-to-month,Yes,Credit card (automatic),104.63,7274.82,Yes
CUST-0681,Male,1,No,No,0,Yes,No,No,Yes,No internet service,No internet service,No,Yes,No internet service,Month-to-month,No,Credit card (automatic),89.58, ,No
CUST-0682,Male,0,Yes,No,4,Yes,No,No,No,Yes,No,No,No,No,Two year,Yes,Electronic check,66.71,409.9,No
CUST-0683,Female,0,Yes,Yes,11,Yes,Yes,Fiber optic,Yes,No,No,No internet service,No,No,One year,Yes,Bank transfer (automatic),70.54,810.28,Yes
CUST-0684,Female,0,No,No,45,Yes,Yes,Fiber optic,Yes,No,Yes,No,Yes,No,One year,No,Credit card (automatic),116.26,5192.15,Yes
CUST-0685,Male,0,Yes,No,33,No,No,DSL,No,No,No,No,No,No,Two year,Yes,Mailed check,115.31,3901.95,No
CUST-0686,Male,0,No,No,48,Yes,Yes,Fiber optic,No,No,No,No,No internet service,No,Month-to-month,Yes,Mailed check,39.88,1870.74,Yes
CUST-0687,Female,0,Yes,No,44,No,Yes,No,No internet service,No internet service,No,No internet service,Yes,No,One year,No,Credit card (automatic),99.77,4358.83,No
CUST-0688,Female,0,Yes,No,26,Yes,No,Fiber optic,No,No internet service,No,No internet service,No,Yes,Month-to-month,No,Electronic check,38.07,1026.15,No
CUST-0689,Male,1,No,No,72,No,No,DSL,No internet service,No,Yes,No,No internet service,No internet service,Two year,Yes,Electronic check,39.71,2857.87,No
CUST-0690,Male,0,No,Yes,25,Yes,No,Fiber optic,No,No,Yes,No internet service,No,No,Month-to-month,Yes,Credit card (automatic),86.2,2156.85,Yes
CUST-0691,Male,0,No,No,46,Yes,No,Fiber optic,No,No,No internet service,No,No internet service,No internet service,One year,Yes,Bank transfer (automatic),58.95,2713.63,Yes
CUST-0692,Female,1,Yes,Yes,55,Yes,Yes,Fiber optic,No,No,No,No,No,Yes,Two year,No,Credit card (automatic),111.87,6208.57,No
CUST-0693,Female,1,Yes,No,62,Yes,No,Fiber optic,No,No,Yes,No internet service,No,No,Month-to-month,Yes,Bank transfer (automatic),27.2,1570.18,No
CUST-0694,Male,0,No,No,47,Yes,No,Fiber optic,No,Yes,No,Yes,Yes,Yes,Month-to-month,Yes,Credit card (automatic),69.66,3288.25,Yes
CUST-0695,Female,0,Yes,No,60,Yes,No,DSL,No,No,No,No internet service,No,No,Month-to-month,Yes,Bank transfer (automatic),110.56,6619.09,No
CUST-0696,Male,0,Yes,Yes,25,Yes,No,No,Yes,Yes,No,Yes,No,No internet service,Month-to-month,Yes,Electronic check,109.11,2690.13,Yes
CUST-0697,Male,0,Yes,No,35,Yes,No,Fiber optic,No,No internet service,No internet service,No internet service,No internet service,No,One year,Yes,Bank transfer (automatic),33.98,1151.54,No
CUST-0698,Male,0,Yes,No,0,Yes,No,DSL,No,No,No,No,No internet service,Yes,Two year,Yes,Electronic check,55.1, ,No
CUST-0699,Male,0,Yes,No,7,Yes,No,DSL,No internet service,No,No internet service,No,Yes,No,Month-to-month,No,Bank transfer (automatic),80.47,523.37,No
CUST-0700,Male,0,Yes,No,51,Yes,No,No,Yes,No internet service,No,No internet service,No,Yes,Month-to-month,Yes,Bank transfer (automatic),34.27,1812.29,Yes
CUST-0701,Male,0,Yes,No,46,Yes,No phone service,No,No,No internet service,No internet service,No,Yes,Yes,One year,Yes,Electronic check,115.54,5356.44,Yes
CUST-0702,Male,1,Yes,Yes,55,Yes,Yes,Fiber optic,Yes,Yes,No internet service,No internet service,No,No,Month-to-month,Yes,Credit card (automatic),110.18,6050.33,Yes
CUST-0703,Female,0,No,No,13,Yes,Yes,DSL,No,No internet service,No internet service,No,No,No internet service,Month-to-month,Yes,Mailed check,35.03,384.83,Yes
CUST-0704,Male,0,Yes,Yes,27,Yes,Yes,DSL,No,No,No internet service,No,No,No internet service,Two year,Yes,Bank transfer (automatic),30.43,862.7,No
CUST-0705,Female,0,No,No,1,Yes,No,DSL,No,Yes,No,No,No internet service,No,One year,No,Electronic check,26.83,92.32,No
CUST-0706,Male,0,No,No,25,Yes,No,Fiber optic,Yes,No,No internet service,No internet service,No internet service,No,Month-to-month,Yes,Bank transfer (automatic),109.65,2792.96,Yes
CUST-0707,Male,0,No,No,13,Yes,No,Fiber optic,No,No,No,No,No,No internet service,Month-to-month,Yes,Electronic check,37.71,441.79,No
CUST-0708,Male,0,Yes,No,58,Yes,Yes,Fiber optic,Yes,No,No,No,No,No internet service,One year,Yes,Mailed check,60.09,3441.98,Yes
CUST-0709,Male,0,Yes,No,55,Yes,Yes,Fiber optic,No internet service,No internet service,No,No,No internet service,No internet service,Two year,Yes,Mailed check,63.36,3567.6,No
CUST-0710,Male,0,No,Yes,6,Yes,No,DSL,No,No,No,No,Yes,No,Two year,Yes,Bank transfer (automatic),78.45,410.24,No
CUST-0711,Male,0,Yes,Yes,2,Yes,Yes,DSL,Yes,No,No,No,No,No internet service,Month-to-month,No,Electronic check,25.46,74.83,No
CUST-0712,Female,1,No,No,22,Yes,No phone service,Fiber optic,No,No,No,No internet service,Yes,No,Two year,Yes,Electronic check,41.04,813.99,No
CUST-0713,Male,0,No,No,17,Yes,No,DSL,Yes,No internet service,No,No,Yes,No internet service,One year,Yes,Mailed check,111.86,1886.6,Yes
CUST-0714,Male,1,No,No,37,Yes,No phone service,DSL,No,No internet service,No,No,No,Yes,One year,No,Electronic check,109.55,4082.61,Yes
CUST-0715,Female,0,No,No,14,Yes,Yes,Fiber optic,No,Yes,No,No internet service,Yes,No,One year,Yes,Credit card (automatic),96.77,1353.28,No
CUST-0716,Female,0,Yes,No,63,Yes,No,No,No internet service,No,No,No,No internet service,No,Month-to-month,Yes,Credit card (automatic),20.2,1298.8,Yes
CUST-0717,Female,1,Yes,No,27,Yes,No,Fiber optic,No internet service,Yes,No,No internet service,No,Yes,Two year,No,Electronic check,51.11,1318.66,No
CUST-0718,Male,0,No,Yes,38,Yes,No,No,No internet service,No,No,No,No,No,Month-to-month,Yes,Bank transfer (automatic),81.36,3050.68,Yes
CUST-0719,Male,0,No,Yes,56,Yes,No,Fiber optic,Yes,No,No,No,No,No,Month-to-month,No,Mailed check,45.91,2595.05,Yes
CUST-0720,Female,0,No,No,16,Yes,No,Fiber optic,No,No,Yes,No,No,Yes,Two year,No,Electronic check,109.66,1789.4,Yes
CUST-0721,Female,0,No,No,43,Yes,Yes,DSL,No,No internet service,No,No,No internet service,No,One year,Yes,Credit card (automatic),81.96,3535.27,No
CUST-0722,Male,0,No,Yes,24,Yes,No,No,No internet service,No,No internet service,No,No,No,Two year,Yes,Bank transfer (automatic),25.48,658.87,Yes
CUST-0723,Female,0,No,No,16,No,Yes,DSL,No,No,No,No,No,No,Month-to-month,Yes,Credit card (automatic),109.61,1670.9,Yes
CUST-0724,Male,0,No,Yes,12,Yes,Yes,DSL,Yes,No,No,No,No,No,Month-to-month,Yes,Electronic check,114.51,1350.81,Yes
CUST-0725,Female,0,No,No,24,Yes,No,DSL,Yes,Yes,No,No internet service,No,No,Two year,Yes,Electronic check,26.06,716.57,No
CUST-0726,Male,1,No,Yes,67,Yes,No,No,Yes,No,No,No,No,No,Month-to-month,No,Electronic check,71.75,4871.42,Yes
CUST-0727,Male,0,Yes,No,9,Yes,Yes,No,Yes,No internet service,No,No internet service,No,No internet service,Two year,No,Mailed check,48.74,470.34,No
CUST-0728,Female,0,Yes,No,66,Yes,No,No,No internet service,Yes,No internet service,Yes,No,No,Month-to-month,No,Bank transfer (automatic),57.73,3802.41,Yes
CUST-0729,Male,0,No,Yes,17,Yes,Yes,Fiber optic,No,No,Yes,No,No,No internet service,Two year,Yes,Bank transfer (automatic),36.3,668.84,No
CUST-0730,Female,0,No,No,33,Yes,No phone service,Fiber optic,Yes,No,No internet service,No,No internet service,Yes,Month-to-month,Yes,Credit card (automatic),76.35,2541.01,No
CUST-0731,Male,0,No,No,7,Yes,Yes,No,No,No internet service,Yes,No,No,No,One year,No,Bank transfer (automatic),114.53,725.84,No
CUST-0732,Female,0,Yes,No,39,Yes,Yes,Fiber optic,No internet service,No,Yes,No internet service,No,No,Two year,No,Mailed check,68.81,2733.38,No
CUST-0733,Female,0,Yes,Yes,41,Yes,Yes,No,Yes,No internet service,No,No,No,Yes,Month-to-month,No,Electronic check,26.58,1046.48,Yes
CUST-0734,Female,0,Yes,No,40,No,Yes,DSL,No,No,Yes,Yes,No,Yes,One year,No,Credit card (automatic),80.56,3260.38,Yes
CUST-0735,Female,0,Yes,No,5,No,No phone service,DSL,Yes,No,Yes,No,No internet service,Yes,Two year,Yes,Electronic check,52.44,181.4,No
CUST-0736,Female,0,Yes,No,51,Yes,Yes,No,No,No,Yes,Yes,No,No,One year,No,Electronic check,104.27,5397.72,Yes
CUST-0737,Male,0,Yes,No,25,Yes,Yes,DSL,Yes,No internet service,No,No,No,No,Two year,No,Electronic check,61.94,1534.76,No
CUST-0738,Female,0,No,Yes,63,No,Yes,No,Yes,Yes,No internet service,No internet service,Yes,No internet service,Month-to-month,Yes,Mailed check,37.63,2315.22,No
CUST-0739,Male,0,Yes,Yes,58,Yes,No,Fiber optic,Yes,No,Yes,No,No internet service,No internet service,Month-to-month,Yes,Electronic check,37.46,2138.25,Yes
CUST-0740,Male,0,No,Yes,55,Yes,Yes,No,No,No,No,No,No,Yes,Month-to-month,Yes,Electronic check,95.51,5236.21,Yes
CUST-0741,Female,1,Yes,Yes,58,Yes,No,DSL,No internet service,No,No,No,No,No,Month-to-month,Yes,Bank transfer (automatic),44.94,2606.23,Yes
CUST-0742,Male,0,Yes,No,69,Yes,No,Fiber optic,Yes,No,No,Yes,No,No,Month-to-month,Yes,Mailed check,95.36,6645.75,Yes
CUST-0743,Male,0,No,Yes,32,Yes,Yes,Fiber optic,Yes,Yes,Yes,No,No,No internet service,One year,Yes,Electronic check,38.94,1249.59,No
CUST-0744,Male,0,No,No,52,Yes,Yes,Fiber optic,Yes,No,No internet service,No,No,No,Month-to-month,No,Bank transfer (automatic),50.58,2521.61,No
CUST-0745,Female,0,No,No,21,Yes,Yes,Fiber optic,No internet service,No,No,Yes,Yes,Yes,Month-to-month,No,Credit card (automatic),65.03,1304.14,Yes
CUST-0746,Male,0,No,Yes,20,Yes,No,No,Yes,Yes,No internet service,No,No,No,Month-to-month,No,Credit card (automatic),113.04,2398.68,Yes
CUST-0747,Male,0,No,No,69,Yes,No,Fiber optic,No,No internet service,No internet service,No,No internet service,Yes,Two year,No,Credit card (automatic),111.89,7727.18,Yes
CUST-0748,Male,0,No,No,69,Yes,No,DSL,Yes,No,No,No internet service,No internet service,No internet service,One year,No,Credit card (automatic),39.04,2741.3,Yes
CUST-0749,Female,0,Yes,Yes,3,Yes,No,No,No internet service,Yes,Yes,No internet service,No,No,Month-to-month,Yes,Credit card (automatic),54.25,147.33,No
CUST-0750,Female,0,No,Yes,61,Yes,No,DSL,No internet service,No,No,Yes,No,No,Two year,Yes,Bank transfer (automatic),33.26,1978.63,Yes
CUST-0751,Female,0,Yes,No,61,Yes,No,Fiber optic,No,No,No,Yes,Yes,Yes,Month-to-month,Yes,Credit card (automatic),69.5,4215.44,Yes
CUST-0752,Female,0,Yes,No,23,No,No,DSL,No,No,No,No,No internet service,No,Two year,Yes,Credit card (automatic),64.54,1490.84,Yes
CUST-0753,Female,1,Yes,No,54,Yes,No,No,Yes,No,Yes,No,No internet service,No,One year,No,Mailed check,108.78,5851.11,Yes
CUST-0754,Female,1,Yes,No,8,Yes,Yes,DSL,Yes,No,No,Yes,No,No internet service,Month-to-month,Yes,Electronic check,111.72,989.68,No
CUST-0755,Female,0,Yes,No,2,Yes,No,DSL,No,No internet service,No,No,No,No,One year,No,Mailed check,56.8,82.79,No
CUST-0756,Female,0,No,No,30,Yes,No,No,No,No,No,Yes,No,Yes,Two year,Yes,Credit card (automatic),67.67,1977.36,No
CUST-0757,Female,0,Yes,No,39,Yes,No,No,No,No,No,No,No,Yes,Month-to-month,No,Mailed check,108.32,4264.92,Yes
CUST-0758,Female,0,Yes,No,35,No,Yes,DSL,Yes,No,No internet service,No,Yes,No,Two year,No,Electronic check,99.32,3522.8,Yes
CUST-0759,Male,0,Yes,No,23,Yes,No,Fiber optic,Yes,Yes,No internet service,Yes,No internet service,No,Month-to-month,No,Mailed check,18.62,429.76,No
CUST-0760,Female,0,Yes,Yes,5,Yes,No,No,No,No internet service,Yes,No internet service,No internet service,Yes,Month-to-month,Yes,Credit card (automatic),50.42,221.99,No
CUST-0761,Male,1,Yes,No,65,Yes,Yes,DSL,No,No,No,No,No,No,Month-to-month,No,Electronic check,60.64,3846.57,Yes
CUST-0762,Male,0,Yes,No,3,Yes,Yes,No,Yes,No,No,No,No,No,Month-to-month,Yes,Mailed check,41.34,185.06,No
CUST-0763,Male,1,No,No,5,No,No,Fiber optic,No,No,No,No,No,Yes,Month-to-month,No,Mailed check,38.31,234.98,No
CUST-0764,Male,0,Yes,No,50,Yes,Yes,Fiber optic,No internet service,No,Yes,No,No,No internet service,Two year,No,Mailed check,22.05,1080.51,No
CUST-0765,Male,0,No,No,61,No,Yes,Fiber optic,Yes,No internet service,No,No,No,No,Month-to-month,No,Electronic check,82.91,5060.49,Yes
CUST-0766,Male,0,Yes,No,56,Yes,Yes,Fiber optic,Yes,No,No,No,No,No,Month-to-month,No,Electronic check,44.63,2487.95,Yes
CUST-0767,Female,0,Yes,No,65,No,No,DSL,No,No,Yes,No,No,No,Month-to-month,Yes,Electronic check,23.51,1609.59,Yes
CUST-0768,Male,0,No,No,7,Yes,Yes,Fiber optic,Yes,No,Yes,Yes,No internet service,No,Two year,No,Mailed check,41.46,238.32,No
CUST-0769,Male,0,No,No,25,Yes,Yes,DSL,No,No internet service,No internet service,No internet service,Yes,No,Two year,Yes,Electronic check,98.84,2440.0,No
CUST-0770,Female,0,Yes,No,50,No,Yes,Fiber optic,No,No,No,No internet service,Yes,No,One year,Yes,Mailed check,103.82,5155.16,No
CUST-0771,Male,0,No,No,44,Yes,Yes,DSL,No,No internet service,No,No,No,No,Two year,No,Mailed check,66.8,2954.71,No
CUST-0772,Male,0,Yes,Yes,43,Yes,No,No,No,No,Yes,No,No,Yes,Two year,Yes,Bank transfer (automatic),60.07,2585.82,Yes
CUST-0773,Female,1,No,No,4,No,No,DSL,Yes,No,No,Yes,No,No,Two year,No,Mailed check,116.52,476.08,No
CUST-0774,Male,0,Yes,No,69,Yes,Yes,Fiber optic,No,No,Yes,No,No,Yes,One year,Yes,Bank transfer (automatic),38.41,2606.26,Yes
CUST-0775,Female,0,Yes,Yes,25,Yes,Yes,Fiber optic,No,No internet service,No,No internet service,Yes,Yes,Month-to-month,No,Mailed check,39.89,1071.49,Yes
CUST-0776,Female,0,No,Yes,67,Yes,Yes,Fiber optic,Yes,No,No,No,No internet service,No,Month-to-month,Yes,Credit card (automatic),47.58,3165.16,Yes
CUST-0777,Male,1,Yes,No,18,Yes,No,Fiber optic,No,No,No,No internet service,No,No,One year,Yes,Bank transfer (automatic),35.61,700.36,Yes
CUST-0778,Male,1,Yes,Yes,19,Yes,Yes,No,No,Yes,No,No internet service,Yes,No internet service,Month-to-month,No,Credit card (automatic),56.38,1228.18,No
CUST-0779,Male,0,Yes,No,11,Yes,Yes,DSL,No,Yes,No,No,No internet service,No,Month-to-month,Yes,Electronic check,109.79,1164.02,Yes
CUST-0780,Male,0,Yes,No,46,Yes,No,DSL,No internet service,No,No,No internet service,No internet service,No,One year,Yes,Credit card (automatic),80.09,3701.26,No
CUST-0781,Female,0,No,Yes,0,No,Yes,Fiber optic,Yes,Yes,No,No,Yes,No internet service,Two year,Yes,Electronic check,59.65, ,No
CUST-0782,Female,0,Yes,No,13,Yes,No,No,No,Yes,No,No,No internet service,Yes,Month-to-month,Yes,Credit card (automatic),112.16,1559.62,No
CUST-0783,Female,1,No,No,63,Yes,Yes,DSL,Yes,No,No,Yes,No,Yes,Two year,No,Bank transfer (automatic),23.12,1442.53,No
CUST-0784,Male,1,No,No,37,Yes,No,DSL,Yes,Yes,No,No,No,No,One year,No,Bank transfer (automatic),39.38,1469.49,No
CUST-0785,Male,0,No,No,36,Yes,Yes,DSL,Yes,Yes,No,Yes,No,No,Two year,Yes,Electronic check,75.12,2715.66,No
CUST-0786,Male,0,Yes,Yes,10,Yes,Yes,Fiber optic,No internet service,Yes,No,No,No internet service,Yes,Two year,No,Bank transfer (automatic),80.11,796.08,No
CUST-0787,Male,1,No,No,2,Yes,No,Fiber optic,No,No,No internet service,No,No,Yes,Two year,Yes,Bank transfer (automatic),22.23,82.23,No
CUST-0788,Male,0,Yes,Yes,32,Yes,Yes,No,Yes,No,No,No,Yes,Yes,Month-to-month,No,Electronic check,58.76,1884.99,Yes
CUST-0789,Female,1,No,No,5,No,No,DSL,No,No internet service,Yes,No,No,No,Month-to-month,No,Mailed check,83.49,441.54,No
CUST-0790,Female,0,No,No,49,Yes,Yes,DSL,Yes,Yes,No,No,No,No,Month-to-month,No,Bank transfer (automatic),88.41,4342.77,Yes
CUST-0791,Female,0,No,No,9,Yes,Yes,DSL,No,No,Yes,No,No,No,Two year,No,Bank transfer (automatic),82.38,711.19,No
CUST-0792,Female,0,No,No,4,Yes,No,Fiber optic,No,No internet service,No,Yes,No,No internet service,Two year,No,Electronic check,50.47,188.43,No
CUST-0793,Female,0,Yes,Yes,22,Yes,No,Fiber optic,Yes,No,No internet service,No,No,No internet service,Two year,Yes,Electronic check,27.65,636.07,No
CUST-0794,Male,0,Yes,No,9,Yes,No,DSL,Yes,No,No internet service,No,No internet service,No,Month-to-month,Yes,Electronic check,61.17,578.1,Yes
CUST-0795,Female,0,Yes,Yes,43,Yes,Yes,No,Yes,No,No internet service,No,No,No,One year,Yes,Credit card (automatic),31.19,1403.42,No
CUST-0796,Female,0,No,Yes,1,Yes,No,Fiber optic,No,No,No,No,No,No,Month-to-month,Yes,Electronic check,113.49,206.45,Yes
CUST-0797,Female,0,Yes,Yes,12,Yes,No,Fiber optic,No internet service,No internet service,No,No internet service,No internet service,No,Month-to-month,No,Mailed check,66.0,765.95,No
CUST-0798,Male,0,No,No,39,No,No,Fiber optic,Yes,No internet service,No,No,Yes,No,Month-to-month,No,Mailed check,50.13,1961.81,Yes
CUST-0799,Male,0,No,No,1,Yes,No,DSL,No internet service,No,No internet service,No,No,No,Month-to-month,No,Mailed check,95.26,85.59,No
CUST-0800,Female,0,Yes,No,64,Yes,No,No,No,Yes,No,No internet service,No,Yes,Two year,No,Electronic check,68.29,4315.19,No
CUST-0801,Male,0,Yes,No,62,Yes,No,No,No,No,No,No,No,No,Month-to-month,Yes,Bank transfer (automatic),49.41,3091.65,Yes
CUST-0802,Male,0,Yes,No,72,No,Yes,Fiber optic,Yes,No,No,No,No,Yes,Month-to-month,No,Electronic check,99.85,7228.09,Yes
CUST-0803,Female,1,Yes,No,16,Yes,No,Fiber optic,No internet service,No,No,No,Yes,No,Two year,Yes,Bank transfer (automatic),105.4,1632.55,Yes
CUST-0804,Male,0,No,No,8,Yes,No,DSL,No internet service,No,No,No,No internet service,Yes,Month-to-month,Yes,Bank transfer (automatic),85.89,668.4,Yes
CUST-0805,Male,0,Yes,No,14,Yes,Yes,Fiber optic,Yes,Yes,No,Yes,No,No internet service,Month-to-month,Yes,Credit card (automatic),22.97,297.98,No
CUST-0806,Male,0,No,Yes,23,Yes,No,DSL,No internet service,No,No,No,Yes,No,Month-to-month,No,Electronic check,75.17,1653.49,Yes
CUST-0807,Female,0,Yes,Yes,37,Yes,Yes,No,No,No,Yes,No,No,No,Month-to-month,Yes,Mailed check,94.96,3511.7,Yes
CUST-0808,Female,1,No,Yes,34,Yes,No,DSL,Yes,No,No,No internet service,Yes,No,Month-to-month,No,Credit card (automatic),31.97,1029.72,No
CUST-0809,Female,0,Yes,No,48,Yes,Yes,DSL,No,No internet service,Yes,Yes,No,No,Month-to-month,No,Mailed check,41.23,1986.99,Yes
CUST-0810,Male,0,Yes,No,68,Yes,No,DSL,No,Yes,Yes,No,No internet service,No internet service,One year,Yes,Electronic check,106.94,7285.38,No
CUST-0811,Female,0,Yes,Yes,61,Yes,No phone service,DSL,No,No,No,No,No,No,Month-to-month,Yes,Credit card (automatic),20.27,1256.12,Yes
CUST-0812,Male,0,Yes,Yes,59,Yes,No,Fiber optic,No internet service,No internet service,No,No internet service,No,No,Month-to-month,No,Electronic check,93.9,5562.17,Yes
CUST-0813,Male,0,No,No,49,Yes,Yes,DSL,No,Yes,No,No,No internet service,No internet service,Two year,Yes,Bank transfer (automatic),65.86,3303.69,Yes
CUST-0814,Female,0,No,No,8,Yes,No,Fiber optic,No internet service,No internet service,No,No internet service,Yes,No,Month-to-month,No,Electronic check,63.15,464.77,No
CUST-0815,Female,0,Yes,No,33,Yes,No,DSL,No,Yes,Yes,No,No,No,Two year,No,Electronic check,18.96,587.76,No
CUST-0816,Male,0,Yes,No,34,Yes,No,Fiber optic,No,No,No,No,Yes,No,Month-to-month,Yes,Credit card (automatic),100.6,3453.16,Yes
CUST-0817,Male,0,No,No,0,Yes,No,Fiber optic,No internet service,Yes,No internet service,Yes,No internet service,Yes,Month-to-month,Yes,Bank transfer (automatic),54.41, ,Yes
CUST-0818,Female,1,Yes,No,39,Yes,Yes,No,No,No,No,No,No,No,One year,No,Credit card (automatic),72.6,2887.67,No
CUST-0819,Female,0,Yes,No,63,Yes,Yes,No,No,No,Yes,Yes,Yes,No internet service,Month-to-month,No,Mailed check,86.32,5466.24,Yes
CUST-0820,Male,0,No,No,21,No,Yes,No,No,No,No internet service,No,No,Yes,Month-to-month,No,Electronic check,88.86,1961.97,Yes
CUST-0821,Male,0,No,No,59,Yes,Yes,Fiber optic,No,No,No,No,Yes,No,One year,No,Bank transfer (automatic),114.33,6740.9,Yes
CUST-0822,Female,0,Yes,No,63,Yes,No,Fiber optic,No,No,No,No,No internet service,No,Month-to-month,Yes,Credit card (automatic),71.65,4439.85,Yes
CUST-0823,Male,1,Yes,No,71,Yes,Yes,Fiber optic,Yes,No internet service,No,Yes,Yes,No,Two year,No,Electronic check,58.42,4164.85,Yes
CUST-0824,Male,0,No,No,10,Yes,Yes,No,No internet service,Yes,No,No,No,No,Two year,Yes,Credit card (automatic),114.1,1137.42,No
CUST-0825,Male,0,No,No,13,Yes,No,DSL,No,No,No,No,No internet service,No,Month-to-month,Yes,Mailed check,82.78,1102.86,No
CUST-0826,Male,0,Yes,No,59,Yes,Yes,Fiber optic,No,No internet service,No,No,No,No internet service,One year,Yes,Mailed check,48.21,2877.52,Yes
CUST-0827,Female,0,Yes,No,29,Yes,Yes,DSL,No,No,No,No internet service,Yes,No,Month-to-month,No,Mailed check,30.96,871.11,No
CUST-0828,Female,0,No,No,34,Yes,Yes,Fiber optic,No internet service,No,No internet service,Yes,No,No,Two year,Yes,Credit card (automatic),102.93,3449.17,Yes
CUST-0829,Female,0,No,Yes,36,Yes,No,Fiber optic,Yes,No,Yes,No,No,No,Two year,Yes,Bank transfer (automatic),54.65,1960.1,Yes
CUST-0830,Male,0,No,No,4,Yes,No,Fiber optic,No,No internet service,No,No,No,Yes,Two year,Yes,Bank transfer (automatic),84.63,219.46,No
CUST-0831,Male,1,Yes,No,25,Yes,No,Fiber optic,No,No internet service,No,No internet service,No,No,Month-to-month,Yes,Bank transfer (automatic),65.57,1643.28,Yes
CUST-0832,Female,0,No,No,61,Yes,No phone service,No,No,No,No internet service,No,No,No,Two year,Yes,Electronic check,38.24,2312.27,No
CUST-0833,Male,0,Yes,Yes,3,Yes,Yes,Fiber optic,No internet service,No internet service,No internet service,Yes,No internet service,No internet service,Month-to-month,Yes,Bank transfer (automatic),78.72,279.24,No
CUST-0834,Male,0,Yes,No,41,Yes,No,No,Yes,Yes,Yes,No,No,No,Month-to-month,No,Electronic check,24.35,899.06,No
CUST-0835,Male,0,No,No,17,Yes,No,DSL,No,No,No internet service,No,No,Yes,Two year,Yes,Electronic check,59.79,1016.75,No
CUST-0836,Female,0,No,Yes,39,Yes,No,Fiber optic,No,No,No internet service,No,No internet service,No,Month-to-month,No,Electronic check,73.18,2932.83,Yes
CUST-0837,Male,0,No,No,71,Yes,Yes,Fiber optic,Yes,No,No internet service,No,No,Yes,Two year,Yes,Bank transfer (automatic),62.07,4440.74,Yes
CUST-0838,Male,0,No,No,38,Yes,Yes,DSL,No,No,No internet service,No internet service,No,No,Month-to-month,Yes,Bank transfer (automatic),93.49,3601.65,No
CUST-0839,Female,1,Yes,No,13,Yes,Yes,Fiber optic,No,No,No internet service,No,No,No,Two year,No,Electronic check,101.46,1335.97,Yes
CUST-0840,Female,0,Yes,No,31,Yes,No,Fiber optic,Yes,No,No,No,Yes,No internet service,Month-to-month,No,Mailed check,95.76,2885.48,No
CUST-0841,Female,0,Yes,No,50,Yes,Yes,Fiber optic,No,No,No internet service,No internet service,No internet service,No,Month-to-month,Yes,Mailed check,22.15,1115.83,Yes
CUST-0842,Male,0,No,No,37,Yes,Yes,Fiber optic,Yes,No,No,No internet service,Yes,No,Month-to-month,No,Mailed check,37.76,1417.54,Yes
CUST-0843,Female,1,No,No,22,No,Yes,Fiber optic,Yes,No internet service,No,No,No internet service,Yes,One year,Yes,Mailed check,72.18,1534.05,No
CUST-0844,Male,0,No,No,62,Yes,No phone service,DSL,No internet service,Yes,Yes,No internet service,No internet service,No internet service,Month-to-month,No,Electronic check,112.2,6950.07,Yes
CUST-0845,Female,0,No,No,14,Yes,No,Fiber optic,No internet service,No internet service,No,No internet service,No internet service,No,One year,Yes,Credit card (automatic),102.16,1285.19,No
CUST-0846,Female,0,Yes,Yes,24,Yes,Yes,DSL,No,Yes,No,No,Yes,No internet service,Month-to-month,No,Mailed check,102.92,2453.38,Yes
CUST-0847,Female,0,Yes,No,16,Yes,Yes,DSL,Yes,No internet service,No,Yes,No,No,Month-to-month,No,Bank transfer (automatic),48.72,757.7,Yes
CUST-0848,Female,0,Yes,No,65,Yes,No,DSL,No internet service,No,No,No internet service,No,No,Month-to-month,Yes,Electronic check,61.41,4061.76,Yes
CUST-0849,Male,0,No,No,52,Yes,Yes,DSL,No internet service,No,No,No,Yes,No internet service,Month-to-month,Yes,Credit card (automatic),65.56,3378.96,Yes
CUST-0850,Male,0,Yes,No,50,Yes,Yes,DSL,No,No,Yes,No internet service,No,No,Two year,Yes,Credit card (automatic),34.07,1690.18,Yes
CUST-0851,Male,0,No,Yes,38,Yes,Yes,DSL,No,No,No,No,Yes,No internet service,Two year,Yes,Bank transfer (automatic),21.37,808.1,No
CUST-0852,Female,0,No,Yes,50,Yes,No phone service,DSL,No internet service,Yes,No,No internet service,No,Yes,Month-to-month,Yes,Electronic check,113.41,5640.98,Yes
CUST-0853,Male,0,Yes,No,69,No,Yes,Fiber optic,No internet service,Yes,No internet service,Yes,No,No,One year,No,Credit card (automatic),42.44,2964.35,Yes
CUST-0854,Female,0,No,Yes,5,Yes,Yes,DSL,No,No,No internet service,No,No internet service,No,Two year,No,Bank transfer (automatic),42.36,112.18,No
CUST-0855,Female,0,No,No,66,Yes,Yes,Fiber optic,No,No,Yes,Yes,No,No,Month-to-month,No,Credit card (automatic),26.63,1814.41,Yes
CUST-0856,Male,0,No,No,6,Yes,No,No,No internet service,No,No internet service,No internet service,No,No,Month-to-month,Yes,Credit card (automatic),111.57,668.83,Yes
CUST-0857,Female,1,No,Yes,50,Yes,Yes,No,No,Yes,No,No,No,No internet service,Month-to-month,Yes,Credit card (automatic),76.51,3890.58,No
CUST-0858,Female,0,No,No,71,Yes,Yes,DSL,No internet service,Yes,Yes,No,Yes,No internet service,Month-to-month,No,Mailed check,85.29,5918.23,Yes
CUST-0859,Female,0,Yes,No,41,Yes,Yes,No,No,No,Yes,No,No internet service,Yes,Month-to-month,Yes,Credit card (automatic),109.86,4382.45,Yes
CUST-0860,Female,0,No,No,63,Yes,Yes,DSL,No,No internet service,No,No internet service,No internet service,No,Month-to-month,No,Mailed check,52.98,3323.14,Yes
CUST-0861,Female,1,No,Yes,14,Yes,No phone service,DSL,Yes,Yes,No,No,Yes,No internet service,One year,Yes,Credit card (automatic),80.71,1155.24,No
CUST-0862,Male,0,Yes,No,28,Yes,Yes,No,No internet service,No,No,No internet service,Yes,No,Month-to-month,No,Electronic check,22.15,592.45,No
CUST-0863,Male,0,Yes,Yes,32,Yes,Yes,No,Yes,No,No,Yes,Yes,No,Month-to-month,Yes,Electronic check,37.02,1213.83,No
CUST-0864,Female,0,No,Yes,26,Yes,No,Fiber optic,No,No internet service,Yes,No,No internet service,No,Month-to-month,Yes,Electronic check,101.79,2695.61,Yes
CUST-0865,Female,0,Yes,No,35,Yes,Yes,Fiber optic,No,No,No,No,Yes,No,Month-to-month,No,Mailed check,95.31,3369.15,Yes
CUST-0866,Male,0,No,Yes,28,Yes,No phone service,Fiber optic,No internet service,No,No internet service,Yes,Yes,No,Month-to-month,Yes,Bank transfer (automatic),53.49,1502.88,Yes
CUST-0867,Female,1,No,Yes,37,Yes,No phone service,DSL,No,No,No,No internet service,No,No,Two year,No,Bank transfer (automatic),56.12,2081.22,No
CUST-0868,Male,0,Yes,No,56,Yes,No,DSL,Yes,No,No,No,Yes,No internet service,Month-to-month,Yes,Bank transfer (automatic),71.87,3993.98,Yes
CUST-0869,Male,1,No,No,26,Yes,No phone service,Fiber optic,Yes,No internet service,No,No,No internet service,No,One year,No,Mailed check,18.27,472.25,No
CUST-0870,Female,0,Yes,No,54,Yes,Yes,No,No internet service,No internet service,Yes,No,No internet service,Yes,Month-to-month,Yes,Electronic check,42.5,2243.79,Yes
CUST-0871,Female,0,Yes,No,32,No,Yes,DSL,Yes,No,No,Yes,Yes,No,One year,Yes,Credit card (automatic),39.18,1214.52,Yes
CUST-0872,Female,0,No,Yes,67,Yes,No,No,No internet service,No internet service,No,No,No,No,One year,No,Mailed check,43.42,2934.86,Yes
CUST-0873,Male,1,No,No,65,Yes,No,DSL,Yes,No internet service,Yes,No,No internet service,No internet service,Month-to-month,No,Bank transfer (automatic),99.24,6427.46,Yes
CUST-0874,Male,0,No,No,9,Yes,No,Fiber optic,Yes,No internet service,No internet service,No internet service,Yes,No,Two year,No,Electronic check,46.36,380.36,No
CUST-0875,Female,0,No,No,4,Yes,Yes,Fiber optic,No,No,No,No internet service,No,No,Month-to-month,Yes,Credit card (automatic),37.5,172.46,No
CUST-0876,Female,0,Yes,No,37,Yes,No,Fiber optic,No,No internet service,No,No internet service,No,No,Two year,No,Mailed check,68.93,2569.4,No
CUST-0877,Male,0,No,Yes,12,Yes,Yes,DSL,No internet service,Yes,No,No internet service,No internet service,No internet service,Month-to-month,Yes,Credit card (automatic),105.25,1252.24,Yes
CUST-0878,Male,1,No,No,30,Yes,Yes,Fiber optic,No,No,No,No,No,No internet service,Two year,Yes,Electronic check,42.51,1267.85,No
CUST-0879,Male,0,Yes,No,46,Yes,No,Fiber optic,No,No internet service,Yes,No,Yes,No internet service,Two year,Yes,Bank transfer (automatic),26.14,1223.24,No
CUST-0880,Male,0,Yes,No,51,Yes,Yes,DSL,No internet service,No,No,Yes,No,No,Two year,Yes,Mailed check,54.07,2806.02,No
CUST-0881,Female,0,Yes,No,55,Yes,No,DSL,Yes,No internet service,No,No,No,No internet service,Month-to-month,Yes,Credit card (automatic),93.39,5146.5,Yes
CUST-0882,Male,1,No,No,14,No,Yes,Fiber optic,No,No,No,No,No internet service,No,Month-to-month,Yes,Bank transfer (automatic),73.59,970.66,No
CUST-0883,Female,0,Yes,No,28,Yes,No,Fiber optic,No,No,No,No,No,No,One year,Yes,Electronic check,100.34,2798.45,No
CUST-0884,Male,0,Yes,Yes,7,Yes,No phone service,DSL,No,Yes,No,No,No,No,Two year,Yes,Mailed check,114.69,782.47,No
CUST-0885,Male,1,No,No,4,Yes,No,Fiber optic,Yes,No,No internet service,No,No internet service,No,Two year,No,Mailed check,97.91,338.99,No
CUST-0886,Male,0,No,No,28,Yes,Yes,No,Yes,No,Yes,No,No,Yes,Month-to-month,Yes,Credit card (automatic),78.93,2234.94,Yes
CUST-0887,Male,0,No,No,46,Yes,No,DSL,No,No,No,No internet service,Yes,No,Two year,Yes,Mailed check,67.83,3148.92,No
CUST-0888,Female,0,Yes,No,67,Yes,No,Fiber optic,No internet service,No,Yes,No,No,No internet service,Month-to-month,No,Electronic check,22.28,1529.07,Yes
CUST-0889,Female,0,No,No,44,Yes,Yes,DSL,No,No,No internet service,No internet service,No,No,Month-to-month,Yes,Electronic check,117.17,5105.93,Yes
CUST-0890,Female,0,No,No,1,Yes,No,DSL,Yes,No,No internet service,Yes,No,Yes,Month-to-month,No,Mailed check,56.79,64.66,No
CUST-0891,Male,0,Yes,No,26,No,Yes,DSL,No,No,No internet service,Yes,No,Yes,Month-to-month,No,Electronic check,33.55,871.99,No
CUST-0892,Female,0,Yes,No,35,Yes,No,Fiber optic,Yes,No,Yes,No,No,No,Two year,Yes,Mailed check,85.25,2999.12,Yes
CUST-0893,Female,0,Yes,No,35,Yes,Yes,No,No,No,No internet service,No,No,No,Month-to-month,No,Electronic check,46.82,1645.19,No
CUST-0894,Female,0,Yes,No,25,No,Yes,DSL,No internet service,No,Yes,Yes,No internet service,No,One year,No,Electronic check,77.12,1927.37,No
CUST-0895,Female,0,No,No,42,Yes,Yes,Fiber optic,Yes,Yes,No,No,No,No internet service,One year,Yes,Credit card (automatic),77.22,3236.6,No
CUST-0896,Male,0,No,Yes,26,Yes,Yes,Fiber optic,No,No,Yes,Yes,No,No internet service,Month-to-month,Yes,Bank transfer (automatic),63.05,1694.64,No
CUST-0897,Male,0,No,No,68,No,No,DSL,Yes,Yes,No internet service,Yes,No,Yes,Month-to-month,Yes,Bank transfer (automatic),102.28,6911.95,Yes
CUST-0898,Male,0,Yes,No,19,Yes,No,Fiber optic,No internet service,No,No internet service,No internet service,No,No internet service,One year,No,Electronic check,44.88,844.06,No
CUST-0899,Male,0,Yes,No,10,Yes,No,No,No internet service,No internet service,No,No,No,No,Month-to-month,Yes,Electronic check,63.34,687.47,No
CUST-0900,Female,0,No,Yes,37,No,No,No,No internet service,Yes,No internet service,No,No,No,Two year,Yes,Mailed check,72.29,2634.18,No
CUST-0901,Male,0,No,No,5,Yes,No,No,Yes,No,Yes,No,No,No,Two year,Yes,Electronic check,84.94,386.7,No
CUST-0902,Male,0,Yes,No,71,No,Yes,DSL,No,Yes,No internet service,No internet service,No,No,Month-to-month,Yes,Mailed check,97.04,6926.54,Yes
CUST-0903,Male,0,Yes,Yes,22,Yes,No,No,No internet service,No,No,Yes,No,Yes,Month-to-month,No,Electronic check,57.93,1203.26,Yes
CUST-0904,Female,0,Yes,No,46,Yes,Yes,DSL,No,No internet service,No,No,No,No,Month-to-month,No,Electronic check,83.18,3859.31,Yes
CUST-0905,Male,0,No,No,45,Yes,Yes,Fiber optic,No,No,No,No,Yes,No internet service,One year,No,Electronic check,33.39,1478.07,Yes
CUST-0906,Male,0,No,No,11,Yes,Yes,No,No,No,No,No,No,No,Month-to-month,Yes,Credit card (automatic),111.98,1252.28,Yes
CUST-0907,Male,0,No,No,12,Yes,No,DSL,No,Yes,No,No,No internet service,Yes,Month-to-month,No,Credit card (automatic),56.75,619.96,No
CUST-0908,Male,0,No,No,61,No,No phone service,Fiber optic,No,No,No,No,No,No internet service,Month-to-month,No,Bank transfer (automatic),91.57,5645.02,Yes
CUST-0909,Female,0,No,No,59,Yes,No,Fiber optic,No,No,No,Yes,No internet service,No,Two year,Yes,Bank transfer (automatic),20.29,1136.25,Yes
CUST-0910,Female,0,No,Yes,42,Yes,No,Fiber optic,No,No,No,Yes,No,Yes,Month-to-month,Yes,Bank transfer (automatic),38.87,1668.79,Yes
CUST-0911,Female,1,No,No,67,Yes,Yes,DSL,No internet service,Yes,No,No internet service,No internet service,No internet service,Month-to-month,Yes,Electronic check,67.2,4443.63,Yes
CUST-0912,Male,1,No,No,4,Yes,Yes,No,No,No internet service,No,No,No,No internet service,Two year,Yes,Bank transfer (automatic),106.51,516.46,No
CUST-0913,Male,0,Yes,No,36,No,No,Fiber optic,No internet service,No,No,No,Yes,Yes,One year,No,Credit card (automatic),71.24,2561.07,No
CUST-0914,Female,0,Yes,No,71,Yes,Yes,DSL,No,No internet service,Yes,No,No,No internet service,One year,Yes,Electronic check,111.7,8028.24,Yes
CUST-0915,Male,0,No,No,30,Yes,Yes,DSL,No,No,No internet service,Yes,Yes,No internet service,One year,Yes,Bank transfer (automatic),66.87,1965.16,No
CUST-0916,Female,0,Yes,No,8,No,No,No,Yes,No internet service,No,No,No,No,Two year,No,Mailed check,67.54,518.19,No
CUST-0917,Female,0,No,Yes,50,Yes,No,DSL,No,No,No,No internet service,No,No,One year,No,Electronic check,30.28,1574.54,No
CUST-0918,Male,0,No,No,28,Yes,Yes,DSL,No,No,Yes,Yes,No,No,Two year,Yes,Electronic check,98.92,2698.45,Yes
CUST-0919,Female,0,Yes,No,39,Yes,Yes,Fiber optic,No,No,No,No,Yes,No,One year,No,Credit card (automatic),43.07,1644.77,No
CUST-0920,Female,0,Yes,No,40,Yes,Yes,Fiber optic,No internet service,Yes,No,Yes,No,No,One year,Yes,Mailed check,108.66,4371.15,Yes
CUST-0921,Male,0,No,No,10,No,No,Fiber optic,No,Yes,No internet service,No,No,No,Month-to-month,Yes,Mailed check,109.79,1046.96,Yes
CUST-0922,Male,1,Yes,No,22,Yes,No,Fiber optic,Yes,No internet service,No,No,No,No,Month-to-month,No,Credit card (automatic),113.05,2513.19,Yes
CUST-0923,Male,0,No,Yes,0,Yes,No,Fiber optic,Yes,No,No,Yes,Yes,No,Two year,Yes,Bank transfer (automatic),70.53, ,No
CUST-0924,Female,0,Yes,Yes,45,Yes,No,No,No internet service,Yes,No internet service,Yes,Yes,No,Month-to-month,No,Electronic check,86.3,3807.82,No
CUST-0925,Male,0,No,No,20,Yes,No,DSL,Yes,No,No,No internet service,No,No,One year,No,Mailed check,96.49,1978.19,Yes
CUST-0926,Male,0,Yes,No,35,Yes,Yes,Fiber optic,No internet service,No internet service,Yes,No,Yes,No,Month-to-month,No,Bank transfer (automatic),31.42,1036.58,Yes
CUST-0927,Male,1,Yes,No,53,Yes,Yes,No,No,Yes,No,No,Yes,No,Two year,Yes,Bank transfer (automatic),78.65,4207.01,Yes
CUST-0928,Male,1,Yes,No,56,Yes,No,Fiber optic,Yes,No internet service,No,No,No,No,Month-to-month,No,Bank transfer (automatic),21.7,1221.62,Yes
CUST-0929,Male,0,Yes,No,0,Yes,Yes,Fiber optic,Yes,No internet service,No,No,No,No,Two year,Yes,Mailed check,68.26, ,No
CUST-0930,Male,0,No,No,62,Yes,No,DSL,No,No,No internet service,No,No internet service,No,One year,Yes,Electronic check,33.81,2040.95,No
CUST-0931,Male,1,Yes,No,53,Yes,Yes,Fiber optic,No,No internet service,No,No,No,No internet service,Month-to-month,Yes,Mailed check,36.63,1957.85,Yes
CUST-0932,Male,1,No,No,54,Yes,No phone service,Fiber optic,No,No internet service,No,No internet service,No,No internet service,Month-to-month,Yes,Bank transfer (automatic),54.94,2923.13,Yes
CUST-0933,Male,0,Yes,No,39,Yes,Yes,Fiber optic,Yes,No,No,No,No,No internet service,Month-to-month,Yes,Mailed check,61.71,2467.09,Yes
CUST-0934,Male,0,Yes,No,14,Yes,No,No,No internet service,Yes,No,Yes,No,No,Month-to-month,No,Electronic check,80.88,1194.54,No
CUST-0935,Female,0,Yes,No,20,Yes,Yes,DSL,No,Yes,No,Yes,No internet service,No,Month-to-month,Yes,Electronic check,25.73,596.7,Yes
CUST-0936,Female,0,Yes,No,46,Yes,Yes,DSL,No,No,No,No,No,No,Month-to-month,Yes,Credit card (automatic),68.87,3182.06,Yes
CUST-0937,Female,0,No,Yes,72,Yes,No phone service,DSL,No,No,No internet service,Yes,Yes,No,Two year,No,Electronic check,36.6,2614.98,No
CUST-0938,Female,0,Yes,No,52,Yes,Yes,Fiber optic,No,Yes,No,No internet service,No internet service,Yes,Month-to-month,Yes,Bank transfer (automatic),75.93,3933.51,Yes
CUST-0939,Male,0,Yes,No,8,Yes,Yes,DSL,No,Yes,Yes,No internet service,Yes,No,One year,No,Bank transfer (automatic),82.31,639.98,No
CUST-0940,Male,0,Yes,No,51,Yes,Yes,Fiber optic,No internet service,No,No,Yes,Yes,No internet service,Month-to-month,Yes,Bank transfer (automatic),74.2,3796.6,Yes
CUST-0941,Female,1,No,No,56,Yes,Yes,DSL,No,No,No,No,No,Yes,One year,No,Electronic check,92.45,5199.03,No
CUST-0942,Male,0,No,Yes,25,Yes,Yes,Fiber optic,No,No internet service,No,No,No,No,Month-to-month,Yes,Electronic check,51.98,1361.08,Yes
CUST-0943,Male,0,No,Yes,40,Yes,No,DSL,Yes,No internet service,No,Yes,Yes,No,One year,Yes,Bank transfer (automatic),95.14,3806.61,No
CUST-0944,Male,0,Yes,Yes,34,Yes,Yes,No,Yes,No internet service,Yes,No,Yes,Yes,One year,Yes,Electronic check,61.74,2029.0,Yes
CUST-0945,Male,0,Yes,No,62,Yes,Yes,Fiber optic,Yes,No internet service,Yes,No,No internet service,Yes,One year,Yes,Bank transfer (automatic),66.91,4128.05,Yes
CUST-0946,Male,0,Yes,No,24,Yes,Yes,No,Yes,No,No,No,Yes,No,Month-to-month,No,Credit card (automatic),83.38,2078.91,Yes
CUST-0947,Female,0,Yes,No,37,Yes,Yes,Fiber optic,No,No internet service,Yes,No internet service,No internet service,No,One year,No,Mailed check,20.1,665.87,Yes
CUST-0948,Female,0,Yes,No,1,Yes,No,DSL,Yes,No,No,No,No,No,Month-to-month,No,Mailed check,83.98,120.94,Yes
CUST-0949,Female,0,Yes,Yes,6,Yes,No phone service,DSL,No,No,No,No,Yes,No internet service,Month-to-month,Yes,Electronic check,80.42,462.99,Yes
CUST-0950,Female,0,Yes,No,33,Yes,No,No,No,No,Yes,Yes,No,Yes,Month-to-month,Yes,Electronic check,49.39,1585.7,No
CUST-0951,Female,0,Yes,No,16,No,No phone service,Fiber optic,Yes,No,No,No internet service,No,Yes,Month-to-month,Yes,Credit card (automatic),26.87,449.7,No
CUST-0952,Female,0,Yes,No,42,Yes,No,DSL,No,No,Yes,Yes,No,Yes,Month-to-month,Yes,Electronic check,27.39,1228.43,Yes
CUST-0953,Female,0,Yes,No,58,Yes,Yes,Fiber optic,No,No internet service,No,No internet service,No,No,One year,No,Electronic check,111.03,6456.76,Yes
CUST-0954,Female,0,Yes,Yes,50,Yes,No,Fiber optic,Yes,No,No,No,No,No,Month-to-month,No,Credit card (automatic),87.52,4362.87,Yes
CUST-0955,Female,0,No,No,53,No,Yes,DSL,No,No,No internet service,Yes,No internet service,Yes,Month-to-month,No,Bank transfer (automatic),31.02,1579.26,No
CUST-0956,Male,0,No,Yes,23,Yes,No,DSL,No,No,No internet service,No,No,No internet service,Month-to-month,No,Electronic check,54.1,1239.36,Yes
CUST-0957,Male,1,No,No,24,Yes,No,No,Yes,No internet service,No,No,No,No,One year,No,Mailed check,77.79,1800.35,No
CUST-0958,Male,0,No,Yes,70,Yes,No,DSL,No,No internet service,No,No,Yes,Yes,One year,Yes,Bank transfer (automatic),102.22,7139.9,No
CUST-0959,Female,1,No,Yes,51,Yes,Yes,DSL,No,No internet service,No,Yes,No,No internet service,Month-to-month,Yes,Mailed check,22.64,1151.49,Yes
CUST-0960,Female,0,No,No,69,No,Yes,DSL,No,No,No,No,No internet service,No internet service,One year,Yes,Bank transfer (automatic),42.03,2782.04,Yes
CUST-0961,Female,0,Yes,Yes,32,Yes,No,DSL,No,No internet service,No,No internet service,No,Yes,Month-to-month,No,Electronic check,107.67,3514.86,No
CUST-0962,Female,0,Yes,No,48,Yes,Yes,Fiber optic,No internet service,No,No internet service,No,No,No,Month-to-month,Yes,Electronic check,19.17,858.23,No
CUST-0963,Female,1,Yes,No,28,Yes,No phone service,DSL,No,No,No,No,No,No,Month-to-month,Yes,Credit card (automatic),38.49,1068.42,Yes
CUST-0964,Female,0,Yes,Yes,62,Yes,Yes,DSL,No,Yes,No,No,No,No internet service,One year,Yes,Bank transfer (automatic),114.63,7133.75,Yes
CUST-0965,Female,0,Yes,No,21,Yes,No,No,No,No internet service,No,No,No,No internet service,One year,No,Electronic check,79.9,1743.33,No
CUST-0966,Male,0,Yes,No,25,Yes,No,DSL,No,No,Yes,No,No,No,Month-to-month,Yes,Electronic check,44.55,1074.14,Yes
CUST-0967,Male,1,No,Yes,27,Yes,Yes,Fiber optic,Yes,Yes,No,Yes,Yes,No,Month-to-month,Yes,Electronic check,24.98,549.0,No
CUST-0968,Female,1,No,No,48,Yes,Yes,Fiber optic,No internet service,No internet service,No,No internet service,No,Yes,Month-to-month,No,Mailed check,21.08,1065.77,Yes
CUST-0969,Female,0,Yes,No,70,Yes,No,Fiber optic,No,No internet service,No,No,No internet service,Yes,One year,Yes,Credit card (automatic),42.85,2937.03,Yes
CUST-0970,Male,0,No,Yes,48,Yes,Yes,No,No,No,No,No,No internet service,No internet service,Two year,No,Bank transfer (automatic),106.84,5146.29,Yes
CUST-0971,Female,0,Yes,No,19,Yes,Yes,DSL,No,Yes,Yes,No,No internet service,No,Month-to-month,Yes,Electronic check,60.05,1162.03,Yes
CUST-0972,Male,1,Yes,Yes,62,Yes,Yes,No,Yes,No,No internet service,No,No,Yes,Month-to-month,No,Credit card (automatic),90.64,5457.08,No
CUST-0973,Female,0,No,No,60,Yes,No,Fiber optic,No,No,No,No,Yes,No internet service,One year,Yes,Bank transfer (automatic),110.54,6551.66,Yes
CUST-0974,Male,1,No,No,48,Yes,Yes,Fiber optic,No internet service,No,No,No,No internet service,Yes,Two year,Yes,Mailed check,59.26,2821.44,Yes
CUST-0975,Male,0,No,Yes,70,Yes,No,DSL,No,No,No,No,No internet service,No,Two year,No,Electronic check,37.47,2493.69,No
CUST-0976,Female,0,Yes,No,0,Yes,Yes,DSL,Yes,No internet service,Yes,No,No internet service,Yes,One year,Yes,Bank transfer (automatic),70.22, ,Yes
CUST-0977,Female,1,Yes,Yes,12,Yes,No,Fiber optic,No,Yes,No,No,No,No,Two year,Yes,Electronic check,109.51,1320.26,Yes
CUST-0978,Female,1,Yes,Yes,50,Yes,No,No,Yes,No,No,No,No,No internet service,Month-to-month,Yes,Credit card (automatic),99.09,4950.08,Yes
CUST-0979,Female,0,No,No,55,Yes,Yes,Fiber optic,No internet service,No,No internet service,No,Yes,No,Month-to-month,Yes,Electronic check,24.87,1382.98,Yes
CUST-0980,Male,0,Yes,Yes,61,Yes,No,DSL,No,No internet service,No,Yes,No internet service,Yes,Month-to-month,Yes,Electronic check,87.85,5381.31,Yes
CUST-0981,Male,0,No,Yes,31,Yes,Yes,DSL,No internet service,No,No internet service,No internet service,No,No,One year,Yes,Electronic check,75.73,2263.54,No
CUST-0982,Male,0,No,No,29,Yes,No,Fiber optic,Yes,Yes,Yes,No,No,Yes,Month-to-month,Yes,Bank transfer (automatic),109.45,3109.81,Yes
CUST-0983,Female,0,No,Yes,28,Yes,Yes,Fiber optic,No,No,No internet service,No,No,No,Month-to-month,No,Mailed check,30.56,893.75,Yes
CUST-0984,Male,0,No,No,48,Yes,Yes,DSL,Yes,Yes,No,No internet service,No,Yes,Month-to-month,Yes,Credit card (automatic),71.92,3528.38,Yes
CUST-0985,Male,0,No,No,44,Yes,No,DSL,No,No internet service,No,No,Yes,No,Month-to-month,No,Mailed check,106.64,4643.79,Yes
CUST-0986,Female,0,No,Yes,29,Yes,No,Fiber optic,Yes,No,Yes,No,No,Yes,Two year,Yes,Electronic check,59.46,1737.29,No
CUST-0987,Female,0,Yes,No,15,Yes,Yes,Fiber optic,No,No,No,No,No,No internet service,Month-to-month,Yes,Credit card (automatic),66.69,1040.7,No
CUST-0988,Male,0,Yes,Yes,39,Yes,No phone service,Fiber optic,No internet service,Yes,No,No,No,Yes,Month-to-month,Yes,Credit card (automatic),25.33,999.75,No
CUST-0989,Male,0,Yes,Yes,18,Yes,No,No,Yes,Yes,Yes,No,No,No,Two year,Yes,Bank transfer (automatic),46.2,819.16,No
CUST-0990,Male,0,No,No,17,Yes,Yes,Fiber optic,Yes,No,No,No,No internet service,No,Month-to-month,Yes,Electronic check,50.86,832.59,Yes
CUST-0991,Female,0,No,No,0,No,Yes,DSL,No internet service,No,Yes,No,No,No,One year,Yes,Electronic check,113.23, ,No
CUST-0992,Male,1,No,No,46,Yes,No phone service,Fiber optic,No,No internet service,No,No,No,No,Two year,Yes,Credit card (automatic),46.66,2151.17,Yes
CUST-0993,Female,0,No,No,65,Yes,Yes,No,No,No,No,No internet service,Yes,Yes,Two year,Yes,Mailed check,64.57,4216.5,Yes
CUST-0994,Female,1,No,No,37,Yes,No phone service,No,No,No internet service,No internet service,Yes,No,Yes,Two year,Yes,Bank transfer (automatic),85.72,3187.86,No
CUST-0995,Female,1,No,No,50,Yes,Yes,No,No internet service,No internet service,No,Yes,No,No internet service,Month-to-month,No,Electronic check,34.55,1686.88,Yes
CUST-0996,Male,0,Yes,No,62,Yes,Yes,DSL,Yes,No internet service,No,No,Yes,No internet service,One year,Yes,Mailed check,67.14,4165.22,Yes
CUST-0997,Female,0,No,No,3,Yes,Yes,Fiber optic,Yes,No,Yes,No,No,Yes,Month-to-month,Yes,Electronic check,92.47,261.3,Yes
CUST-0998,Male,0,No,No,0,Yes,Yes,No,No,Yes,No,No,Yes,Yes,Month-to-month,Yes,Electronic check,105.37, ,No
CUST-0999,Female,0,No,No,7,Yes,Yes,Fiber optic,No,No internet service,No,No,No internet service,No,Month-to-month,No,Credit card (automatic),81.19,584.18,Yes
CUST-1000,Male,0,No,No,28,Yes,Yes,DSL,No,Yes,No internet service,No,No,No,Month-to-month,No,Credit card (automatic),85.49,2347.94,Yes
CUST-1001,Male,0,Yes,Yes,54,No,Yes,No,Yes,No,No internet service,Yes,No,No,Two year,Yes,Bank transfer (automatic),30.94,1610.52,No
CUST-1002,Male,0,Yes,No,2,Yes,Yes,Fiber optic,No internet service,Yes,No,No,No,No internet service,Month-to-month,Yes,Mailed check,113.3,251.74,No
CUST-1003,Male,0,Yes,Yes,31,Yes,No,DSL,No,No internet service,No internet service,No,No,No,One year,Yes,Credit card (automatic),31.57,952.09,No
CUST-1004,Female,0,No,Yes,9,Yes,No phone service,DSL,No internet service,No internet service,Yes,No,No internet service,No,Month-to-month,Yes,Bank transfer (automatic),96.1,847.65,No
CUST-1005,Male,0,Yes,No,33,Yes,Yes,Fiber optic,No internet service,Yes,No internet service,Yes,Yes,Yes,Month-to-month,Yes,Credit card (automatic),44.86,1383.94,Yes
CUST-1006,Female,0,No,No,54,Yes,No,Fiber optic,No,No,No,No,No internet service,Yes,Two year,No,Bank transfer (automatic),112.08,6100.47,No
CUST-1007,Female,0,No,No,31,Yes,Yes,DSL,No,No,Yes,No internet service,Yes,No,Month-to-month,No,Credit card (automatic),90.61,2835.11,No
CUST-1008,Female,0,Yes,No,49,Yes,No,Fiber optic,Yes,No,No,Yes,Yes,No,One year,No,Bank transfer (automatic),94.01,4641.89,Yes
CUST-1009,Female,0,Yes,No,6,Yes,No,No,Yes,No internet service,No,No,Yes,No,Month-to-month,Yes,Bank transfer (automatic),40.27,260.99,No
CUST-1010,Female,0,Yes,No,7,Yes,No,Fiber optic,No internet service,No,No,No internet service,Yes,No,Month-to-month,Yes,Mailed check,62.78,363.66,No
CUST-1011,Male,0,Yes,No,64,Yes,No,DSL,No internet service,Yes,No internet service,No,No internet service,No,Month-to-month,Yes,Bank transfer (automatic),80.34,5153.21,Yes
CUST-1012,Female,0,No,Yes,56,Yes,Yes,Fiber optic,No internet service,No,No,Yes,No,No,Two year,Yes,Electronic check,95.63,5324.82,Yes
CUST-1013,Male,0,Yes,No,66,Yes,No,DSL,No internet service,No internet service,No,No,No internet service,No internet service,Month-to-month,Yes,Credit card (automatic),28.7,1846.06,Yes
CUST-1014,Male,1,Yes,No,58,Yes,Yes,DSL,Yes,Yes,No,No internet service,No,No,Month-to-month,No,Mailed check,114.97,6693.26,Yes
CUST-1015,Male,0,No,No,71,Yes,No,Fiber optic,No internet service,Yes,No,No,Yes,No,Month-to-month,No,Credit card (automatic),107.72,7731.05,Yes
CUST-1016,Male,0,No,Yes,53,Yes,No phone service,No,Yes,Yes,No,Yes,No,No internet service,Two year,No,Mailed check,45.42,2481.93,Yes
CUST-1017,Female,0,Yes,No,66,Yes,Yes,Fiber optic,No,No internet service,Yes,No,Yes,No,One year,Yes,Mailed check,100.94,6693.15,Yes
CUST-1018,Female,0,No,No,50,Yes,No,DSL,No internet service,No,No,No,No,No,One year,Yes,Credit card (automatic),70.34,3515.49,Yes
CUST-1019,Female,0,No,No,7,No,Yes,Fiber optic,No,No,No,No,Yes,No,Month-to-month,No,Mailed check,64.66,441.84,Yes
CUST-1020,Male,0,No,Yes,33,Yes,No,Fiber optic,No,No,No,Yes,No,No,Two year,No,Electronic check,49.85,1599.82,No
CUST-1021,Male,0,Yes,No,34,Yes,Yes,No,Yes,Yes,No,No,No,No internet service,Two year,Yes,Electronic check,76.64,2592.27,No
CUST-1022,Female,0,Yes,Yes,31,Yes,Yes,No,No,No,No internet service,No,No internet service,No,Two year,No,Credit card (automatic),91.6,2885.03,No
CUST-1023,Female,0,No,No,45,Yes,Yes,DSL,No,No,No,No,Yes,No,Two year,Yes,Bank transfer (automatic),59.55,2770.91,Yes
CUST-1024,Male,0,No,No,15,Yes,No,DSL,No,No internet service,No,Yes,No,No,One year,No,Bank transfer (automatic),81.49,1181.53,No
CUST-1025,Female,0,No,No,67,Yes,No,DSL,Yes,No,No,No,Yes,No,Month-to-month,Yes,Bank transfer (automatic),88.53,5831.76,No
CUST-1026,Male,0,No,Yes,36,Yes,Yes,No,Yes,No internet service,No internet service,No,Yes,No,Two year,No,Bank transfer (automatic),89.72,3203.38,Yes
CUST-1027,Male,1,Yes,Yes,53,Yes,No,DSL,Yes,Yes,No,Yes,Yes,Yes,Two year,Yes,Electronic check,23.47,1289.11,No
CUST-1028,Female,0,Yes,No,13,Yes,No,DSL,No,Yes,Yes,No,No internet service,Yes,Month-to-month,Yes,Electronic check,104.65,1464.06,Yes
CUST-1029,Female,0,No,No,54,Yes,Yes,Fiber optic,No internet service,No,Yes,No,No,No internet service,Month-to-month,Yes,Mailed check,64.3,3537.7,Yes
CUST-1030,Male,0,Yes,No,47,Yes,No,DSL,Yes,No internet service,No,Yes,Yes,No,Two year,Yes,Bank transfer (automatic),44.62,2161.4,No
CUST-1031,Male,0,Yes,No,6,Yes,No phone service,DSL,No,No internet service,No,No internet service,Yes,No,Month-to-month,Yes,Electronic check,42.55,212.82,No
CUST-1032,Female,0,Yes,No,6,Yes,Yes,Fiber optic,Yes,No internet service,No,No,No internet service,No,Two year,Yes,Credit card (automatic),66.79,359.67,No
CUST-1033,Female,1,No,Yes,32,Yes,Yes,DSL,No,Yes,No,No,No,No internet service,Month-to-month,Yes,Electronic check,107.38,3369.97,No
CUST-1034,Female,0,No,No,22,Yes,Yes,Fiber optic,Yes,Yes,No,No,Yes,No,Month-to-month,Yes,Bank transfer (automatic),56.27,1204.67,Yes
CUST-1035,Female,1,Yes,No,18,Yes,Yes,No,No,No,Yes,Yes,No internet service,No internet service,Month-to-month,Yes,Electronic check,93.6,1730.5,No
CUST-1036,Male,1,Yes,No,18,Yes,No,DSL,Yes,No,No internet service,No internet service,No,No,Month-to-month,Yes,Electronic check,27.98,584.86,Yes
CUST-1037,Male,0,Yes,No,35,Yes,Yes,Fiber optic,No internet service,No,No internet service,No internet service,No,No,Month-to-month,Yes,Mailed check,66.09,2330.43,No
CUST-1038,Male,0,No,No,28,Yes,Yes,No,No,Yes,No,Yes,No,No,Month-to-month,Yes,Mailed check,117.91,3288.72,Yes
CUST-1039,Male,0,No,No,59,Yes,Yes,No,No internet service,No,No,No internet service,No internet service,No,One year,Yes,Electronic check,95.68,5591.78,Yes
CUST-1040,Male,0,Yes,No,1,Yes,No,Fiber optic,No,No internet service,Yes,No,No,No,Two year,Yes,Electronic check,39.41,33.78,No
CUST-1041,Female,0,Yes,Yes,0,Yes,No,Fiber optic,No,No,No internet service,Yes,No,No,Month-to-month,Yes,Credit card (automatic),68.64, ,No
CUST-1042,Male,1,No,No,46,Yes,No,DSL,No internet service,No,No,No,No internet service,No,Month-to-month,No,Credit card (automatic),41.73,1846.43,Yes
CUST-1043,Male,1,Yes,No,68,Yes,No,Fiber optic,Yes,No,No,No internet service,No,No,Month-to-month,Yes,Bank transfer (automatic),59.41,4085.95,Yes
CUST-1044,Female,0,Yes,No,19,Yes,No,No,No,No,Yes,Yes,No internet service,No,Month-to-month,Yes,Bank transfer (automatic),96.65,1815.15,Yes
CUST-1045,Male,0,No,No,10,Yes,No,Fiber optic,No internet service,No,No internet service,No internet service,No internet service,No,Month-to-month,No,Mailed check,95.76,1000.67,No
CUST-1046,Female,0,Yes,Yes,1,Yes,No,Fiber optic,No internet service,No,No,No,No,No,Month-to-month,Yes,Bank transfer (automatic),41.17,40.62,Yes
CUST-1047,Female,0,Yes,No,66,Yes,No,DSL,No,No internet service,No,No,Yes,Yes,Month-to-month,No,Electronic check,110.93,7336.24,Yes
CUST-1048,Male,0,Yes,Yes,11,Yes,Yes,Fiber optic,Yes,Yes,No,No,No,No internet service,Month-to-month,Yes,Electronic check,77.8,820.7,No
CUST-1049,Male,0,Yes,No,19,Yes,Yes,Fiber optic,No,No,No,No,Yes,No,Month-to-month,Yes,Bank transfer (automatic),56.43,1054.94,Yes
CUST-1050,Male,0,Yes,No,4,Yes,No,Fiber optic,No internet service,Yes,Yes,No internet service,Yes,No,One year,Yes,Credit card (automatic),68.69,306.86,Yes
CUST-1051,Male,0,Yes,Yes,36,Yes,No,DSL,No,No internet service,No internet service,No internet service,No internet service,No internet service,Month-to-month,Yes,Electronic check,79.06,2839.59,Yes
CUST-1052,Female,0,No,Yes,37,Yes,No phone service,Fiber optic,No,No,No internet service,No,Yes,No,Two year,No,Bank transfer (automatic),74.52,2701.99,Yes
CUST-1053,Female,1,No,Yes,8,No,Yes,Fiber optic,Yes,No,Yes,Yes,No internet service,No internet service,Two year,Yes,Bank transfer (automatic),67.13,542.62,No
CUST-1054,Female,0,Yes,No,52,Yes,Yes,DSL,No,No,Yes,No internet service,No,Yes,Two year,Yes,Credit card (automatic),69.0,3607.28,Yes
CUST-1055,Male,0,No,Yes,43,Yes,No,DSL,No,No internet service,No internet service,No,No,Yes,Two year,No,Credit card (automatic),35.98,1615.78,No
CUST-1056,Female,0,No,No,23,Yes,No phone service,DSL,Yes,Yes,No internet service,No,Yes,No,Month-to-month,Yes,Bank transfer (automatic),99.93,2356.02,No
CUST-1057,Male,0,No,No,29,No,Yes,Fiber optic,No,No,No,No,No,No internet service,Month-to-month,Yes,Bank transfer (automatic),72.7,2105.07,Yes
CUST-1058,Female,0,Yes,No,58,Yes,No,Fiber optic,Yes,No,No,Yes,No,No,Month-to-month,Yes,Credit card (automatic),31.42,1794.99,Yes
CUST-1059,Female,1,Yes,Yes,13,Yes,No,No,No internet service,No,No,No internet service,No internet service,No,Two year,Yes,Credit card (automatic),95.25,1226.83,Yes
CUST-1060,Male,0,No,Yes,8,Yes,Yes,DSL,Yes,Yes,No,No,No internet service,No,Two year,No,Electronic check,111.96,869.49,Yes
CUST-1061,Female,0,No,Yes,39,Yes,No,No,No,No,No internet service,Yes,Yes,No internet service,Two year,No,Electronic check,113.45,4449.86,No
CUST-1062,Male,0,No,Yes,65,No,Yes,Fiber optic,Yes,No internet service,No,Yes,No,No internet service,Month-to-month,No,Mailed check,55.34,3649.18,Yes
CUST-1063,Female,1,Yes,No,24,Yes,No,Fiber optic,Yes,Yes,No internet service,No,Yes,No,One year,Yes,Electronic check,31.87,826.87,No
CUST-1064,Female,1,Yes,No,72,Yes,Yes,DSL,No,No internet service,No internet service,No internet service,Yes,No internet service,Month-to-month,No,Electronic check,70.35,5044.59,Yes
CUST-1065,Male,1,No,No,21,Yes,No phone service,DSL,No internet service,No,No,No,No internet service,No,Month-to-month,Yes,Electronic check,29.57,595.37,No
CUST-1066,Female,1,No,No,3,Yes,No,No,No,Yes,No,No,No,Yes,One year,No,Bank transfer (automatic),112.12,315.34,No
CUST-1067,Female,0,Yes,No,25,Yes,Yes,DSL,No,No,No,Yes,No internet service,No,Month-to-month,No,Electronic check,36.7,820.9,No
CUST-1068,Female,0,Yes,No,57,Yes,No,DSL,No,No,No,No,No internet service,No,Two year,Yes,Mailed check,43.65,2427.91,Yes
CUST-1069,Male,0,Yes,Yes,28,Yes,Yes,DSL,No,No internet service,No,No internet service,No,Yes,Month-to-month,Yes,Credit card (automatic),59.12,1653.63,No
CUST-1070,Male,1,No,No,36,Yes,Yes,No,No,No,No,Yes,Yes,Yes,Two year,No,Bank transfer (automatic),56.76,2062.32,No
CUST-1071,Male,0,Yes,Yes,69,Yes,Yes,DSL,Yes,No,No,No,Yes,No internet service,Month-to-month,No,Electronic check,98.11,6794.15,Yes
CUST-1072,Male,0,No,No,17,No,No,DSL,No internet service,No,Yes,Yes,No,No,Two year,No,Bank transfer (automatic),64.11,1050.85,No
CUST-1073,Female,0,No,No,41,Yes,Yes,Fiber optic,No,No,No,Yes,No internet service,No internet service,Two year,Yes,Electronic check,35.41,1427.25,Yes
CUST-1074,Female,0,Yes,Yes,40,Yes,Yes,Fiber optic,No,No,No internet service,Yes,No,No,Two year,Yes,Electronic check,45.1,1790.52,No
CUST-1075,Male,0,No,Yes,37,Yes,No,Fiber optic,No internet service,No,No,No,No internet service,Yes,Month-to-month,No,Mailed check,69.42,2549.48,Yes
CUST-1076,Male,1,No,No,33,Yes,No,Fiber optic,No,No,No,No,No,No internet service,Two year,No,Electronic check,33.07,1125.71,No
CUST-1077,Female,1,No,Yes,16,Yes,Yes,No,Yes,No,No internet service,No internet service,No internet service,No,Month-to-month,Yes,Mailed check,79.72,1210.11,Yes
CUST-1078,Male,0,No,Yes,36,No,No,No,No,No,No,Yes,No internet service,No,Month-to-month,Yes,Credit card (automatic),75.11,2646.5,Yes
CUST-1079,Male,0,Yes,No,24,Yes,No,No,No,No,No,Yes,No,No,Month-to-month,No,Mailed check,90.08,2147.0,Yes
CUST-1080,Male,0,No,No,26,Yes,Yes,DSL,No internet service,No,No,No,No internet service,Yes,Two year,Yes,Electronic check,112.49,2856.46,No
CUST-1081,Male,0,No,No,56,Yes,No phone service,No,No,No internet service,No,No,No,No internet service,Month-to-month,Yes,Electronic check,109.93,6061.06,Yes
CUST-1082,Female,0,Yes,No,30,Yes,Yes,DSL,Yes,No,No,No,Yes,No,Two year,No,Mailed check,113.33,3325.23,No
CUST-1083,Female,0,Yes,No,5,Yes,No,DSL,Yes,No,No,No,No,No,One year,Yes,Mailed check,42.84,202.06,No
CUST-1084,Male,0,Yes,No,39,Yes,No,No,No,No,No,No,No,No,Month-to-month,No,Bank transfer (automatic),31.47,1258.86,No
CUST-1085,Male,0,Yes,Yes,11,Yes,No phone service,No,No,No,No,No,No,No internet service,Two year,No,Credit card (automatic),48.63,567.5,No
CUST-1086,Female,1,Yes,Yes,52,Yes,No,Fiber optic,No,No,No internet service,No,Yes,No internet service,Month-to-month,Yes,Electronic check,108.21,5706.32,Yes
CUST-1087,Female,0,No,No,70,Yes,No,No,Yes,Yes,No,No,Yes,No internet service,Two year,No,Bank transfer (automatic),115.94,8120.88,Yes
CUST-1088,Male,1,Yes,No,9,No,Yes,No,Yes,No,No internet service,No,No internet service,No,Month-to-month,No,Bank transfer (automatic),104.61,953.3,No
CUST-1089,Female,0,Yes,No,44,Yes,No,Fiber optic,Yes,No,No internet service,No internet service,No,No,Month-to-month,No,Mailed check,29.31,1277.12,Yes
CUST-1090,Female,0,No,Yes,16,Yes,Yes,Fiber optic,No,No,No,No internet service,No,No,Month-to-month,Yes,Electronic check,113.47,1805.43,Yes
CUST-1091,Female,0,No,Yes,25,Yes,No,Fiber optic,Yes,No,No,No,No,Yes,Month-to-month,No,Bank transfer (automatic),60.8,1624.03,Yes
CUST-1092,Female,0,No,Yes,61,Yes,Yes,DSL,Yes,No internet service,No,No internet service,No internet service,No internet service,Month-to-month,Yes,Electronic check,19.19,1183.66,No
CUST-1093,Female,0,Yes,No,45,Yes,No phone service,DSL,No internet service,No,No internet service,No,No internet service,No,Month-to-month,Yes,Mailed check,62.71,2839.36,No
CUST-1094,Female,0,Yes,No,63,Yes,Yes,Fiber optic,Yes,No,Yes,No internet service,No internet service,No internet service,Month-to-month,No,Mailed check,22.88,1384.18,Yes
CUST-1095,Male,0,No,Yes,1,No,Yes,Fiber optic,No,No,No,No internet service,No,No,Month-to-month,No,Bank transfer (automatic),72.91,93.43,Yes
CUST-1096,Female,0,No,Yes,53,Yes,Yes,DSL,Yes,No internet service,No internet service,No internet service,No internet service,Yes,Month-to-month,Yes,Bank transfer (automatic),52.27,2803.23,Yes
CUST-1097,Female,0,No,Yes,64,Yes,Yes,DSL,No,No,No,No internet service,No internet service,Yes,Two year,No,Electronic check,65.83,4268.64,No
CUST-1098,Male,0,No,Yes,50,Yes,Yes,Fiber optic,No internet service,No,No internet service,No internet service,Yes,No,One year,Yes,Bank transfer (automatic),79.87,4025.0,Yes
CUST-1099,Male,0,Yes,No,52,Yes,No,No,No,No,No,No,Yes,No,Two year,No,Bank transfer (automatic),105.56,5482.78,No
CUST-1100,Male,0,Yes,No,35,Yes,Yes,Fiber optic,Yes,No internet service,No internet service,No internet service,No,No internet service,One year,Yes,Bank transfer (automatic),84.77,2958.48,Yes
CUST-1101,Male,0,No,Yes,25,Yes,No,Fiber optic,Yes,No,No,No,No internet service,No,One year,Yes,Electronic check,61.87,1543.15,No
CUST-1102,Male,0,No,Yes,28,Yes,No,No,Yes,No,Yes,No internet service,No,No internet service,One year,Yes,Credit card (automatic),100.6,2822.16,No
CUST-1103,Male,0,Yes,No,20,Yes,No,No,No internet service,No,No,No internet service,No,No,Month-to-month,No,Electronic check,109.26,2248.58,Yes
CUST-1104,Male,0,No,No,10,Yes,Yes,Fiber optic,No,No,No,No,No,No,One year,No,Credit card (automatic),30.29,356.53,No
CUST-1105,Male,0,No,Yes,39,Yes,No,No,No,Yes,No internet service,No,No,Yes,Month-to-month,Yes,Electronic check,71.71,2834.34,Yes
CUST-1106,Male,1,Yes,No,10,Yes,Yes,Fiber optic,No,No,Yes,No,No,No,Two year,No,Electronic check,46.84,569.86,No
CUST-1107,Female,0,Yes,Yes,35,Yes,No,DSL,No,No,No,Yes,Yes,No,Two year,No,Electronic check,22.98,671.49,No
CUST-1108,Male,0,No,No,58,No,No,DSL,No,No,No,No,No internet service,No,Month-to-month,Yes,Electronic check,85.44,4932.52,Yes
CUST-1109,Male,0,No,Yes,38,Yes,No,Fiber optic,No internet service,No,No,No,Yes,No,Two year,Yes,Credit card (automatic),104.96,3987.92,Yes
CUST-1110,Female,0,No,Yes,53,Yes,Yes,Fiber optic,No internet service,No,Yes,Yes,Yes,No,Month-to-month,No,Bank transfer (automatic),34.62,1801.25,No
CUST-1111,Female,0,No,Yes,54,Yes,Yes,Fiber optic,No,No,No internet service,No,Yes,No,Month-to-month,No,Mailed check,99.9,5348.11,Yes
CUST-1112,Male,1,Yes,No,23,No,No,Fiber optic,No,Yes,No internet service,No,No,No internet service,Month-to-month,Yes,Credit card (automatic),104.02,2306.6,No
CUST-1113,Male,0,No,Yes,21,Yes,No phone service,DSL,No internet service,No,No,Yes,Yes,No,Two year,No,Mailed check,110.14,2297.37,No
CUST-1114,Female,0,Yes,No,68,Yes,No,DSL,No,Yes,Yes,No,No internet service,No,One year,Yes,Electronic check,44.91,3098.58,No
CUST-1115,Male,0,No,No,55,No,No phone service,Fiber optic,No,No,No,No,Yes,No,Two year,Yes,Electronic check,109.1,6039.2,Yes
CUST-1116,Male,0,No,No,32,No,Yes,DSL,Yes,No,No,Yes,No internet service,No internet service,Month-to-month,Yes,Credit card (automatic),50.48,1577.75,Yes
CUST-1117,Male,0,No,Yes,35,Yes,Yes,Fiber optic,No,No,Yes,Yes,No internet service,No,Month-to-month,Yes,Credit card (automatic),73.76,2592.61,Yes
CUST-1118,Male,0,No,No,19,Yes,Yes,Fiber optic,No,Yes,No internet service,Yes,Yes,No,One year,Yes,Electronic check,23.33,511.15,No
CUST-1119,Male,0,No,Yes,61,Yes,No,Fiber optic,No internet service,No,Yes,No,No,No internet service,Month-to-month,Yes,Credit card (automatic),22.66,1306.26,Yes
CUST-1120,Male,0,No,No,72,Yes,Yes,DSL,No,No internet service,No internet service,Yes,Yes,No internet service,One year,No,Electronic check,90.65,6518.86,Yes
CUST-1121,Male,0,No,Yes,25,Yes,No,Fiber optic,No internet service,No,No,No internet service,Yes,No internet service,Month-to-month,Yes,Bank transfer (automatic),62.92,1587.32,Yes
CUST-1122,Male,0,Yes,No,65,Yes,No,No,Yes,No internet service,Yes,Yes,No,No,Month-to-month,No,Electronic check,44.01,2861.15,Yes
CUST-1123,Female,0,Yes,No,72,Yes,No,No,No,No internet service,No,No,Yes,No,Month-to-month,Yes,Electronic check,37.39,2734.61,Yes
CUST-1124,Female,0,No,No,72,Yes,No,No,Yes,No,No internet service,No,No,No,One year,No,Credit card (automatic),85.58,6086.87,Yes
CUST-1125,Male,0,No,No,39,Yes,Yes,Fiber optic,No internet service,No internet service,No,No,Yes,No internet service,Month-to-month,Yes,Mailed check,18.29,663.02,Yes
CUST-1126,Male,0,No,Yes,16,Yes,Yes,DSL,No,No,No,No,No,No internet service,Month-to-month,No,Electronic check,99.24,1621.94,Yes
CUST-1127,Male,0,Yes,No,0,Yes,Yes,Fiber optic,Yes,No,No internet service,No internet service,Yes,No,Month-to-month,No,Bank transfer (automatic),26.21, ,No
CUST-1128,Male,0,No,Yes,60,Yes,No phone service,No,No,No,Yes,No,Yes,Yes,Month-to-month,No,Electronic check,37.49,2289.99,Yes
CUST-1129,Male,0,No,No,42,Yes,No,DSL,No internet service,No,No,No,Yes,No,Month-to-month,Yes,Electronic check,57.07,2419.43,Yes
CUST-1130,Male,0,No,Yes,41,Yes,Yes,DSL,No,No,No internet service,No internet service,No,No internet service,Month-to-month,No,Credit card (automatic),66.98,2783.28,Yes
CUST-1131,Female,0,No,No,24,No,No,DSL,No,No,No internet service,Yes,Yes,No internet service,One year,Yes,Credit card (automatic),53.93,1270.86,No
CUST-1132,Female,0,Yes,No,38,Yes,Yes,Fiber optic,No internet service,No,No internet service,No,No,Yes,Month-to-month,Yes,Mailed check,50.48,1943.73,Yes
CUST-1133,Female,0,No,Yes,34,Yes,No,Fiber optic,Yes,No,No,No,Yes,No internet service,Two year,No,Bank transfer (automatic),115.12,3855.47,Yes
CUST-1134,Male,0,Yes,Yes,2,Yes,No phone service,DSL,No internet service,No,Yes,No,No,Yes,One year,No,Electronic check,82.73,144.73,No
CUST-1135,Male,1,Yes,No,43,Yes,No,No,No,Yes,No,No internet service,No,Yes,Month-to-month,Yes,Bank transfer (automatic),20.61,888.05,No
CUST-1136,Male,1,Yes,No,50,Yes,No,Fiber optic,No internet service,No,No,No,Yes,No,Month-to-month,Yes,Bank transfer (automatic),61.48,3029.06,Yes
CUST-1137,Female,0,No,Yes,11,Yes,No phone service,DSL,No,No,No internet service,No,No internet service,No internet service,Two year,Yes,Electronic check,106.19,1179.0,No
CUST-1138,Female,0,No,Yes,18,Yes,No,Fiber optic,No,No,No,No,No,Yes,Month-to-month,Yes,Bank transfer (automatic),48.55,816.69,Yes
CUST-1139,Female,0,No,Yes,43,Yes,No,DSL,No,No internet service,No internet service,Yes,No,Yes,Month-to-month,Yes,Mailed check,27.75,1206.68,No
CUST-1140,Male,0,No,No,58,Yes,No phone service,Fiber optic,No internet service,No internet service,No,Yes,No internet service,No internet service,Month-to-month,Yes,Mailed check,94.47,5566.35,Yes
CUST-1141,Female,0,Yes,No,48,Yes,No,DSL,No,No,Yes,No,No,No,One year,No,Bank transfer (automatic),79.15,3736.37,Yes
CUST-1142,Female,0,No,No,60,Yes,No,Fiber optic,No,Yes,No,Yes,No,No internet service,One year,No,Electronic check,75.57,4533.07,Yes
CUST-1143,Female,0,Yes,Yes,16,Yes,No,Fiber optic,Yes,No,No,No,Yes,Yes,Two year,Yes,Bank transfer (automatic),23.63,297.18,No
CUST-1144,Female,0,No,Yes,56,Yes,No,Fiber optic,No internet service,Yes,No,Yes,No,Yes,Two year,Yes,Credit card (automatic),32.37,1771.07,No
CUST-1145,Male,0,Yes,No,54,No,Yes,DSL,No,No,No internet service,No,No internet service,No,Month-to-month,Yes,Credit card (automatic),80.82,4399.38,No
CUST-1146,Male,0,Yes,Yes,46,Yes,Yes,Fiber optic,No,No internet service,No internet service,No internet service,No internet service,Yes,Month-to-month,Yes,Mailed check,39.14,1778.91,Yes
CUST-1147,Male,1,No,Yes,11,Yes,Yes,No,No,No,No,No,No internet service,Yes,Month-to-month,Yes,Bank transfer (automatic),68.91,795.13,No
CUST-1148,Female,1,No,No,61,Yes,No,DSL,No internet service,No internet service,No,No,Yes,No internet service,Month-to-month,Yes,Electronic check,73.01,4471.4,Yes
CUST-1149,Female,1,No,No,7,Yes,No phone service,DSL,No internet service,No internet service,No,Yes,No,No internet service,Month-to-month,No,Mailed check,46.74,323.95,No
CUST-1150,Female,1,No,No,20,Yes,Yes,Fiber optic,No,No,No,No,No,No,Month-to-month,Yes,Electronic check,113.57,2219.93,Yes
CUST-1151,Male,0,No,Yes,69,Yes,Yes,Fiber optic,No internet service,No internet service,No internet service,No,No,Yes,Month-to-month,No,Credit card (automatic),102.92,7135.75,Yes
CUST-1152,Male,0,No,No,71,Yes,Yes,DSL,Yes,No internet service,No,Yes,No,No internet service,Month-to-month,No,Bank transfer (automatic),90.85,6465.56,Yes
CUST-1153,Male,0,Yes,No,24,Yes,Yes,Fiber optic,Yes,Yes,No,Yes,No internet service,No,Month-to-month,Yes,Electronic check,26.09,549.76,No
CUST-1154,Male,0,No,No,11,No,No,Fiber optic,No,No,Yes,No,No,No,Two year,No,Credit card (automatic),28.92,269.89,No
CUST-1155,Female,1,No,Yes,14,Yes,Yes,No,Yes,No,No,No,No internet service,No,One year,Yes,Bank transfer (automatic),67.77,810.33,No
CUST-1156,Female,0,No,Yes,58,Yes,No phone service,DSL,Yes,No,No internet service,No internet service,No,No internet service,Two year,No,Mailed check,34.4,1926.92,Yes
CUST-1157,Male,0,No,Yes,25,Yes,No,Fiber optic,Yes,No internet service,No,Yes,No,No internet service,Month-to-month,Yes,Bank transfer (automatic),116.57,2898.58,Yes
CUST-1158,Female,1,Yes,Yes,25,No,No,DSL,No,No,No,No,No internet service,No internet service,Month-to-month,No,Bank transfer (automatic),34.18,801.71,Yes
CUST-1159,Male,0,No,No,46,Yes,Yes,Fiber optic,No internet service,No,No internet service,No,No,No,Month-to-month,Yes,Electronic check,67.24,3051.46,Yes
CUST-1160,Male,0,No,No,31,Yes,Yes,Fiber optic,Yes,No,No internet service,Yes,No,No,Month-to-month,Yes,Credit card (automatic),54.84,1769.57,Yes
CUST-1161,Male,0,No,No,9,Yes,Yes,Fiber optic,Yes,No internet service,Yes,No internet service,No internet service,No internet service,Month-to-month,Yes,Bank transfer (automatic),82.51,794.03,No
CUST-1162,Male,0,No,No,15,Yes,No,No,Yes,No,No internet service,No,No,No,Two year,Yes,Electronic check,31.22,433.57,No
CUST-1163,Male,0,No,No,70,Yes,No,DSL,Yes,Yes,No,No,No,No,Two year,No,Bank transfer (automatic),61.5,4344.68,No
CUST-1164,Male,1,Yes,No,16,Yes,No,Fiber optic,Yes,No,No,No,Yes,No internet service,Month-to-month,No,Credit card (automatic),45.86,794.5,Yes
CUST-1165,Female,0,Yes,Yes,22,Yes,No,DSL,Yes,No,No,Yes,No,No internet service,Month-to-month,Yes,Bank transfer (automatic),107.47,2395.27,Yes
CUST-1166,Male,0,Yes,Yes,25,No,No phone service,Fiber optic,No,No,No,No internet service,No,No,Month-to-month,Yes,Credit card (automatic),22.33,573.2,No
CUST-1167,Female,0,No,No,6,Yes,Yes,DSL,No internet service,Yes,No,No internet service,No,Yes,Month-to-month,No,Mailed check,110.08,715.4,No
CUST-1168,Male,0,Yes,Yes,13,Yes,Yes,No,Yes,No,No,Yes,Yes,No internet service,Month-to-month,No,Mailed check,101.97,1364.09,No
CUST-1169,Male,0,No,Yes,6,Yes,Yes,No,Yes,No,No internet service,Yes,No internet service,No,Month-to-month,Yes,Credit card (automatic),48.16,228.31,No
CUST-1170,Male,0,Yes,Yes,8,Yes,No,No,No internet service,No,No,No,No,No,Month-to-month,No,Mailed check,97.57,771.11,Yes
CUST-1171,Male,0,No,Yes,47,Yes,Yes,DSL,No,No,No,No,No,No,Month-to-month,Yes,Electronic check,21.39,977.73,Yes
CUST-1172,Female,0,Yes,Yes,71,Yes,No phone service,Fiber optic,No,No,No,No,No,No,Month-to-month,No,Electronic check,115.42,8252.44,Yes
CUST-1173,Male,0,No,Yes,58,Yes,No phone service,DSL,No internet service,No,No internet service,No,No,Yes,Month-to-month,Yes,Bank transfer (automatic),71.17,4098.84,Yes
CUST-1174,Female,0,No,No,38,Yes,No,No,No,Yes,Yes,No internet service,Yes,No,Month-to-month,Yes,Bank transfer (automatic),48.73,1814.13,Yes
CUST-1175,Male,0,Yes,No,17,Yes,No,Fiber optic,Yes,Yes,Yes,No,No,No internet service,Two year,Yes,Credit card (automatic),54.69,981.06,No
CUST-1176,Male,1,Yes,No,58,Yes,No,Fiber optic,No,No,No,No internet service,No,Yes,Month-to-month,No,Electronic check,24.92,1458.34,Yes
CUST-1177,Female,1,No,No,16,Yes,No phone service,Fiber optic,No internet service,No internet service,No,No,Yes,No,Two year,Yes,Bank transfer (automatic),117.68,1988.47,Yes
CUST-1178,Female,0,Yes,Yes,13,Yes,Yes,DSL,Yes,Yes,No,No,No,No,Two year,No,Bank transfer (automatic),22.2,245.49,No
CUST-1179,Female,0,No,No,30,Yes,No,Fiber optic,No,No,No,No internet service,No internet service,No,Two year,Yes,Credit card (automatic),84.07,2496.16,No
CUST-1180,Female,1,Yes,Yes,23,Yes,Yes,DSL,No,Yes,No internet service,No,Yes,No,Two year,No,Electronic check,62.74,1499.12,No
CUST-1181,Male,0,Yes,Yes,59,Yes,Yes,No,No,No internet service,No,No,No internet service,No,One year,No,Credit card (automatic),113.62,6639.62,Yes
CUST-1182,Female,0,Yes,No,44,Yes,No,No,No internet service,No,Yes,Yes,No internet service,No internet service,Two year,Yes,Credit card (automatic),42.97,1956.66,No
CUST-1183,Female,0,No,No,2,No,No,Fiber optic,No internet service,No internet service,No,No,No,No internet service,Month-to-month,No,Bank transfer (automatic),71.72,83.07,No
CUST-1184,Female,0,Yes,Yes,36,Yes,No phone service,No,No internet service,No,Yes,Yes,No,No internet service,Month-to-month,Yes,Credit card (automatic),66.73,2432.79,Yes
CUST-1185,Male,0,Yes,No,42,Yes,Yes,Fiber optic,Yes,No,No internet service,No,No,No internet service,Two year,No,Mailed check,88.89,3641.23,No
CUST-1186,Female,0,No,Yes,39,Yes,No,No,Yes,Yes,No,No internet service,No,No,Two year,Yes,Credit card (automatic),25.09,980.77,No
CUST-1187,Male,0,Yes,No,54,Yes,Yes,DSL,No,No,No internet service,Yes,No internet service,No,Two year,No,Electronic check,37.73,1968.94,Yes
CUST-1188,Female,0,Yes,No,38,Yes,No,Fiber optic,No internet service,No internet service,No,No internet service,No,No,Two year,Yes,Mailed check,39.81,1609.09,No
CUST-1189,Male,0,No,Yes,14,Yes,No,Fiber optic,No internet service,No,No,No,No internet service,No internet service,Two year,No,Mailed check,92.43,1240.44,No
CUST-1190,Female,0,No,No,3,Yes,Yes,DSL,No,Yes,Yes,Yes,No,No,One year,Yes,Mailed check,37.26,70.34,No
CUST-1191,Female,0,Yes,No,24,Yes,No,Fiber optic,Yes,Yes,Yes,Yes,Yes,No,Two year,Yes,Electronic check,75.89,1848.13,No
CUST-1192,Male,0,Yes,No,12,Yes,Yes,DSL,No,No,No,No,No,No,Month-to-month,No,Mailed check,39.88,448.51,No
CUST-1193,Male,0,Yes,No,32,Yes,Yes,No,No,Yes,Yes,No,No internet service,No,Two year,No,Credit card (automatic),104.84,3389.88,No
CUST-1194,Male,0,Yes,No,15,No,No,DSL,No,No internet service,No,No,No internet service,No internet service,Two year,Yes,Bank transfer (automatic),112.94,1658.56,No
CUST-1195,Male,0,No,Yes,41,Yes,No,Fiber optic,Yes,No,No internet service,No,Yes,Yes,Two year,No,Credit card (automatic),70.36,2845.36,Yes
CUST-1196,Female,1,No,No,65,Yes,Yes,No,No,Yes,Yes,Yes,No internet service,No,One year,Yes,Bank transfer (automatic),53.66,3486.52,Yes
CUST-1197,Female,0,Yes,Yes,54,Yes,No,DSL,No internet service,No internet service,No,No,No internet service,Yes,Month-to-month,No,Mailed check,41.77,2194.73,Yes
CUST-1198,Female,0,Yes,No,41,Yes,Yes,Fiber optic,No,No,Yes,No,No,No,Month-to-month,No,Electronic check,23.25,973.07,Yes
CUST-1199,Female,0,Yes,Yes,33,Yes,Yes,Fiber optic,No internet service,No internet service,No,No,No,No,Two year,Yes,Electronic check,45.23,1536.45,Yes
CUST-1200,Female,0,No,Yes,29,Yes,No phone service,DSL,No,No,No,No internet service,No,No,One year,No,Mailed check,84.0,2463.65,No
CUST-1201,Female,0,Yes,Yes,12,Yes,No phone service,Fiber optic,No,Yes,Yes,Yes,No,No,Month-to-month,Yes,Credit card (automatic),71.88,894.72,Yes
CUST-1202,Female,0,No,Yes,12,Yes,No,DSL,No,No,No,No,No,No,Month-to-month,No,Electronic check,113.13,1261.32,Yes
CUST-1203,Male,0,Yes,No,17,Yes,Yes,DSL,No internet service,No,No,No internet service,No,No,Two year,Yes,Credit card (automatic),58.08,964.28,No
CUST-1204,Male,0,Yes,No,31,Yes,Yes,Fiber optic,No,No,No,No,No,No,Two year,No,Bank transfer (automatic),87.98,2716.03,No
CUST-1205,Female,0,Yes,No,38,Yes,No phone service,Fiber optic,No,No,No,No,Yes,Yes,Two year,Yes,Bank transfer (automatic),67.43,2635.06,No
CUST-1206,Female,0,Yes,No,45,Yes,Yes,No,Yes,No,No,No,No internet service,No,One year,Yes,Bank transfer (automatic),69.76,3110.13,No
CUST-1207,Male,0,Yes,No,28,Yes,No,No,No internet service,No internet service,No internet service,No,Yes,No,Month-to-month,No,Electronic check,45.16,1149.39,No
CUST-1208,Female,0,Yes,No,61,Yes,No,Fiber optic,No,No,Yes,No internet service,No,No,Month-to-month,No,Electronic check,63.97,3851.97,Yes
CUST-1209,Male,0,Yes,No,61,No,No,Fiber optic,Yes,Yes,No internet service,No,No internet service,No,Month-to-month,No,Credit card (automatic),65.56,3966.1,Yes
CUST-1210,Female,0,No,No,56,Yes,Yes,DSL,No,No,No internet service,Yes,No,Yes,Two year,No,Mailed check,89.27,4891.3,Yes
CUST-1211,Male,0,Yes,No,15,No,No,DSL,No,Yes,No internet service,No internet service,No,No,Month-to-month,Yes,Electronic check,112.78,1740.14,No
CUST-1212,Male,1,No,No,55,Yes,No,Fiber optic,No,Yes,No,No,Yes,No,One year,Yes,Electronic check,51.35,2745.77,No
CUST-1213,Male,0,No,No,9,Yes,Yes,No,No,No,No internet service,No,No internet service,No,Month-to-month,No,Mailed check,22.49,224.71,No
CUST-1214,Male,0,Yes,Yes,29,Yes,No,DSL,No,No,No,No internet service,No,No,Month-to-month,Yes,Electronic check,68.13,1921.15,Yes
CUST-1215,Male,1,Yes,No,24,Yes,Yes,DSL,No,Yes,No,Yes,Yes,No,Two year,Yes,Electronic check,72.97,1826.63,No
CUST-1216,Male,0,No,No,4,Yes,Yes,Fiber optic,No internet service,Yes,No internet service,Yes,No internet service,No,Month-to-month,No,Bank transfer (automatic),35.18,126.91,Yes
CUST-1217,Male,1,No,No,64,Yes,Yes,DSL,Yes,No,Yes,Yes,No,No,Two year,No,Electronic check,94.68,6035.56,Yes
CUST-1218,Male,0,Yes,No,48,Yes,Yes,Fiber optic,No internet service,No,Yes,Yes,No internet service,No,Month-to-month,No,Electronic check,117.24,5653.93,Yes
CUST-1219,Female,0,Yes,No,2,Yes,No,Fiber optic,No,No internet service,Yes,No internet service,No internet service,No,Month-to-month,No,Mailed check,113.3,176.23,Yes
CUST-1220,Male,0,Yes,Yes,44,Yes,No,Fiber optic,No,No,No,No,No,No,Month-to-month,Yes,Bank transfer (automatic),38.06,1703.42,Yes
CUST-1221,Male,0,Yes,No,13,Yes,No,DSL,No internet service,No,No,No,Yes,Yes,Month-to-month,No,Electronic check,106.22,1356.78,No
CUST-1222,Female,0,Yes,Yes,29,Yes,No,No,No internet service,No,No,No internet service,No,No,Two year,No,Credit card (automatic),89.05,2552.72,Yes
CUST-1223,Female,0,Yes,No,67,Yes,Yes,DSL,Yes,Yes,No internet service,No internet service,No,No,Month-to-month,Yes,Credit card (automatic),63.86,4274.24,No
CUST-1224,Female,0,No,No,17,Yes,Yes,No,No,No internet service,No,No internet service,No internet service,No,Month-to-month,Yes,Electronic check,72.58,1179.38,Yes
CUST-1225,Female,1,No,No,61,Yes,No,Fiber optic,No,No,No,No,Yes,No,Month-to-month,No,Credit card (automatic),103.63,6311.89,Yes
CUST-1226,Female,0,Yes,No,36,Yes,No,No,No,No internet service,Yes,No,No,No,One year,Yes,Mailed check,66.5,2410.97,No
CUST-1227,Female,0,Yes,No,24,Yes,No,Fiber optic,No internet service,Yes,No,Yes,No internet service,No,Two year,Yes,Electronic check,55.76,1222.8,Yes
CUST-1228,Male,0,Yes,No,47,Yes,Yes,DSL,No internet service,No,No,No internet service,No,Yes,Month-to-month,No,Mailed check,67.82,3242.11,Yes
CUST-1229,Female,0,No,Yes,64,Yes,No,No,Yes,No,Yes,Yes,No,No,One year,No,Credit card (automatic),76.45,4933.6,No
CUST-1230,Female,0,No,No,52,Yes,No phone service,Fiber optic,No,No,Yes,Yes,No,No internet service,Two year,Yes,Electronic check,37.25,1844.27,Yes
CUST-1231,Female,0,Yes,Yes,72,Yes,No,DSL,No,No internet service,No internet service,No,No,Yes,One year,No,Bank transfer (automatic),108.79,7732.36,Yes
CUST-1232,Female,0,Yes,No,14,Yes,No,DSL,No,Yes,No,No internet service,No internet service,Yes,Month-to-month,Yes,Bank transfer (automatic),86.01,1246.24,No
CUST-1233,Female,0,No,No,48,Yes,No,Fiber optic,Yes,No,No,No,No,No internet service,One year,Yes,Mailed check,81.89,3968.95,Yes
CUST-1234,Male,0,Yes,Yes,67,No,No,Fiber optic,No internet service,No,No,No,No,No internet service,One year,No,Mailed check,28.25,1923.9,No
CUST-1235,Female,0,Yes,Yes,11,Yes,No,Fiber optic,No internet service,No internet service,No,No internet service,Yes,No,One year,Yes,Mailed check,78.97,797.32,Yes
CUST-1236,Male,0,Yes,No,58,Yes,Yes,Fiber optic,No,Yes,Yes,Yes,No,Yes,One year,Yes,Electronic check,30.41,1855.21,No
CUST-1237,Male,0,Yes,No,36,Yes,Yes,Fiber optic,No,No,No,Yes,No internet service,Yes,Two year,No,Electronic check,26.16,904.01,No
CUST-1238,Male,1,No,No,60,Yes,Yes,Fiber optic,No,Yes,No,No,Yes,No internet service,Month-to-month,Yes,Electronic check,71.24,4286.37,Yes
CUST-1239,Male,0,Yes,No,42,Yes,Yes,Fiber optic,No internet service,No,Yes,No internet service,No,No internet service,Two year,Yes,Mailed check,58.73,2479.25,Yes
CUST-1240,Female,0,Yes,No,69,Yes,No,DSL,No internet service,No,No internet service,Yes,No internet service,No internet service,Month-to-month,Yes,Credit card (automatic),77.43,5422.32,Yes
CUST-1241,Male,0,Yes,No,38,Yes,No phone service,No,No,No internet service,No,No,No,No internet service,One year,Yes,Mailed check,27.22,1040.62,No
CUST-1242,Female,0,No,Yes,55,Yes,No,DSL,No,No internet service,No internet service,Yes,No,No internet service,Month-to-month,Yes,Mailed check,61.56,3406.59,Yes
CUST-1243,Male,0,No,No,62,Yes,No,Fiber optic,No internet service,No,No internet service,Yes,No,No,Month-to-month,Yes,Credit card (automatic),35.82,2216.98,Yes
CUST-1244,Female,0,Yes,Yes,45,Yes,No,Fiber optic,No,No,No,No internet service,No,No,Two year,No,Mailed check,117.45,5225.42,Yes
CUST-1245,Female,0,No,No,10,Yes,No phone service,Fiber optic,Yes,No,No,Yes,Yes,No internet service,One year,Yes,Electronic check,74.65,630.57,Yes
CUST-1246,Female,0,No,No,61,Yes,Yes,DSL,Yes,No,No,Yes,Yes,No,Month-to-month,Yes,Electronic check,87.34,5329.37,No
CUST-1247,Male,1,No,No,24,Yes,Yes,DSL,Yes,Yes,No,Yes,No,No,Month-to-month,Yes,Credit card (automatic),50.95,1152.18,Yes
CUST-1248,Female,1,Yes,Yes,70,Yes,No,Fiber optic,No,Yes,No,No,No,Yes,Month-to-month,Yes,Electronic check,27.77,1961.41,Yes
CUST-1249,Male,0,Yes,Yes,51,Yes,No,No,No,No,No internet service,No,Yes,No,Two year,Yes,Credit card (automatic),116.33,5940.27,Yes
CUST-1250,Male,0,No,Yes,3,Yes,No phone service,Fiber optic,No,Yes,No,Yes,Yes,No internet service,Two year,Yes,Bank transfer (automatic),47.02,147.28,No
CUST-1251,Female,0,No,No,58,Yes,No phone service,Fiber optic,No,No,No,No internet service,No internet service,No internet service,Month-to-month,Yes,Electronic check,60.84,3476.07,Yes
CUST-1252,Male,0,No,Yes,71,Yes,No phone service,DSL,No,No,No,No internet service,No,No internet service,Two year,Yes,Mailed check,83.56,5984.59,Yes
CUST-1253,Female,0,No,No,19,Yes,No,DSL,No internet service,Yes,No,No,No,No,Two year,Yes,Credit card (automatic),20.73,417.61,No
CUST-1254,Female,0,Yes,Yes,62,Yes,No,DSL,Yes,Yes,No internet service,Yes,Yes,No,Month-to-month,No,Mailed check,99.68,6121.08,Yes
CUST-1255,Female,0,No,Yes,53,Yes,No,DSL,No internet service,No,No,Yes,No,No,One year,Yes,Electronic check,72.18,3928.97,Yes
CUST-1256,Male,0,No,Yes,56,No,Yes,Fiber optic,No,No,Yes,No,No internet service,No,Month-to-month,Yes,Electronic check,46.21,2577.22,No
CUST-1257,Female,0,No,Yes,40,Yes,Yes,DSL,No,No internet service,No,No internet service,No,No,One year,Yes,Electronic check,24.44,910.89,Yes
CUST-1258,Female,0,Yes,Yes,2,Yes,No,DSL,Yes,Yes,No,No,Yes,No,Month-to-month,Yes,Credit card (automatic),34.58,31.24,No
CUST-1259,Male,1,No,No,5,Yes,No,Fiber optic,Yes,Yes,Yes,No,No,No,Month-to-month,No,Bank transfer (automatic),108.2,465.56,Yes
CUST-1260,Male,1,Yes,Yes,4,Yes,No,No,No,Yes,No,No internet service,No,No,Month-to-month,No,Electronic check,87.2,416.77,Yes
CUST-1261,Male,0,No,Yes,4,Yes,Yes,No,No internet service,No,Yes,No internet service,No,No,Month-to-month,No,Mailed check,43.37,227.5,No
CUST-1262,Male,0,Yes,No,53,Yes,Yes,Fiber optic,No,No,No,No,No,No,Two year,No,Credit card (automatic),24.84,1353.49,Yes
CUST-1263,Female,0,Yes,No,46,Yes,No phone service,DSL,No internet service,No,No,No internet service,No internet service,Yes,Month-to-month,Yes,Mailed check,87.66,4059.92,Yes
CUST-1264,Male,0,Yes,No,48,Yes,Yes,Fiber optic,No,No,No,Yes,Yes,No,Month-to-month,Yes,Electronic check,75.78,3699.86,Yes
CUST-1265,Male,0,Yes,Yes,8,Yes,No,DSL,No,No,No,Yes,Yes,No,Two year,No,Electronic check,58.9,459.1,No
CUST-1266,Male,0,No,Yes,19,Yes,Yes,Fiber optic,No internet service,No,No,No,No,Yes,Month-to-month,No,Electronic check,54.79,1062.14,No
CUST-1267,Male,1,No,No,60,Yes,No phone service,Fiber optic,No internet service,No internet service,No,No,No,No,Month-to-month,No,Electronic check,40.04,2361.81,Yes
CUST-1268,Female,0,No,No,34,Yes,No,Fiber optic,No,Yes,No internet service,No,No internet service,No,Two year,No,Mailed check,85.55,2901.03,Yes
CUST-1269,Male,1,Yes,No,49,Yes,Yes,No,No,Yes,No,No,No,No,Two year,No,Mailed check,115.8,5696.7,Yes
CUST-1270,Male,0,Yes,Yes,61,No,Yes,Fiber optic,No,No,No,No,No internet service,No internet service,Month-to-month,Yes,Bank transfer (automatic),35.91,2036.45,Yes
CUST-1271,Female,0,No,Yes,16,Yes,No phone service,Fiber optic,No,No internet service,No,Yes,No,Yes,Month-to-month,Yes,Credit card (automatic),78.26,1221.17,No
CUST-1272,Male,0,Yes,No,2,Yes,No,DSL,No,Yes,No,No,No internet service,Yes,Two year,No,Electronic check,60.88,130.01,No
CUST-1273,Female,0,No,No,31,Yes,Yes,No,No,No,No,Yes,No,No internet service,Month-to-month,Yes,Electronic check,63.14,1953.46,Yes
CUST-1274,Male,0,No,No,12,Yes,Yes,DSL,No,No,No,No internet service,No,No,Month-to-month,Yes,Electronic check,43.79,502.86,Yes
CUST-1275,Female,0,No,Yes,72,Yes,Yes,No,No,Yes,No,No,No,No,Month-to-month,No,Mailed check,101.18,7314.42,Yes
CUST-1276,Female,0,No,Yes,67,Yes,No,DSL,No,No,No internet service,No,Yes,No,Month-to-month,Yes,Credit card (automatic),67.02,4454.95,Yes
CUST-1277,Male,0,No,No,13,Yes,Yes,DSL,No,Yes,Yes,Yes,No,No,One year,Yes,Electronic check,72.86,886.08,No
CUST-1278,Female,0,Yes,Yes,10,Yes,No,No,No,No,No internet service,No,No,No,Two year,Yes,Electronic check,48.88,547.99,No
CUST-1279,Female,0,No,No,55,Yes,No,DSL,No,No internet service,No,No,No internet service,No,Two year,Yes,Electronic check,36.52,2060.73,No
CUST-1280,Female,0,No,No,66,Yes,Yes,No,Yes,No internet service,No,No,No internet service,No,Two year,No,Bank transfer (automatic),26.88,1744.12,No
CUST-1281,Female,0,Yes,Yes,28,Yes,Yes,DSL,No,No,No,No,No,Yes,Month-to-month,No,Mailed check,90.02,2517.13,Yes
CUST-1282,Female,0,No,No,8,Yes,No,No,No internet service,No,No,No,No internet service,Yes,Month-to-month,No,Bank transfer (automatic),37.97,346.06,No
CUST-1283,Male,0,Yes,No,66,Yes,No,Fiber optic,Yes,Yes,No internet service,No,Yes,Yes,Two year,Yes,Bank transfer (automatic),87.6,5783.8,Yes
CUST-1284,Male,1,No,Yes,24,Yes,Yes,Fiber optic,No,No,No internet service,Yes,No internet service,No,Month-to-month,Yes,Bank transfer (automatic),57.48,1406.03,No
CUST-1285,Male,0,Yes,Yes,41,Yes,No,Fiber optic,Yes,No,No,No,Yes,Yes,Month-to-month,Yes,Bank transfer (automatic),60.04,2485.42,Yes
CUST-1286,Male,0,Yes,No,8,Yes,No,DSL,No,No,Yes,No,No,No,Two year,Yes,Electronic check,65.4,507.24,No
CUST-1287,Female,0,No,No,39,No,Yes,No,Yes,Yes,No,No,No,No,One year,No,Mailed check,55.2,2178.6,Yes
CUST-1288,Male,0,No,Yes,24,Yes,Yes,DSL,No internet service,No,No,No,No,Yes,Month-to-month,Yes,Electronic check,28.36,632.39,No
CUST-1289,Male,0,Yes,No,4,Yes,No phone service,Fiber optic,No,No,No,No internet service,No internet service,No,Two year,Yes,Credit card (automatic),49.37,217.19,No
CUST-1290,Male,0,Yes,No,10,Yes,Yes,Fiber optic,No,No,No,No,Yes,Yes,Two year,Yes,Bank transfer (automatic),84.96,845.9,No
CUST-1291,Male,0,No,No,58,No,No,Fiber optic,No internet service,Yes,No,No,No internet service,No,Month-to-month,No,Bank transfer (automatic),85.16,4921.24,Yes
CUST-1292,Female,0,No,No,37,Yes,Yes,DSL,No internet service,No,No,Yes,No,No internet service,Two year,No,Electronic check,47.02,1677.4,Yes
CUST-1293,Female,0,Yes,No,71,Yes,No phone service,DSL,Yes,Yes,No,No,No,No,Month-to-month,No,Credit card (automatic),64.49,4585.37,Yes
CUST-1294,Male,1,No,No,4,Yes,No phone service,DSL,No,No internet service,Yes,No internet service,No,No,Month-to-month,No,Electronic check,37.69,152.69,No
CUST-1295,Male,0,No,No,47,Yes,No,No,No,No internet service,No internet service,Yes,No internet service,No,Two year,Yes,Electronic check,39.39,1809.35,No
CUST-1296,Female,0,No,Yes,17,Yes,No,DSL,No internet service,No internet service,No internet service,No,No,No internet service,Two year,No,Credit card (automatic),20.57,269.85,No
CUST-1297,Male,0,No,Yes,69,Yes,Yes,No,No,No internet service,No,Yes,No,Yes,Month-to-month,Yes,Electronic check,108.37,7395.31,Yes
CUST-1298,Male,1,Yes,Yes,36,Yes,No,DSL,No,No,No,No,No,Yes,Month-to-month,No,Electronic check,39.43,1406.78,Yes
CUST-1299,Male,0,No,Yes,59,Yes,No,DSL,No,No,No,Yes,No,No,Month-to-month,Yes,Electronic check,41.12,2441.4,Yes
CUST-1300,Male,0,No,No,47,Yes,No phone service,Fiber optic,No internet service,No,No,No internet service,No,Yes,One year,No,Electronic check,46.35,2270.95,Yes
CUST-1301,Male,1,No,No,27,Yes,Yes,DSL,No,No,No,No,No,No,Month-to-month,No,Electronic check,31.05,836.09,Yes
CUST-1302,Male,0,No,No,68,Yes,No,Fiber optic,Yes,No,No,No,No internet service,No,Month-to-month,No,Electronic check,82.5,5528.73,Yes
CUST-1303,Female,1,No,No,39,Yes,No,No,No internet service,No,Yes,No,No,No,Month-to-month,No,Bank transfer (automatic),25.8,995.85,Yes
CUST-1304,Female,0,Yes,Yes,44,Yes,Yes,DSL,Yes,No internet service,Yes,No,No,No,Month-to-month,Yes,Bank transfer (automatic),31.74,1459.13,Yes
CUST-1305,Female,1,Yes,Yes,61,Yes,Yes,No,No internet service,Yes,Yes,No,No,Yes,Month-to-month,Yes,Bank transfer (automatic),83.05,5031.91,Yes
CUST-1306,Male,0,No,No,57,Yes,Yes,Fiber optic,No,No,No,No internet service,Yes,No,Two year,Yes,Bank transfer (automatic),52.39,3042.16,Yes
CUST-1307,Female,0,Yes,No,66,Yes,No,DSL,No internet service,Yes,Yes,No,No,No internet service,Month-to-month,No,Mailed check,89.4,5909.19,Yes
CUST-1308,Male,0,Yes,No,55,Yes,Yes,DSL,No,No,No,No,No internet service,Yes,Month-to-month,Yes,Bank transfer (automatic),74.27,4117.19,Yes
CUST-1309,Female,0,Yes,Yes,39,Yes,No,No,No internet service,No,Yes,No,No,No,Two year,No,Electronic check,43.98,1808.16,No
CUST-1310,Female,0,No,No,39,Yes,Yes,DSL,No internet service,No,No internet service,No,No,No,One year,Yes,Mailed check,83.66,3170.88,No
CUST-1311,Female,0,Yes,No,32,Yes,Yes,No,No,No,Yes,No internet service,No,No internet service,Month-to-month,Yes,Credit card (automatic),29.94,1002.91,No
CUST-1312,Female,0,Yes,No,5,Yes,Yes,Fiber optic,No internet service,No,No internet service,No,No,No,Month-to-month,No,Electronic check,72.16,356.06,No
CUST-1313,Female,0,No,No,18,Yes,No,DSL,Yes,No,Yes,No,No,No,One year,Yes,Bank transfer (automatic),62.18,1071.78,No
CUST-1314,Male,0,No,Yes,39,Yes,No,Fiber optic,No,No,No,No,No,No internet service,Month-to-month,No,Electronic check,45.17,1756.6,No
CUST-1315,Female,0,No,No,58,Yes,Yes,No,No,No,No internet service,No,No,No,Two year,Yes,Electronic check,78.95,4663.65,Yes
CUST-1316,Male,1,No,No,58,Yes,No phone service,Fiber optic,Yes,No,No,No,No internet service,No,Month-to-month,Yes,Bank transfer (automatic),105.82,6204.31,Yes
CUST-1317,Male,0,No,No,47,No,No phone service,Fiber optic,No,No,No,Yes,No,No,Month-to-month,No,Electronic check,118.64,5476.04,Yes
CUST-1318,Female,0,Yes,No,40,Yes,Yes,No,No,No,No,No internet service,No,No internet service,Month-to-month,Yes,Electronic check,79.33,3134.71,No
CUST-1319,Male,0,Yes,Yes,12,Yes,No,DSL,Yes,Yes,No internet service,No,No,No,One year,No,Mailed check,58.92,754.18,No
CUST-1320,Male,0,Yes,No,44,Yes,Yes,No,No,Yes,Yes,No,Yes,No internet service,Two year,No,Bank transfer (automatic),40.88,1797.63,No
CUST-1321,Female,0,No,Yes,52,Yes,No phone service,No,No internet service,Yes,No,No internet service,No,No internet service,Month-to-month,No,Credit card (automatic),44.09,2291.78,No
CUST-1322,Male,0,No,No,41,Yes,Yes,Fiber optic,Yes,No internet service,No,No,No,No internet service,Month-to-month,Yes,Electronic check,66.44,2645.62,Yes
CUST-1323,Female,0,No,No,62,Yes,No phone service,No,No internet service,No,No internet service,Yes,No,No,Month-to-month,Yes,Mailed check,55.16,3382.65,Yes
CUST-1324,Female,0,No,Yes,26,Yes,No,Fiber optic,Yes,No,No,No,No,No,Month-to-month,Yes,Mailed check,110.09,2794.43,Yes
CUST-1325,Female,0,Yes,Yes,37,Yes,No,Fiber optic,Yes,No,No internet service,No internet service,No,No,Two year,Yes,Electronic check,55.26,1961.95,Yes
CUST-1326,Female,1,Yes,Yes,59,Yes,No phone service,Fiber optic,No internet service,No internet service,No internet service,No internet service,No internet service,No,Month-to-month,Yes,Bank transfer (automatic),55.78,3228.13,Yes
CUST-1327,Female,0,No,No,6,Yes,No,Fiber optic,No internet service,No,No internet service,No,No internet service,No,Two year,Yes,Mailed check,56.8,294.4,No
CUST-1328,Male,0,No,Yes,4,Yes,Yes,Fiber optic,Yes,No,Yes,No,No,No internet service,One year,Yes,Mailed check,102.33,371.26,Yes
CUST-1329,Female,0,No,No,44,Yes,No,DSL,Yes,No,No,No internet service,No,No,Two year,Yes,Electronic check,83.65,3638.49,No
CUST-1330,Female,0,Yes,Yes,57,Yes,No phone service,Fiber optic,No internet service,No,No,Yes,No internet service,No,One year,Yes,Mailed check,79.97,4609.31,No
CUST-1331,Male,0,No,Yes,30,Yes,Yes,DSL,No internet service,No internet service,Yes,No,No,No,Month-to-month,Yes,Credit card (automatic),51.83,1509.54,No
CUST-1332,Male,0,Yes,Yes,22,Yes,Yes,DSL,No,No internet service,No internet service,No,No,No internet service,Month-to-month,No,Electronic check,100.45,2281.21,No
CUST-1333,Male,1,Yes,No,41,Yes,No phone service,DSL,No internet service,No,No,No,No,No,Month-to-month,No,Credit card (automatic),22.11,882.31,Yes
CUST-1334,Female,0,Yes,Yes,9,Yes,No,No,No,No,No,Yes,No internet service,No,Month-to-month,Yes,Mailed check,105.77,973.89,No
CUST-1335,Female,0,Yes,No,31,Yes,Yes,Fiber optic,Yes,No internet service,No,Yes,No,No,Month-to-month,No,Mailed check,69.78,2186.74,No
CUST-1336,Female,1,Yes,No,52,Yes,No,Fiber optic,No internet service,No,No,No internet service,No,Yes,Month-to-month,Yes,Mailed check,58.27,2985.15,Yes
CUST-1337,Male,0,Yes,No,29,Yes,No,DSL,No,No internet service,No,No,Yes,No,Two year,Yes,Electronic check,68.22,1961.98,Yes
CUST-1338,Female,0,Yes,No,38,Yes,No,Fiber optic,No,No,No,No internet service,No,Yes,Month-to-month,Yes,Bank transfer (automatic),85.33,3217.39,Yes
CUST-1339,Male,0,Yes,Yes,30,Yes,No,DSL,No,No internet service,No,No,Yes,No internet service,Two year,No,Bank transfer (automatic),19.53,604.52,No
CUST-1340,Male,0,Yes,No,1,Yes,No,DSL,No,No,No,No internet service,Yes,No,Two year,Yes,Electronic check,105.84,99.4,No
CUST-1341,Female,0,Yes,Yes,11,Yes,Yes,Fiber optic,No,No,No,Yes,Yes,No,Two year,No,Credit card (automatic),63.15,657.23,No
CUST-1342,Female,0,No,No,38,Yes,No,Fiber optic,No,No,No,Yes,Yes,No,Month-to-month,Yes,Electronic check,52.72,2009.31,Yes
CUST-1343,Male,0,Yes,Yes,65,Yes,No,DSL,Yes,No internet service,No,No,No internet service,No,Month-to-month,Yes,Bank transfer (automatic),32.14,2106.08,Yes
CUST-1344,Female,1,No,Yes,12,Yes,No,Fiber optic,Yes,No,No,Yes,No internet service,Yes,Month-to-month,Yes,Bank transfer (automatic),62.42,841.54,Yes
CUST-1345,Female,0,Yes,No,45,Yes,Yes,No,No,No,No,No,No,No internet service,Month-to-month,No,Bank transfer (automatic),68.13,3069.26,Yes
CUST-1346,Male,0,No,No,26,Yes,Yes,DSL,No,No internet service,No,No,No internet service,No,Month-to-month,No,Bank transfer (automatic),58.82,1529.82,Yes
CUST-1347,Male,0,No,No,16,Yes,No,DSL,No internet service,Yes,No,Yes,No,No,Two year,No,Credit card (automatic),86.46,1404.78,Yes
CUST-1348,Female,0,No,No,59,Yes,No,Fiber optic,No,Yes,No internet service,No,Yes,Yes,Month-to-month,No,Electronic check,60.55,3524.98,No
CUST-1349,Female,1,No,No,63,Yes,No,DSL,No,No,No,No internet service,No,No,Month-to-month,Yes,Bank transfer (automatic),114.87,7150.53,Yes
CUST-1350,Male,0,Yes,Yes,34,Yes,Yes,No,Yes,No internet service,No,No,No,Yes,Two year,Yes,Mailed check,78.48,2652.71,No
CUST-1351,Female,0,No,No,69,Yes,No phone service,Fiber optic,No,No,Yes,No,Yes,Yes,Month-to-month,No,Mailed check,99.4,6912.2,No
CUST-1352,Male,0,No,Yes,29,Yes,No,Fiber optic,No,No internet service,No,No,No,No,Month-to-month,Yes,Bank transfer (automatic),29.24,909.64,Yes
CUST-1353,Male,0,Yes,Yes,70,Yes,No,Fiber optic,No,No,No,No internet service,No,No,Two year,Yes,Electronic check,58.18,3978.63,Yes
CUST-1354,Female,1,No,No,62,Yes,No phone service,Fiber optic,No,No,No,No internet service,No,No internet service,Month-to-month,No,Electronic check,52.1,3263.5,Yes
CUST-1355,Female,0,Yes,No,27,Yes,No,DSL,No,No,No,No,No,No,One year,No,Electronic check,75.48,1928.72,Yes
CUST-1356,Male,1,No,No,59,No,Yes,No,Yes,No internet service,No,Yes,Yes,No,Month-to-month,No,Electronic check,104.79,6205.57,Yes
CUST-1357,Female,0,No,No,36,Yes,No,Fiber optic,No,Yes,No internet service,No,No,No,Two year,Yes,Mailed check,26.12,960.29,No
CUST-1358,Male,0,No,Yes,21,Yes,Yes,DSL,No,No,No,No internet service,No internet service,No,Month-to-month,No,Electronic check,25.54,450.14,No
CUST-1359,Male,0,Yes,No,67,Yes,No phone service,Fiber optic,Yes,No,No,No,No,No internet service,Month-to-month,Yes,Mailed check,103.71,6998.57,Yes
CUST-1360,Male,0,Yes,No,19,Yes,Yes,DSL,Yes,No,No,No,Yes,No,One year,Yes,Credit card (automatic),39.64,840.35,No
CUST-1361,Female,0,Yes,Yes,67,Yes,Yes,DSL,No,No,No,No,No internet service,Yes,Month-to-month,Yes,Bank transfer (automatic),85.46,5722.7,Yes
CUST-1362,Male,0,No,No,63,Yes,No,Fiber optic,No,No,No,No,No,No,Month-to-month,No,Bank transfer (automatic),72.81,4594.08,Yes
CUST-1363,Female,0,Yes,No,16,Yes,Yes,Fiber optic,No,Yes,No,Yes,No,Yes,Month-to-month,Yes,Mailed check,101.96,1705.32,Yes
CUST-1364,Male,0,Yes,No,11,Yes,Yes,Fiber optic,Yes,Yes,No,No,No,No,Month-to-month,No,Bank transfer (automatic),30.82,282.7,Yes
CUST-1365,Male,0,No,No,21,Yes,Yes,DSL,Yes,No,No,No,No,No,Month-to-month,Yes,Electronic check,31.29,602.04,No
CUST-1366,Male,0,Yes,No,16,Yes,No,Fiber optic,No,Yes,No internet service,No,Yes,No,One year,Yes,Mailed check,74.21,1145.39,No
CUST-1367,Female,1,No,No,9,Yes,No,DSL,No,No,Yes,No internet service,No,No,One year,Yes,Mailed check,113.36,1022.09,Yes
CUST-1368,Female,0,Yes,No,64,Yes,No,Fiber optic,Yes,No,Yes,Yes,No,No,One year,Yes,Bank transfer (automatic),59.96,3839.16,Yes
CUST-1369,Female,0,Yes,Yes,21,Yes,Yes,Fiber optic,No,No,No,No,No,No,Month-to-month,No,Mailed check,51.11,1045.65,No
CUST-1370,Female,0,Yes,No,49,Yes,No,Fiber optic,No,No,No,No,Yes,No internet service,Month-to-month,Yes,Mailed check,79.22,3866.76,Yes
CUST-1371,Female,0,Yes,No,13,Yes,No,No,Yes,No,No,No internet service,No,Yes,Two year,No,Electronic check,111.76,1425.9,No
CUST-1372,Female,0,Yes,Yes,63,Yes,Yes,No,No,No,No internet service,Yes,No internet service,No,Two year,Yes,Credit card (automatic),102.36,6424.09,No
CUST-1373,Female,0,Yes,Yes,46,Yes,No,No,No,No,No,No,No,Yes,Month-to-month,Yes,Mailed check,118.3,5403.37,Yes
CUST-1374,Female,0,Yes,No,28,Yes,Yes,No,Yes,No,No internet service,No,No,No internet service,Month-to-month,Yes,Electronic check,20.52,536.54,Yes
CUST-1375,Female,0,Yes,No,35,Yes,Yes,Fiber optic,No,No,No internet service,No,Yes,No,Month-to-month,No,Mailed check,29.59,935.6,Yes
CUST-1376,Female,0,No,Yes,51,Yes,No,No,Yes,No,Yes,No,Yes,No,Month-to-month,Yes,Electronic check,79.5,4043.32,Yes
CUST-1377,Female,1,Yes,Yes,6,Yes,Yes,No,Yes,No,No,No,Yes,No,One year,No,Credit card (automatic),100.72,506.54,No
CUST-1378,Male,0,Yes,No,28,Yes,No,Fiber optic,No,No internet service,No,No,No,No internet service,Month-to-month,No,Bank transfer (automatic),46.92,1351.29,Yes
CUST-1379,Male,0,No,No,10,Yes,No,DSL,No internet service,No,No internet service,No,No,No internet service,One year,Yes,Bank transfer (automatic),42.29,394.9,No
CUST-1380,Female,0,Yes,Yes,32,Yes,No,DSL,No,No,No,No,No,No,Month-to-month,No,Mailed check,97.34,3108.91,Yes
CUST-1381,Male,0,Yes,No,5,Yes,Yes,No,No internet service,No,Yes,Yes,No,No,Month-to-month,Yes,Electronic check,23.92,100.94,No
CUST-1382,Female,0,No,Yes,31,Yes,Yes,Fiber optic,Yes,Yes,Yes,Yes,No internet service,No,Two year,Yes,Mailed check,55.37,1704.26,No
CUST-1383,Male,0,Yes,No,50,Yes,No,No,No internet service,No,No,No,No internet service,No,Month-to-month,Yes,Credit card (automatic),69.08,3517.17,Yes
CUST-1384,Male,0,No,No,57,Yes,No,DSL,No,Yes,No,No,Yes,Yes,Month-to-month,Yes,Bank transfer (automatic),74.57,4182.92,Yes
CUST-1385,Female,0,No,No,25,Yes,Yes,Fiber optic,No,No internet service,Yes,No internet service,No,Yes,Two year,Yes,Mailed check,91.48,2205.83,Yes
CUST-1386,Male,0,No,No,45,No,Yes,Fiber optic,No internet service,Yes,No internet service,No,No,Yes,Two year,Yes,Credit card (automatic),53.91,2431.92,No
CUST-1387,Male,0,Yes,Yes,28,Yes,Yes,No,No,Yes,Yes,No,Yes,No,Two year,Yes,Mailed check,79.82,2210.17,Yes
CUST-1388,Female,0,No,No,3,Yes,No,DSL,Yes,No,No,No,No,No,Month-to-month,No,Credit card (automatic),77.08,249.22,Yes
CUST-1389,Male,0,Yes,No,12,Yes,Yes,No,No,No internet service,No,No internet service,No,Yes,Month-to-month,Yes,Mailed check,73.29,915.31,Yes
CUST-1390,Female,0,No,No,38,Yes,Yes,No,No,Yes,No,No,No,No,Two year,Yes,Electronic check,82.62,3084.24,No
CUST-1391,Female,0,No,Yes,14,Yes,No,DSL,Yes,Yes,No,No,No,Yes,Month-to-month,Yes,Bank transfer (automatic),44.32,650.65,Yes
CUST-1392,Male,0,No,Yes,28,Yes,No,Fiber optic,No,Yes,Yes,No internet service,No,Yes,Two year,Yes,Bank transfer (automatic),26.76,698.18,No
CUST-1393,Female,0,Yes,Yes,28,Yes,No,DSL,No,No,No,No internet service,No,No internet service,Month-to-month,No,Bank transfer (automatic),30.24,850.45,Yes
CUST-1394,Female,0,No,No,31,Yes,No,DSL,No,No internet service,No internet service,No,No internet service,No,Month-to-month,Yes,Bank transfer (automatic),40.82,1203.57,Yes
CUST-1395,Female,0,Yes,Yes,1,Yes,No phone service,Fiber optic,Yes,No,No,No,No internet service,No,Two year,Yes,Credit card (automatic),68.52,75.13,No
CUST-1396,Male,0,Yes,No,46,Yes,Yes,DSL,No,No,No,No,No,No internet service,Month-to-month,Yes,Electronic check,102.71,4723.62,Yes
CUST-1397,Male,0,No,No,21,Yes,No,DSL,No internet service,No,No,No,No,No internet service,Month-to-month,No,Bank transfer (automatic),88.73,1808.18,Yes
CUST-1398,Male,0,No,No,26,Yes,Yes,No,No,No,Yes,No internet service,No internet service,No,Month-to-month,No,Credit card (automatic),97.55,2468.38,No
CUST-1399,Male,0,Yes,No,66,Yes,Yes,Fiber optic,No internet service,No,No,No,No internet service,No,Month-to-month,Yes,Mailed check,53.52,3569.85,Yes
CUST-1400,Male,0,No,Yes,55,Yes,Yes,Fiber optic,Yes,No internet service,No internet service,Yes,No,No internet service,Month-to-month,Yes,Mailed check,58.92,3217.95,Yes
CUST-1401,Female,0,No,No,20,Yes,No,DSL,No,No internet service,No,Yes,Yes,No internet service,Month-to-month,Yes,Electronic check,57.82,1207.0,No
CUST-1402,Female,0,No,No,46,Yes,Yes,No,No,No internet service,No,No,No,No,Month-to-month,Yes,Bank transfer (automatic),37.53,1699.21,Yes
CUST-1403,Male,0,No,Yes,58,No,No phone service,No,No,No,Yes,No,Yes,No,Two year,Yes,Credit card (automatic),24.4,1480.31,Yes
CUST-1404,Male,0,No,Yes,5,Yes,No,Fiber optic,No,No,No,No,No internet service,No,Month-to-month,Yes,Electronic check,77.64,340.78,No
CUST-1405,Female,0,Yes,No,18,Yes,Yes,No,No,No,No,No,No,No internet service,Two year,No,Credit card (automatic),117.67,2191.7,No
CUST-1406,Male,0,Yes,Yes,56,Yes,No,No,Yes,No,No,Yes,No,Yes,Month-to-month,Yes,Electronic check,35.02,1969.84,Yes
CUST-1407,Female,1,Yes,No,68,Yes,Yes,Fiber optic,No,No internet service,Yes,No,Yes,No,One year,Yes,Electronic check,22.94,1579.91,No
CUST-1408,Male,0,Yes,No,2,Yes,Yes,Fiber optic,No,Yes,Yes,No,Yes,No,Month-to-month,Yes,Bank transfer (automatic),96.59,142.98,No
CUST-1409,Male,0,No,Yes,0,No,No,DSL,Yes,No,No internet service,No internet service,Yes,No,One year,Yes,Bank transfer (automatic),43.63, ,No
CUST-1410,Female,1,No,No,57,Yes,Yes,DSL,No,No,Yes,No,No,No,Two year,Yes,Bank transfer (automatic),101.63,5831.11,Yes
CUST-1411,Male,0,Yes,Yes,37,Yes,Yes,DSL,Yes,Yes,No,No,No,No internet service,Two year,No,Mailed check,89.0,3276.78,No
CUST-1412,Female,1,No,No,14,Yes,No,DSL,No internet service,Yes,Yes,No internet service,No internet service,No,One year,Yes,Mailed check,113.29,1479.36,No
CUST-1413,Female,0,Yes,Yes,33,Yes,No,DSL,No,No,No,Yes,Yes,No,Month-to-month,Yes,Electronic check,59.35,1902.88,Yes
CUST-1414,Female,0,Yes,No,60,Yes,No,No,No,No internet service,No,No,No,No,Two year,No,Mailed check,84.78,5031.13,Yes
CUST-1415,Female,0,Yes,No,34,Yes,No,DSL,No,No,No internet service,No,No internet service,Yes,Two year,Yes,Bank transfer (automatic),64.97,2231.45,Yes
CUST-1416,Female,0,Yes,No,63,Yes,No,No,No,No,No internet service,No,No,No,Two year,Yes,Credit card (automatic),81.62,5118.81,Yes
CUST-1417,Female,1,Yes,No,24,Yes,No,Fiber optic,Yes,No,No internet service,No,Yes,Yes,Month-to-month,Yes,Bank transfer (automatic),63.43,1500.04,Yes
CUST-1418,Male,0,No,No,23,Yes,Yes,DSL,No,No,No internet service,No internet service,No internet service,No,Two year,Yes,Credit card (automatic),37.21,827.51,No
CUST-1419,Female,0,Yes,No,11,Yes,Yes,Fiber optic,No internet service,No internet service,No,No internet service,No,No,Month-to-month,Yes,Bank transfer (automatic),69.29,835.65,Yes
CUST-1420,Female,1,No,Yes,17,Yes,No,DSL,No,No,Yes,No internet service,No internet service,No,Month-to-month,No,Electronic check,71.37,1215.56,Yes
CUST-1421,Male,0,No,No,14,Yes,No phone service,No,No,Yes,No,No,No,No,Month-to-month,No,Credit card (automatic),99.72,1405.97,Yes
CUST-1422,Female,0,Yes,No,26,Yes,No,No,No internet service,Yes,Yes,No,No,No internet service,Month-to-month,Yes,Bank transfer (automatic),92.17,2365.45,Yes
CUST-1423,Male,0,No,No,71,Yes,No,DSL,No,No,No internet service,No,No,Yes,Two year,No,Electronic check,84.96,6030.68,Yes
CUST-1424,Female,0,Yes,Yes,59,Yes,Yes,No,No,No,No,No,No,No internet service,Two year,Yes,Mailed check,29.65,1700.57,No
CUST-1425,Female,0,Yes,No,45,Yes,No,Fiber optic,No,Yes,No,No,No,No,Two year,Yes,Credit card (automatic),90.67,4097.34,No
CUST-1426,Female,1,No,No,16,Yes,No,DSL,Yes,No,No internet service,No,No,No,One year,Yes,Bank transfer (automatic),68.53,1039.15,No
CUST-1427,Female,1,No,No,52,Yes,No,Fiber optic,Yes,No internet service,No internet service,No,Yes,No internet service,Month-to-month,No,Credit card (automatic),108.11,5658.93,Yes
CUST-1428,Male,0,No,No,7,Yes,Yes,Fiber optic,No,Yes,Yes,No,No,Yes,One year,Yes,Electronic check,110.7,738.15,No
CUST-1429,Male,1,Yes,No,26,Yes,No,DSL,No internet service,No,No,No internet service,No internet service,Yes,Month-to-month,Yes,Credit card (automatic),23.79,665.96,No
CUST-1430,Male,0,No,No,45,Yes,No,Fiber optic,Yes,No,Yes,No,No,No,Two year,Yes,Electronic check,100.72,4627.76,No
CUST-1431,Male,0,No,No,49,Yes,Yes,DSL,No,No,No,No,Yes,No,One year,No,Bank transfer (automatic),22.04,1080.02,No
CUST-1432,Male,0,No,No,70,Yes,No,Fiber optic,Yes,No,Yes,No,No,No,One year,No,Bank transfer (automatic),55.15,3926.08,Yes
CUST-1433,Male,0,Yes,No,2,Yes,Yes,DSL,No,No internet service,No,Yes,No,No internet service,Month-to-month,Yes,Credit card (automatic),72.75,183.07,No
CUST-1434,Male,1,Yes,No,63,Yes,Yes,No,Yes,Yes,No,No,Yes,No,Two year,Yes,Bank transfer (automatic),33.13,2015.55,No
CUST-1435,Male,0,Yes,No,43,Yes,No,Fiber optic,No,Yes,No,No,No,No,Month-to-month,Yes,Mailed check,93.25,4015.3,Yes
CUST-1436,Male,0,No,Yes,52,Yes,No phone service,DSL,No,Yes,Yes,No,No internet service,No,Month-to-month,Yes,Credit card (automatic),19.09,1017.74,Yes
CUST-1437,Female,1,Yes,No,23,Yes,Yes,Fiber optic,No,No,No internet service,No internet service,No internet service,No,Two year,No,Mailed check,35.19,839.26,No
CUST-1438,Male,0,Yes,No,59,Yes,No,DSL,Yes,Yes,No,No,No internet service,No internet service,Month-to-month,No,Mailed check,76.62,4529.49,Yes
CUST-1439,Female,0,No,No,2,Yes,No,Fiber optic,No,No,No,Yes,Yes,No,Two year,No,Bank transfer (automatic),90.05,188.37,No
CUST-1440,Male,0,No,Yes,19,Yes,No phone service,DSL,No,No internet service,No internet service,No,Yes,Yes,Month-to-month,No,Credit card (automatic),110.37,2097.28,No
CUST-1441,Female,0,No,No,45,Yes,Yes,No,No,No,No,No,Yes,No,Month-to-month,No,Electronic check,89.15,4018.41,Yes
CUST-1442,Male,0,Yes,No,14,Yes,No,No,No,Yes,No,No,No internet service,No,Two year,No,Mailed check,85.76,1139.46,No
CUST-1443,Female,0,Yes,No,24,Yes,Yes,Fiber optic,No,No,No internet service,No,No,No,Month-to-month,Yes,Electronic check,57.88,1377.31,Yes
CUST-1444,Male,1,No,No,70,Yes,Yes,DSL,No,No,No internet service,No,No,No,Month-to-month,No,Electronic check,18.38,1213.95,Yes
CUST-1445,Male,0,No,No,16,Yes,No,Fiber optic,Yes,No,Yes,No,No internet service,Yes,Month-to-month,Yes,Mailed check,30.33,460.4,No
CUST-1446,Male,1,Yes,No,8,Yes,No,Fiber optic,No,No,Yes,No,No,No,Month-to-month,No,Credit card (automatic),71.97,546.22,No
CUST-1447,Female,0,Yes,No,37,Yes,Yes,Fiber optic,No internet service,Yes,Yes,Yes,No,Yes,One year,No,Electronic check,86.1,3152.97,No
CUST-1448,Male,0,No,Yes,47,Yes,No,Fiber optic,Yes,No,Yes,Yes,Yes,No internet service,Month-to-month,Yes,Electronic check,60.2,2776.8,Yes
CUST-1449,Female,0,No,No,59,Yes,Yes,Fiber optic,No,No,No internet service,No,Yes,No,Two year,Yes,Bank transfer (automatic),91.68,5422.58,Yes
CUST-1450,Female,0,No,No,62,Yes,No,Fiber optic,No,No internet service,No,Yes,No,No,Two year,Yes,Mailed check,70.7,4367.5,Yes
CUST-1451,Female,0,No,No,1,Yes,Yes,No,No,No,No internet service,No internet service,No,No,Month-to-month,Yes,Bank transfer (automatic),25.7,4.68,No
CUST-1452,Male,0,Yes,No,71,Yes,Yes,DSL,No,No,No,No,No,No,One year,No,Electronic check,37.55,2595.67,No
CUST-1453,Female,0,No,No,10,Yes,Yes,Fiber optic,No internet service,Yes,No internet service,Yes,No,Yes,One year,Yes,Bank transfer (automatic),102.67,1011.81,No
CUST-1454,Female,1,No,No,63,Yes,Yes,Fiber optic,No,No,No,No,No,No internet service,Month-to-month,Yes,Credit card (automatic),91.1,5796.58,Yes
CUST-1455,Female,0,Yes,No,71,Yes,No phone service,DSL,No,Yes,No internet service,Yes,No,No,Month-to-month,Yes,Mailed check,108.17,7738.11,Yes
CUST-1456,Female,0,Yes,No,20,Yes,No,Fiber optic,Yes,No,No,No,No internet service,No internet service,Month-to-month,No,Credit card (automatic),30.06,619.88,Yes
CUST-1457,Female,0,Yes,No,17,Yes,No,No,No,No,No,Yes,Yes,No,One year,No,Credit card (automatic),117.77,1987.33,No
CUST-1458,Female,1,Yes,No,63,Yes,No,Fiber optic,Yes,Yes,No,Yes,No,Yes,One year,Yes,Mailed check,39.3,2503.85,Yes
CUST-1459,Female,0,No,No,37,Yes,No,DSL,No,Yes,No,Yes,No internet service,Yes,Month-to-month,Yes,Electronic check,19.43,685.54,Yes
CUST-1460,Female,0,Yes,Yes,31,Yes,No,DSL,No internet service,No,No,No internet service,No,Yes,Two year,No,Credit card (automatic),118.49,3658.23,No
CUST-1461,Female,0,Yes,No,10,Yes,Yes,Fiber optic,Yes,No,No,No,Yes,No,One year,No,Credit card (automatic),46.5,427.87,No
CUST-1462,Male,1,No,No,44,Yes,Yes,DSL,Yes,No,Yes,No internet service,No internet service,No,One year,Yes,Bank transfer (automatic),85.39,3802.58,No
CUST-1463,Female,0,No,No,32,Yes,No,No,Yes,No,No,No internet service,No,No,Two year,Yes,Mailed check,36.01,1191.32,Yes
CUST-1464,Female,0,No,No,40,Yes,No,Fiber optic,Yes,No,No internet service,No,No,No,Month-to-month,No,Electronic check,76.56,3060.67,Yes
CUST-1465,Female,0,No,No,7,No,No,DSL,No internet service,No internet service,No internet service,No internet service,No,No internet service,Two year,Yes,Electronic check,109.11,850.33,No
CUST-1466,Female,0,Yes,No,10,Yes,No,No,No,No internet service,No internet service,Yes,No,No,One year,Yes,Bank transfer (automatic),50.43,524.93,No
CUST-1467,Male,0,No,Yes,50,No,No,Fiber optic,No,No,No,Yes,No internet service,No,Two year,Yes,Bank transfer (automatic),85.61,4298.31,Yes
CUST-1468,Male,0,No,Yes,40,Yes,No,DSL,No,No,No,No,Yes,No internet service,Month-to-month,Yes,Electronic check,37.13,1497.66,No
CUST-1469,Male,0,No,No,16,No,No,Fiber optic,Yes,Yes,Yes,Yes,No,Yes,Month-to-month,Yes,Electronic check,81.04,1233.53,Yes
CUST-1470,Female,0,Yes,No,45,No,Yes,DSL,Yes,No,No,No internet service,No,No,Month-to-month,Yes,Credit card (automatic),52.06,2297.99,Yes
CUST-1471,Male,0,Yes,No,31,Yes,Yes,No,No,No,No internet service,No,No,Yes,Month-to-month,Yes,Bank transfer (automatic),39.48,1221.15,No
CUST-1472,Male,0,Yes,No,53,Yes,Yes,Fiber optic,No,No internet service,Yes,No internet service,No,No,One year,No,Electronic check,49.72,2632.84,Yes
CUST-1473,Female,0,No,No,19,No,Yes,No,No,No,No internet service,Yes,No,No,Month-to-month,Yes,Electronic check,36.22,717.67,No
CUST-1474,Female,0,No,No,32,Yes,No,Fiber optic,Yes,No,No,No,No,No internet service,Two year,No,Bank transfer (automatic),108.89,3451.09,Yes
CUST-1475,Female,0,No,Yes,39,Yes,No phone service,No,No,No internet service,No,No,No,No,One year,Yes,Electronic check,58.17,2272.16,No
CUST-1476,Female,0,No,No,31,Yes,Yes,DSL,Yes,Yes,No,No,No,No internet service,One year,Yes,Mailed check,42.9,1334.33,Yes
CUST-1477,Male,0,No,No,1,Yes,No,No,Yes,No,No,No internet service,No,No,Month-to-month,Yes,Bank transfer (automatic),63.31,69.72,No
CUST-1478,Female,1,Yes,Yes,32,No,No,No,No internet service,No,No internet service,No,No,No,Two year,Yes,Electronic check,50.46,1615.54,No
CUST-1479,Female,0,Yes,No,29,Yes,No,Fiber optic,No internet service,No,No,No,No,No internet service,Two year,Yes,Electronic check,93.06,2628.55,No
CUST-1480,Male,0,No,No,32,No,Yes,Fiber optic,No,No internet service,Yes,No,No internet service,No,Two year,Yes,Mailed check,115.86,3594.46,Yes
CUST-1481,Male,0,No,No,25,Yes,No,Fiber optic,No internet service,No,No,No,No internet service,No,Month-to-month,No,Credit card (automatic),62.27,1509.66,Yes
CUST-1482,Female,0,Yes,Yes,21,Yes,Yes,No,No,No internet service,No,No internet service,No,No internet service,Month-to-month,Yes,Electronic check,104.78,2173.82,No
CUST-1483,Male,0,Yes,Yes,65,Yes,Yes,DSL,Yes,No internet service,No,Yes,No,No internet service,Month-to-month,No,Mailed check,75.12,4823.88,Yes
CUST-1484,Female,1,Yes,Yes,37,Yes,Yes,Fiber optic,No internet service,No internet service,No,No,No internet service,No,Month-to-month,Yes,Bank transfer (automatic),34.05,1257.07,No
CUST-1485,Female,0,No,No,45,Yes,Yes,No,No,Yes,No,Yes,No internet service,No,Month-to-month,No,Mailed check,87.66,3999.21,Yes
CUST-1486,Female,0,Yes,No,14,Yes,Yes,Fiber optic,No internet service,Yes,No,Yes,No internet service,No,One year,No,Bank transfer (automatic),69.85,1014.2,No
CUST-1487,Female,0,No,No,43,Yes,No,Fiber optic,No,No,No,No,No,No,One year,Yes,Electronic check,83.64,3619.84,Yes
CUST-1488,Female,0,No,No,48,Yes,Yes,No,Yes,No,No,Yes,No,No,Month-to-month,Yes,Mailed check,107.66,5216.95,Yes
CUST-1489,Male,0,No,Yes,60,Yes,Yes,DSL,No,Yes,No,Yes,No,No,Month-to-month,No,Electronic check,62.51,3704.37,Yes
CUST-1490,Male,0,Yes,Yes,66,Yes,Yes,No,No,Yes,No internet service,Yes,Yes,Yes,Two year,Yes,Credit card (automatic),108.82,7159.28,No
CUST-1491,Male,0,Yes,No,5,Yes,Yes,DSL,No internet service,No,No,No,No,No internet service,Month-to-month,No,Mailed check,93.69,499.19,No
CUST-1492,Male,0,Yes,No,8,Yes,No,DSL,No,No internet service,No,Yes,No internet service,Yes,Two year,No,Electronic check,67.35,515.07,No
CUST-1493,Male,0,No,No,5,Yes,No,Fiber optic,No,No,No internet service,No,No internet service,No,Month-to-month,No,Electronic check,78.87,373.36,Yes
CUST-1494,Female,0,No,No,72,Yes,No phone service,Fiber optic,No,No,No internet service,No internet service,Yes,No,Month-to-month,No,Electronic check,50.97,3762.96,Yes
CUST-1495,Female,1,No,No,31,Yes,Yes,Fiber optic,No,No,No internet service,No internet service,No internet service,No,Month-to-month,Yes,Bank transfer (automatic),117.1,3634.87,Yes
CUST-1496,Female,0,Yes,No,40,Yes,Yes,Fiber optic,No,No internet service,No,No,No,No,Two year,No,Electronic check,85.32,3500.98,Yes
CUST-1497,Male,0,No,No,7,No,No,DSL,No internet service,No,No internet service,No internet service,Yes,No,Month-to-month,No,Credit card (automatic),22.66,67.46,Yes
CUST-1498,Male,0,No,Yes,71,Yes,Yes,DSL,No,No,No,No,No,No internet service,Two year,Yes,Credit card (automatic),51.08,3595.14,Yes
CUST-1499,Male,0,No,No,49,Yes,Yes,Fiber optic,No,No internet service,Yes,Yes,No,Yes,Month-to-month,Yes,Mailed check,80.89,3984.05,Yes
CUST-1500,Male,0,No,No,61,Yes,No,Fiber optic,No,Yes,Yes,No,No,No internet service,Month-to-month,No,Mailed check,23.91,1463.2,Yes
CUST-1501,Female,0,No,Yes,61,Yes,No,Fiber optic,Yes,No,No,No,No internet service,No,One year,No,Mailed check,20.65,1156.87,Yes
CUST-1502,Female,0,No,No,6,Yes,No,Fiber optic,No,No,No,No internet service,Yes,Yes,Month-to-month,No,Electronic check,63.48,369.4,No
CUST-1503,Male,1,No,No,3,Yes,Yes,No,No,No,Yes,No,No internet service,Yes,Two year,Yes,Credit card (automatic),51.69,278.72,No
CUST-1504,Male,0,No,No,5,Yes,No,Fiber optic,Yes,Yes,No,No,No internet service,No internet service,Month-to-month,Yes,Credit card (automatic),62.3,323.85,No
CUST-1505,Female,0,Yes,No,57,Yes,No,DSL,No,No,Yes,No,No,No,Month-to-month,Yes,Mailed check,44.65,2575.27,Yes
CUST-1506,Male,0,Yes,Yes,21,Yes,No,No,No,No,Yes,Yes,No,No,Two year,Yes,Credit card (automatic),34.8,698.6,No
CUST-1507,Female,0,No,No,25,No,No,No,No,No internet service,No internet service,No,No,No internet service,Two year,Yes,Bank transfer (automatic),87.51,2199.91,No
CUST-1508,Male,0,Yes,No,2,Yes,No,Fiber optic,Yes,Yes,No,No internet service,Yes,No,Month-to-month,Yes,Credit card (automatic),69.96,139.3,Yes
CUST-1509,Male,0,No,No,40,Yes,No,No,Yes,No,No,Yes,No,No,Two year,Yes,Mailed check,38.37,1590.74,No
CUST-1510,Male,1,Yes,No,59,No,No,Fiber optic,No internet service,Yes,No internet service,Yes,Yes,Yes,Month-to-month,Yes,Electronic check,50.37,3026.18,Yes
CUST-1511,Male,0,Yes,No,13,Yes,No,Fiber optic,No,No,No internet service,No,Yes,Yes,Two year,Yes,Mailed check,77.73,1030.87,Yes
CUST-1512,Male,1,Yes,No,11,Yes,No,DSL,No,No internet service,No,No internet service,Yes,No internet service,One year,Yes,Mailed check,25.51,284.16,No
CUST-1513,Male,0,No,Yes,11,No,Yes,Fiber optic,No,No,No,No,Yes,No internet service,Month-to-month,Yes,Bank transfer (automatic),33.07,279.81,Yes
CUST-1514,Female,0,Yes,Yes,12,Yes,Yes,DSL,Yes,Yes,Yes,No,No,No internet service,Month-to-month,No,Bank transfer (automatic),25.61,221.62,No
CUST-1515,Female,0,No,No,24,Yes,No,DSL,No,No,No,No internet service,No internet service,No internet service,Month-to-month,Yes,Electronic check,99.89,2401.46,Yes
CUST-1516,Male,0,No,No,44,No,Yes,DSL,No,Yes,No,Yes,No,No internet service,Month-to-month,Yes,Bank transfer (automatic),93.87,4174.01,No
CUST-1517,Male,0,Yes,No,18,No,Yes,DSL,No,No,No,No internet service,No,No,Month-to-month,No,Mailed check,93.96,1757.87,Yes
CUST-1518,Female,0,Yes,No,54,No,Yes,Fiber optic,No,No,No,No internet service,Yes,Yes,One year,Yes,Mailed check,90.24,4828.47,Yes
CUST-1519,Female,0,Yes,Yes,44,Yes,Yes,Fiber optic,No,No internet service,Yes,No internet service,No internet service,No internet service,Two year,No,Electronic check,85.52,3687.42,No
CUST-1520,Female,0,Yes,No,7,Yes,No phone service,DSL,Yes,No,No,No,No,No,Month-to-month,Yes,Electronic check,66.19,509.98,No
CUST-1521,Male,0,No,Yes,52,Yes,Yes,No,Yes,No,Yes,No,No,No,Month-to-month,Yes,Electronic check,82.8,4264.87,Yes
CUST-1522,Male,0,No,No,54,Yes,Yes,DSL,No,No,No,No,No,Yes,One year,No,Electronic check,22.11,1115.09,No
CUST-1523,Female,0,Yes,No,31,Yes,No,Fiber optic,No,Yes,Yes,Yes,No,No internet service,Two year,Yes,Electronic check,80.71,2477.33,No
CUST-1524,Male,0,No,Yes,50,Yes,No,DSL,No,No,No,Yes,No,No internet service,Month-to-month,Yes,Credit card (automatic),96.43,4795.95,Yes
CUST-1525,Female,1,No,Yes,43,Yes,No,DSL,Yes,No,No,Yes,No,No,Month-to-month,No,Mailed check,68.54,3013.23,Yes
CUST-1526,Male,0,Yes,Yes,69,No,No,DSL,No,No,No,No,No,No internet service,Month-to-month,Yes,Credit card (automatic),54.18,3781.7,Yes
CUST-1527,Female,0,No,No,17,Yes,Yes,Fiber optic,Yes,No internet service,Yes,No internet service,No,Yes,Month-to-month,Yes,Bank transfer (automatic),46.13,747.34,No
CUST-1528,Male,0,No,No,21,Yes,Yes,Fiber optic,No,No,No,Yes,No,Yes,Month-to-month,Yes,Electronic check,82.85,1809.75,Yes
CUST-1529,Female,0,Yes,No,36,Yes,No,DSL,No,Yes,Yes,No,Yes,Yes,Month-to-month,No,Mailed check,87.88,3169.93,Yes
CUST-1530,Female,0,No,Yes,55,Yes,Yes,Fiber optic,Yes,No,No,Yes,No,No,Month-to-month,No,Bank transfer (automatic),105.78,5870.94,Yes
CUST-1531,Male,1,Yes,Yes,58,Yes,No,DSL,Yes,No,No,No,No internet service,No,One year,No,Bank transfer (automatic),52.65,3120.06,No
CUST-1532,Female,0,Yes,No,2,Yes,No,No,Yes,No,No internet service,No,No internet service,No,Month-to-month,No,Bank transfer (automatic),95.61,178.09,No
CUST-1533,Female,0,No,No,27,Yes,No,Fiber optic,Yes,No,No internet service,Yes,No,No internet service,Month-to-month,Yes,Credit card (automatic),74.67,2044.66,Yes
CUST-1534,Female,0,No,Yes,34,Yes,No phone service,DSL,No,No,No internet service,No,No,Yes,Month-to-month,No,Bank transfer (automatic),106.98,3616.98,Yes
CUST-1535,Female,0,Yes,No,60,Yes,No,Fiber optic,Yes,No,Yes,No internet service,No,No,Two year,Yes,Electronic check,71.3,4324.51,No
CUST-1536,Male,1,Yes,No,53,Yes,No,No,No,No,No internet service,Yes,Yes,Yes,Two year,Yes,Electronic check,70.27,3728.82,No
CUST-1537,Female,0,No,No,62,Yes,No,Fiber optic,No internet service,Yes,No,No,No,Yes,Month-to-month,Yes,Bank transfer (automatic),76.33,4780.48,Yes
CUST-1538,Male,0,Yes,Yes,6,No,Yes,Fiber optic,No,Yes,No internet service,No,No internet service,No,Month-to-month,No,Bank transfer (automatic),93.56,637.6,No
CUST-1539,Female,1,Yes,No,48,Yes,No,Fiber optic,No,No,No internet service,No internet service,No,No,One year,No,Electronic check,115.2,5556.96,No
CUST-1540,Female,0,Yes,No,30,Yes,No,Fiber optic,No internet service,Yes,No,No internet service,No,No,Month-to-month,Yes,Electronic check,25.64,764.53,Yes
CUST-1541,Male,0,Yes,No,57,Yes,No,No,No internet service,Yes,No,No,No internet service,No,Month-to-month,Yes,Mailed check,23.62,1342.5,No
CUST-1542,Female,0,Yes,No,60,Yes,No,No,No internet service,No,Yes,No,No,No,Month-to-month,No,Mailed check,112.47,6600.35,Yes
CUST-1543,Male,0,No,No,23,Yes,No,Fiber optic,No,No,Yes,No,Yes,No,Two year,Yes,Credit card (automatic),71.5,1608.86,Yes
CUST-1544,Female,1,Yes,No,19,Yes,Yes,Fiber optic,Yes,Yes,No internet service,No internet service,Yes,Yes,Two year,No,Credit card (automatic),80.05,1567.58,Yes
CUST-1545,Female,0,No,No,36,Yes,No phone service,Fiber optic,No,No,No,No internet service,Yes,No,One year,Yes,Mailed check,66.73,2450.77,Yes
CUST-1546,Female,0,Yes,No,3,No,No phone service,Fiber optic,Yes,No,Yes,No internet service,No,No,Month-to-month,Yes,Bank transfer (automatic),27.66,46.25,No
CUST-1547,Female,0,Yes,No,19,No,No,No,No,Yes,No,No internet service,No,No internet service,Two year,Yes,Electronic check,95.44,1821.59,No
CUST-1548,Male,0,Yes,No,59,Yes,Yes,Fiber optic,No,No internet service,Yes,Yes,Yes,No,Two year,No,Mailed check,93.35,5498.19,Yes
CUST-1549,Female,0,Yes,No,23,Yes,Yes,Fiber optic,No internet service,No,No internet service,No internet service,No,No,Two year,Yes,Credit card (automatic),49.58,1174.82,No
CUST-1550,Female,0,Yes,Yes,49,Yes,No,DSL,No,No internet service,No,No,Yes,No,Month-to-month,Yes,Electronic check,49.03,2512.9,No
CUST-1551,Female,1,Yes,No,48,Yes,Yes,Fiber optic,Yes,No,No,No,No,No,Month-to-month,No,Credit card (automatic),102.45,4953.02,Yes
CUST-1552,Female,0,No,No,50,Yes,No,No,No,Yes,Yes,No,No,No,One year,Yes,Electronic check,25.52,1242.49,No
CUST-1553,Male,0,Yes,Yes,35,No,No,Fiber optic,No,Yes,No,No,Yes,No internet service,Month-to-month,Yes,Electronic check,106.8,3734.08,Yes
CUST-1554,Female,0,Yes,No,65,Yes,No,DSL,Yes,Yes,No,Yes,No,Yes,Month-to-month,No,Electronic check,44.04,2932.7,Yes
CUST-1555,Male,1,Yes,No,33,Yes,Yes,DSL,No,No,No internet service,No,No,No,Month-to-month,Yes,Bank transfer (automatic),77.84,2498.29,No
CUST-1556,Female,0,No,No,35,Yes,Yes,Fiber optic,No,Yes,No internet service,No,No,No,Two year,Yes,Electronic check,112.32,3900.45,No
CUST-1557,Male,0,No,No,5,Yes,No phone service,No,No internet service,No internet service,No,No,Yes,No,Two year,Yes,Electronic check,86.4,467.5,No
CUST-1558,Female,0,No,No,38,No,No,No,No,No,No,No,No,No internet service,Month-to-month,Yes,Bank transfer (automatic),59.9,2340.92,No
CUST-1559,Male,1,Yes,No,41,Yes,Yes,No,Yes,Yes,No,No internet service,No,No internet service,Two year,No,Credit card (automatic),87.55,3620.0,Yes
CUST-1560,Female,0,No,No,57,Yes,Yes,Fiber optic,No internet service,Yes,Yes,No internet service,Yes,No internet service,One year,No,Electronic check,52.82,2980.41,Yes
CUST-1561,Male,0,Yes,No,11,Yes,No,Fiber optic,No,No,Yes,Yes,No,No,Two year,Yes,Credit card (automatic),46.11,534.04,No
CUST-1562,Male,0,No,No,2,Yes,Yes,Fiber optic,No,Yes,No internet service,No,No internet service,Yes,Month-to-month,No,Electronic check,118.42,257.55,No
CUST-1563,Female,1,No,Yes,17,Yes,Yes,Fiber optic,No,No internet service,No internet service,No,Yes,No internet service,Month-to-month,Yes,Electronic check,93.7,1610.44,Yes
CUST-1564,Female,0,No,No,39,Yes,No,Fiber optic,Yes,No internet service,Yes,No internet service,No,No,Month-to-month,Yes,Mailed check,83.04,3233.71,Yes
CUST-1565,Female,0,Yes,Yes,20,No,No phone service,Fiber optic,No internet service,No,No,No,No internet service,No,Month-to-month,Yes,Credit card (automatic),53.96,1081.85,No
CUST-1566,Male,0,Yes,No,14,Yes,No,Fiber optic,Yes,No,Yes,No,No internet service,No,One year,No,Mailed check,23.19,279.29,No
CUST-1567,Male,0,Yes,Yes,25,Yes,Yes,DSL,Yes,No internet service,No,No,No,No,Month-to-month,Yes,Credit card (automatic),21.37,658.26,No
CUST-1568,Female,0,No,No,7,Yes,Yes,DSL,Yes,Yes,Yes,Yes,Yes,No,Two year,Yes,Bank transfer (automatic),73.95,525.5,No
CUST-1569,Male,1,Yes,Yes,41,Yes,Yes,No,Yes,No,No,No,Yes,No internet service,Month-to-month,Yes,Bank transfer (automatic),94.83,3915.46,Yes
CUST-1570,Female,0,No,No,43,Yes,Yes,No,No,Yes,No,No,No,No,Month-to-month,Yes,Electronic check,72.26,3096.28,Yes
CUST-1571,Male,0,No,No,13,Yes,No,Fiber optic,No,No,No,No internet service,Yes,Yes,Month-to-month,No,Mailed check,102.75,1378.02,Yes
CUST-1572,Female,0,No,No,1,Yes,No,DSL,No,Yes,No,No,No,Yes,Month-to-month,No,Mailed check,21.61,-43.31,Yes
CUST-1573,Male,0,Yes,No,36,Yes,Yes,No,No,No internet service,No internet service,No,No,Yes,Month-to-month,Yes,Credit card (automatic),55.11,1896.68,No
CUST-1574,Female,0,Yes,No,68,Yes,No,Fiber optic,No internet service,No internet service,No,Yes,No internet service,No internet service,Two year,Yes,Bank transfer (automatic),42.08,2859.92,Yes
CUST-1575,Male,0,Yes,No,37,Yes,No,Fiber optic,Yes,No,No,No,No,No,Month-to-month,Yes,Credit card (automatic),63.2,2441.1,Yes
CUST-1576,Female,0,Yes,No,40,Yes,No phone service,Fiber optic,Yes,No,No,Yes,No,No,One year,Yes,Credit card (automatic),25.52,1081.22,Yes
CUST-1577,Male,0,No,No,61,Yes,No,Fiber optic,No,No,No,No internet service,No internet service,No internet service,One year,No,Credit card (automatic),114.14,6922.12,Yes
CUST-1578,Female,0,No,Yes,59,Yes,Yes,Fiber optic,No,No,No,No,Yes,No,Month-to-month,No,Electronic check,40.69,2426.51,Yes
CUST-1579,Male,0,Yes,No,13,Yes,No,No,No,No,Yes,No,Yes,No,One year,Yes,Electronic check,110.94,1410.42,No
CUST-1580,Female,0,Yes,Yes,1,Yes,Yes,DSL,Yes,No,Yes,Yes,No internet service,Yes,Two year,No,Electronic check,61.05,82.37,No
CUST-1581,Female,0,Yes,No,69,Yes,No,DSL,No internet service,Yes,No,No,No,No,Month-to-month,Yes,Electronic check,117.3,8118.92,Yes
CUST-1582,Male,0,Yes,No,16,Yes,No,DSL,No,No,No internet service,No internet service,No,No,Month-to-month,Yes,Electronic check,73.93,1229.2,No
CUST-1583,Female,0,Yes,No,27,Yes,Yes,DSL,Yes,No,No internet service,No internet service,Yes,No,Two year,Yes,Mailed check,111.8,2940.32,Yes
CUST-1584,Male,1,No,No,65,Yes,Yes,DSL,Yes,Yes,No,No,Yes,Yes,Month-to-month,No,Mailed check,18.79,1158.07,No
CUST-1585,Female,0,No,Yes,34,No,Yes,DSL,No internet service,No,Yes,No internet service,No,No,Month-to-month,No,Mailed check,93.45,3173.52,No
CUST-1586,Male,0,Yes,Yes,4,Yes,Yes,DSL,No,No,No,Yes,No,Yes,Two year,No,Electronic check,109.01,384.42,No
CUST-1587,Female,0,Yes,No,64,Yes,No,DSL,No,Yes,No,Yes,No,No,Month-to-month,Yes,Mailed check,32.29,2011.07,Yes
CUST-1588,Male,0,No,No,39,Yes,No,DSL,No,Yes,Yes,Yes,Yes,No,Month-to-month,No,Electronic check,27.91,1102.08,No
CUST-1589,Female,0,Yes,No,55,Yes,Yes,DSL,Yes,No,No,No internet service,No internet service,No,Two year,Yes,Bank transfer (automatic),60.92,3304.8,No
CUST-1590,Female,1,Yes,No,35,Yes,No phone service,Fiber optic,No,No,No,No,Yes,No internet service,Two year,Yes,Credit card (automatic),112.08,4035.68,Yes
CUST-1591,Male,0,No,No,44,Yes,No,Fiber optic,No internet service,No,No,No,No,Yes,Month-to-month,Yes,Credit card (automatic),72.76,3174.78,Yes
CUST-1592,Male,0,No,Yes,22,Yes,Yes,DSL,No internet service,No internet service,No,Yes,Yes,No,Month-to-month,No,Credit card (automatic),71.26,1554.21,Yes
CUST-1593,Female,1,No,Yes,46,Yes,Yes,Fiber optic,No internet service,No,No,No,No internet service,Yes,Two year,No,Electronic check,32.43,1506.66,No
CUST-1594,Female,0,No,Yes,30,Yes,No,No,No,No,No internet service,No internet service,No internet service,No internet service,One year,No,Mailed check,18.33,474.5,No
CUST-1595,Male,0,No,No,10,Yes,Yes,No,Yes,No,No,No internet service,No,No,Month-to-month,No,Electronic check,99.67,1022.13,Yes
CUST-1596,Male,0,No,Yes,9,Yes,No phone service,DSL,No,No internet service,No,No internet service,No,Yes,Month-to-month,No,Mailed check,27.05,260.52,No
CUST-1597,Male,0,Yes,No,66,Yes,No,No,No internet service,No internet service,No,Yes,Yes,No,Month-to-month,No,Credit card (automatic),81.95,5391.23,Yes
CUST-1598,Female,0,Yes,Yes,13,No,No,Fiber optic,No,No,No,No,No,No internet service,Two year,Yes,Electronic check,110.17,1445.91,No
CUST-1599,Male,0,Yes,No,9,Yes,No,DSL,No internet service,No,No,No,No,Yes,Two year,Yes,Credit card (automatic),39.22,374.39,No
CUST-1600,Male,0,No,No,0,Yes,Yes,DSL,Yes,Yes,Yes,No,No,No,Two year,Yes,Bank transfer (automatic),85.11, ,No
CUST-1601,Male,1,No,No,4,Yes,No,DSL,No,No,No internet service,Yes,No,Yes,Two year,Yes,Electronic check,26.16,229.65,No
CUST-1602,Female,0,No,Yes,19,Yes,No,Fiber optic,No internet service,No,No,No,No,No,One year,Yes,Electronic check,78.93,1446.59,No
CUST-1603,Male,0,Yes,No,7,Yes,No,Fiber optic,Yes,No,No,No internet service,No,Yes,Month-to-month,Yes,Electronic check,34.73,178.24,Yes
CUST-1604,Male,1,No,No,42,Yes,Yes,Fiber optic,No,Yes,No,No,No internet service,No,Two year,Yes,Electronic check,92.21,3877.96,No
CUST-1605,Male,0,No,Yes,0,Yes,No phone service,DSL,No internet service,No,Yes,No,Yes,No internet service,One year,Yes,Electronic check,48.52, ,No
CUST-1606,Male,0,Yes,No,56,Yes,Yes,DSL,No,No,No,Yes,No,No,Month-to-month,No,Electronic check,64.82,3662.39,Yes
CUST-1607,Female,0,Yes,No,63,Yes,Yes,DSL,No,No internet service,No internet service,No,Yes,No,Month-to-month,Yes,Bank transfer (automatic),78.49,4950.52,Yes
CUST-1608,Female,0,Yes,Yes,27,Yes,Yes,Fiber optic,No internet service,No,No internet service,No,Yes,No,Two year,No,Bank transfer (automatic),35.46,975.78,No
CUST-1609,Male,0,No,No,36,Yes,No,No,No,Yes,No,No internet service,No internet service,Yes,Month-to-month,No,Bank transfer (automatic),92.78,3324.9,Yes
CUST-1610,Male,0,No,No,46,Yes,Yes,Fiber optic,Yes,No,No,No,Yes,Yes,Month-to-month,Yes,Bank transfer (automatic),48.67,2251.57,Yes
CUST-1611,Female,0,No,No,36,Yes,Yes,No,No,No internet service,No internet service,Yes,No,Yes,One year,No,Electronic check,84.82,3077.13,Yes
CUST-1612,Female,0,No,No,48,Yes,Yes,Fiber optic,No,Yes,No internet service,Yes,No internet service,No internet service,One year,Yes,Electronic check,34.16,1649.68,No
CUST-1613,Female,0,No,No,43,Yes,No phone service,Fiber optic,Yes,Yes,No,No,No,No,Month-to-month,Yes,Bank transfer (automatic),87.41,3691.38,Yes
CUST-1614,Female,0,No,Yes,55,Yes,No,Fiber optic,No,Yes,No,Yes,Yes,No internet service,Two year,Yes,Bank transfer (automatic),31.13,1720.75,Yes
CUST-1615,Female,0,No,No,27,Yes,No,Fiber optic,No,No,No,Yes,No internet service,Yes,Month-to-month,No,Electronic check,61.0,1739.7,Yes
CUST-1616,Female,0,Yes,Yes,5,Yes,Yes,Fiber optic,Yes,No,No,Yes,No,No,Month-to-month,Yes,Electronic check,43.09,227.49,Yes
CUST-1617,Male,0,No,No,60,Yes,Yes,No,No,No,No,No,No,Yes,Month-to-month,Yes,Mailed check,93.46,5614.45,Yes
CUST-1618,Male,0,Yes,No,19,Yes,No phone service,Fiber optic,Yes,No,No internet service,No internet service,No,No internet service,One year,No,Electronic check,44.58,925.02,No
CUST-1619,Male,0,No,No,1,No,Yes,DSL,Yes,No,No internet service,No,No,No,Two year,No,Electronic check,106.86,69.58,Yes
CUST-1620,Male,0,No,Yes,72,Yes,Yes,Fiber optic,Yes,No,Yes,No,No,No,Two year,Yes,Credit card (automatic),107.88,7811.84,Yes
CUST-1621,Female,0,No,No,36,Yes,Yes,No,No,No,Yes,No,Yes,Yes,Two year,No,Electronic check,37.99,1341.13,No
CUST-1622,Male,0,Yes,No,19,Yes,Yes,Fiber optic,No,No,No,Yes,Yes,Yes,Month-to-month,Yes,Electronic check,79.94,1573.19,Yes
CUST-1623,Female,1,No,No,25,Yes,No phone service,Fiber optic,No internet service,No,Yes,No,No internet service,No internet service,Month-to-month,No,Credit card (automatic),27.07,716.65,No
CUST-1624,Female,0,Yes,No,28,Yes,Yes,DSL,No,Yes,Yes,No,No,No internet service,One year,Yes,Electronic check,57.6,1592.19,Yes
CUST-1625,Female,0,Yes,No,0,Yes,No phone service,Fiber optic,No,No,Yes,No internet service,No internet service,No internet service,Month-to-month,No,Bank transfer (automatic),89.94, ,No
CUST-1626,Male,0,No,No,34,Yes,No,DSL,Yes,No internet service,No,No,Yes,Yes,Two year,No,Credit card (automatic),84.52,2922.57,Yes
CUST-1627,Female,0,Yes,No,69,Yes,Yes,DSL,No internet service,No,No,No,No,No internet service,One year,No,Mailed check,81.03,5498.3,Yes
CUST-1628,Male,0,Yes,Yes,58,Yes,No,Fiber optic,No,No,No,No,No internet service,No,Two year,Yes,Mailed check,46.65,2683.6,Yes
CUST-1629,Female,0,No,No,68,No,Yes,DSL,No,No internet service,Yes,No,No,No internet service,Month-to-month,No,Electronic check,56.24,3855.34,Yes
CUST-1630,Male,0,No,No,32,Yes,No,Fiber optic,No,No,No internet service,No internet service,Yes,Yes,Month-to-month,Yes,Mailed check,28.6,899.79,Yes
CUST-1631,Female,0,No,No,50,Yes,Yes,No,No,No,No internet service,No,No internet service,No,Month-to-month,Yes,Mailed check,90.51,4532.24,Yes
CUST-1632,Male,0,No,No,11,Yes,No,DSL,No,No,No internet service,Yes,No,No internet service,Month-to-month,Yes,Electronic check,68.89,655.73,Yes
CUST-1633,Female,0,Yes,No,19,Yes,No,Fiber optic,Yes,No,No,No,Yes,No internet service,One year,No,Electronic check,89.48,1657.4,Yes
CUST-1634,Female,0,No,No,52,Yes,No,Fiber optic,Yes,No internet service,No internet service,No internet service,No,No,Month-to-month,Yes,Mailed check,43.27,2284.01,No
CUST-1635,Male,0,No,No,42,Yes,No,DSL,Yes,No,No,No,No,No internet service,Month-to-month,Yes,Mailed check,50.86,2098.57,Yes
CUST-1636,Female,0,No,No,49,Yes,Yes,Fiber optic,Yes,Yes,No,Yes,Yes,Yes,Month-to-month,Yes,Electronic check,51.84,2475.04,Yes
CUST-1637,Male,0,No,No,28,Yes,No,Fiber optic,Yes,No,Yes,No,Yes,No,Month-to-month,Yes,Credit card (automatic),20.84,636.6,No
CUST-1638,Male,0,Yes,Yes,56,Yes,Yes,Fiber optic,No,Yes,No,No,Yes,No internet service,Month-to-month,No,Credit card (automatic),52.53,2967.46,Yes
CUST-1639,Female,0,No,No,38,Yes,No,No,No,No internet service,No internet service,No internet service,Yes,No internet service,Month-to-month,Yes,Credit card (automatic),98.98,3706.81,Yes
CUST-1640,Male,0,No,No,55,Yes,Yes,Fiber optic,No,Yes,No,No internet service,No,No,Month-to-month,Yes,Electronic check,108.43,5970.58,Yes
CUST-1641,Male,1,No,No,42,Yes,Yes,No,No internet service,No,No internet service,Yes,No internet service,No,Month-to-month,No,Mailed check,70.33,2901.06,Yes
CUST-1642,Male,0,Yes,Yes,49,Yes,No,Fiber optic,No internet service,No internet service,No,No,No,No internet service,Month-to-month,Yes,Bank transfer (automatic),64.03,3129.85,Yes
CUST-1643,Female,1,No,No,22,Yes,No phone service,DSL,No internet service,No internet service,No,No internet service,No,No internet service,Month-to-month,No,Electronic check,21.35,478.5,No
CUST-1644,Female,0,Yes,Yes,43,Yes,Yes,Fiber optic,No internet service,No,No,Yes,No internet service,No internet service,Month-to-month,Yes,Electronic check,106.61,4543.81,Yes
CUST-1645,Male,1,No,No,37,Yes,No,DSL,No,Yes,Yes,No,No internet service,No,Month-to-month,No,Electronic check,19.56,760.84,Yes
CUST-1646,Male,1,No,No,22,Yes,Yes,Fiber optic,No,No internet service,No,No,No,No,One year,Yes,Mailed check,113.2,2535.27,Yes
CUST-1647,Female,0,No,No,44,Yes,No,Fiber optic,Yes,Yes,No,Yes,No,No,One year,No,Electronic check,67.42,2979.66,Yes
CUST-1648,Female,0,No,No,51,Yes,No,Fiber optic,No,Yes,Yes,No internet service,No,No,Two year,Yes,Electronic check,52.61,2703.81,No
CUST-1649,Male,0,Yes,No,49,Yes,No,DSL,Yes,No internet service,No,No,No,No,Month-to-month,Yes,Credit card (automatic),111.13,5372.73,Yes
CUST-1650,Female,0,Yes,No,7,No,Yes,Fiber optic,No,No internet service,No,No,Yes,Yes,Month-to-month,No,Credit card (automatic),20.7,213.01,No
CUST-1651,Male,0,No,No,0,Yes,Yes,DSL,Yes,No,No,Yes,Yes,No internet service,Two year,Yes,Bank transfer (automatic),76.68, ,No
CUST-1652,Male,0,No,No,7,Yes,Yes,Fiber optic,No,No,No internet service,No,No,No,Month-to-month,Yes,Electronic check,73.42,467.18,No
CUST-1653,Female,0,Yes,No,28,Yes,No,No,Yes,No,No,No,No,No,One year,No,Electronic check,40.29,1135.41,No
CUST-1654,Male,0,No,Yes,4,Yes,Yes,No,No,No internet service,No,No,No,No,Month-to-month,Yes,Credit card (automatic),61.35,282.67,No
CUST-1655,Male,0,No,No,46,Yes,Yes,DSL,No,No internet service,No,No,Yes,Yes,Month-to-month,No,Credit card (automatic),83.8,3880.42,Yes
CUST-1656,Female,0,No,Yes,33,Yes,Yes,Fiber optic,No,No,No,No internet service,No,No,Two year,Yes,Mailed check,91.33,2959.66,Yes
CUST-1657,Female,0,No,Yes,64,Yes,No,Fiber optic,No,No,No,No,No,No internet service,Month-to-month,Yes,Bank transfer (automatic),18.32,1210.36,Yes
CUST-1658,Female,0,No,No,54,Yes,No,No,No,No,No,No internet service,No,No,Month-to-month,Yes,Bank transfer (automatic),112.4,6066.57,Yes
CUST-1659,Male,0,No,Yes,42,No,Yes,Fiber optic,No internet service,No,No,No,No,No internet service,Month-to-month,No,Credit card (automatic),34.78,1485.82,Yes
CUST-1660,Female,0,No,Yes,29,Yes,Yes,DSL,No internet service,Yes,No,No internet service,No internet service,No,Month-to-month,Yes,Electronic check,41.72,1169.8,Yes
CUST-1661,Male,0,No,No,16,Yes,Yes,Fiber optic,Yes,No,No internet service,No internet service,No,No internet service,Month-to-month,Yes,Bank transfer (automatic),44.73,767.98,No
CUST-1662,Male,0,No,No,25,Yes,Yes,Fiber optic,Yes,No,No internet service,No,No,No internet service,One year,No,Credit card (automatic),22.05,560.39,No
CUST-1663,Male,0,No,No,7,Yes,No,Fiber optic,No,No,No,Yes,Yes,No,Two year,No,Electronic check,30.62,273.78,No
CUST-1664,Male,0,Yes,No,46,Yes,No,No,No,Yes,No internet service,No,Yes,No,Two year,Yes,Electronic check,117.38,5322.74,Yes
CUST-1665,Female,0,Yes,Yes,71,No,Yes,DSL,No,No,No,No,No,Yes,Month-to-month,Yes,Electronic check,49.93,3474.96,Yes
CUST-1666,Female,1,No,No,45,Yes,No,No,No,No,No,No,No,Yes,Two year,No,Electronic check,29.84,1330.8,No
CUST-1667,Male,0,Yes,No,67,Yes,Yes,DSL,No internet service,No internet service,Yes,No,No,No,One year,Yes,Electronic check,29.0,2016.38,Yes
CUST-1668,Male,0,No,Yes,32,Yes,No phone service,No,No,No,No internet service,No,Yes,No internet service,Month-to-month,No,Electronic check,90.56,2996.06,No
CUST-1669,Female,0,No,No,0,Yes,Yes,No,No,No,Yes,No,Yes,Yes,Two year,Yes,Bank transfer (automatic),104.13, ,No
CUST-1670,Male,0,No,Yes,18,Yes,No,Fiber optic,No,No internet service,No,No,Yes,No,One year,Yes,Electronic check,44.07,795.91,No
CUST-1671,Male,0,No,No,30,Yes,No,Fiber optic,Yes,No,Yes,No internet service,Yes,No,One year,No,Electronic check,20.35,618.26,No
CUST-1672,Male,1,Yes,Yes,13,Yes,Yes,DSL,Yes,No,Yes,No,No,No,Month-to-month,No,Mailed check,40.67,564.62,Yes
CUST-1673,Male,0,Yes,No,52,Yes,No,DSL,No,No,No internet service,No,No,Yes,Month-to-month,No,Electronic check,23.93,1288.61,Yes
CUST-1674,Male,0,No,No,47,Yes,No,DSL,No,No internet service,No,No,Yes,No,Two year,No,Electronic check,28.64,1290.36,Yes
CUST-1675,Female,0,Yes,No,68,Yes,No,DSL,No internet service,No,Yes,Yes,No,Yes,Month-to-month,Yes,Electronic check,61.62,4193.39,Yes
CUST-1676,Female,0,No,No,61,Yes,No,Fiber optic,No internet service,No internet service,Yes,Yes,Yes,No internet service,One year,Yes,Credit card (automatic),41.36,2422.53,Yes
CUST-1677,Female,1,Yes,No,65,Yes,Yes,DSL,Yes,No,No,Yes,No,Yes,One year,Yes,Electronic check,70.1,4597.04,Yes
CUST-1678,Female,1,No,No,63,Yes,Yes,No,No internet service,No,Yes,Yes,No,Yes,Two year,No,Bank transfer (automatic),43.73,2738.06,Yes
CUST-1679,Male,0,Yes,Yes,69,Yes,Yes,Fiber optic,No,No,Yes,Yes,No,No internet service,Month-to-month,No,Bank transfer (automatic),112.77,7720.86,Yes
CUST-1680,Female,1,Yes,No,62,Yes,No,Fiber optic,No internet service,No,Yes,No,No,No,One year,No,Bank transfer (automatic),109.3,6793.23,Yes
CUST-1681,Male,0,No,No,72,Yes,Yes,Fiber optic,No,No internet service,Yes,Yes,No,Yes,Month-to-month,Yes,Bank transfer (automatic),75.21,5396.63,Yes
CUST-1682,Male,0,No,No,32,Yes,Yes,DSL,No internet service,No,No,No,No,No,One year,No,Mailed check,53.87,1786.91,No
CUST-1683,Female,0,Yes,Yes,40,Yes,No,DSL,Yes,No,No internet service,No,No internet service,No,One year,No,Bank transfer (automatic),56.56,2217.77,Yes
CUST-1684,Female,1,Yes,No,47,Yes,No,Fiber optic,No,No,No,Yes,No,No,Month-to-month,No,Electronic check,59.64,2914.23,Yes
CUST-1685,Male,1,Yes,No,12,Yes,No,No,No,Yes,No,Yes,Yes,No internet service,One year,Yes,Mailed check,91.37,1139.17,No
CUST-1686,Female,0,No,No,72,No,No,Fiber optic,No,No,No internet service,No internet service,No,No internet service,Month-to-month,No,Credit card (automatic),63.64,4646.46,Yes
CUST-1687,Male,0,No,Yes,30,Yes,Yes,DSL,No internet service,Yes,No,No,No,No,Month-to-month,Yes,Bank transfer (automatic),104.35,3079.06,Yes
CUST-1688,Male,0,Yes,Yes,67,Yes,Yes,No,No,No,No,No,Yes,No,Month-to-month,Yes,Electronic check,113.13,7669.13,Yes
CUST-1689,Male,0,No,Yes,3,Yes,Yes,DSL,No,No internet service,No internet service,No,No,No,Month-to-month,Yes,Credit card (automatic),52.01,95.4,No
CUST-1690,Female,0,Yes,No,18,Yes,Yes,Fiber optic,No,Yes,No,No,No,No internet service,Month-to-month,No,Mailed check,74.6,1332.31,Yes
CUST-1691,Male,0,No,No,69,Yes,No,Fiber optic,No,No,Yes,No internet service,No,Yes,Month-to-month,No,Mailed check,27.8,1983.43,Yes
CUST-1692,Female,0,No,No,12,Yes,No,Fiber optic,No,Yes,No,Yes,No,No,One year,No,Mailed check,38.4,486.14,No
CUST-1693,Female,0,No,No,22,Yes,Yes,No,No,No,No,No,No,No,Two year,Yes,Mailed check,59.8,1253.64,No
CUST-1694,Female,0,No,No,0,Yes,Yes,Fiber optic,Yes,Yes,No internet service,No internet service,No,Yes,One year,Yes,Mailed check,38.97, ,No
CUST-1695,Male,0,No,No,53,Yes,No,Fiber optic,Yes,Yes,Yes,No,No internet service,Yes,Month-to-month,Yes,Electronic check,106.34,5653.02,Yes
CUST-1696,Male,0,Yes,Yes,70,No,No phone service,DSL,Yes,No internet service,No,No,No,No,Two year,Yes,Electronic check,34.16,2370.39,No
CUST-1697,Male,0,Yes,No,14,No,Yes,No,No,No,No,No,No internet service,Yes,One year,Yes,Mailed check,64.04,819.46,No
CUST-1698,Female,0,No,No,64,Yes,No,Fiber optic,No,Yes,No,No,No,No,Month-to-month,Yes,Electronic check,79.12,5085.42,Yes
CUST-1699,Male,0,Yes,No,70,No,No,DSL,No,No,No,No,Yes,No internet service,Two year,Yes,Credit card (automatic),87.78,6136.43,Yes
CUST-1700,Male,0,Yes,No,14,Yes,No,Fiber optic,No,No internet service,Yes,No internet service,No,No,Month-to-month,Yes,Credit card (automatic),56.75,802.32,No
CUST-1701,Female,1,No,No,20,No,Yes,DSL,No,No,Yes,No,Yes,No,One year,No,Electronic check,105.59,2032.54,No
CUST-1702,Male,0,No,No,18,No,Yes,DSL,No internet service,No internet service,No internet service,No,Yes,Yes,Month-to-month,Yes,Electronic check,75.37,1335.73,No
CUST-1703,Male,0,No,Yes,59,No,Yes,No,No internet service,No internet service,Yes,No,No,No internet service,Month-to-month,Yes,Bank transfer (automatic),62.42,3706.8,Yes
CUST-1704,Female,0,No,Yes,32,Yes,Yes,Fiber optic,No internet service,No,No,No,Yes,No,Two year,No,Electronic check,25.01,894.14,No
CUST-1705,Male,1,No,No,48,Yes,Yes,DSL,No internet service,No,Yes,Yes,No,No internet service,Month-to-month,Yes,Credit card (automatic),64.95,3107.34,Yes
CUST-1706,Male,0,Yes,No,34,No,No,Fiber optic,Yes,No,Yes,No,No,No,Month-to-month,Yes,Mailed check,100.73,3496.98,Yes
CUST-1707,Male,0,No,No,43,Yes,No,No,Yes,Yes,No internet service,No,No internet service,No,Two year,Yes,Electronic check,80.01,3479.8,No
CUST-1708,Male,0,Yes,Yes,10,Yes,No,DSL,No internet service,No internet service,No,Yes,Yes,No,Two year,No,Credit card (automatic),101.88,1030.49,No
CUST-1709,Male,0,Yes,Yes,71,Yes,Yes,Fiber optic,Yes,No,No internet service,Yes,No,No internet service,One year,Yes,Bank transfer (automatic),67.9,4770.28,No
CUST-1710,Female,0,Yes,No,65,Yes,No,Fiber optic,No internet service,Yes,No,No internet service,No,No,Month-to-month,Yes,Electronic check,30.16,1911.88,Yes
CUST-1711,Male,0,No,No,45,Yes,No,DSL,No,No internet service,No,No,No,Yes,Month-to-month,Yes,Credit card (automatic),19.62,913.78,No
CUST-1712,Male,0,No,No,8,Yes,No,Fiber optic,No internet service,Yes,No,No internet service,No,No internet service,Two year,Yes,Credit card (automatic),48.72,363.44,No
CUST-1713,Male,1,Yes,No,2,Yes,Yes,DSL,No,No,No,No,Yes,No internet service,Month-to-month,No,Credit card (automatic),88.4,146.03,No
CUST-1714,Male,0,Yes,Yes,25,Yes,No,Fiber optic,No,No,No internet service,No,Yes,No,Month-to-month,Yes,Credit card (automatic),97.67,2432.72,No
CUST-1715,Male,0,Yes,No,71,Yes,No,No,Yes,Yes,Yes,Yes,Yes,No,Month-to-month,Yes,Electronic check,47.97,3397.68,Yes
CUST-1716,Male,0,No,No,47,No,Yes,DSL,Yes,No,No,No,No,No,Month-to-month,No,Electronic check,68.06,3243.86,Yes
CUST-1717,Female,0,No,No,65,Yes,No,No,No,No internet service,No internet service,No,Yes,Yes,Month-to-month,Yes,Electronic check,60.57,3911.78,No
CUST-1718,Female,0,Yes,No,69,No,No,Fiber optic,No,No,No internet service,No,No,No,Month-to-month,No,Electronic check,59.51,4146.25,Yes
CUST-1719,Female,0,Yes,No,27,Yes,Yes,Fiber optic,No internet service,No internet service,No,Yes,No,Yes,Month-to-month,Yes,Electronic check,41.5,1142.49,Yes
CUST-1720,Male,0,Yes,Yes,25,Yes,Yes,Fiber optic,No,No internet service,No internet service,Yes,No,No,Month-to-month,Yes,Electronic check,31.96,715.3,Yes
CUST-1721,Male,0,No,No,24,Yes,No,DSL,No,No,No internet service,No,Yes,No internet service,Month-to-month,Yes,Bank transfer (automatic),38.02,927.21,No
CUST-1722,Male,1,Yes,Yes,11,Yes,No phone service,No,No internet service,No,No,No internet service,No,No,Month-to-month,No,Electronic check,23.81,128.52,No
CUST-1723,Female,0,Yes,Yes,4,No,No,Fiber optic,No internet service,No,No internet service,No,No internet service,No,One year,No,Mailed check,38.16,107.88,Yes
CUST-1724,Female,0,No,No,47,Yes,Yes,Fiber optic,No,No,No internet service,No,No,No,Two year,Yes,Bank transfer (automatic),19.17,924.14,No
CUST-1725,Female,0,No,Yes,36,No,No,Fiber optic,No internet service,Yes,Yes,No,No,No,Month-to-month,No,Electronic check,81.29,2925.91,Yes
CUST-1726,Female,1,No,Yes,43,Yes,No,Fiber optic,No,No internet service,No,No internet service,No,No,Month-to-month,Yes,Credit card (automatic),50.05,2063.76,No
CUST-1727,Female,1,No,No,14,Yes,Yes,No,No internet service,Yes,No,No internet service,No,No internet service,Month-to-month,No,Credit card (automatic),116.05,1568.74,Yes
CUST-1728,Male,0,Yes,No,42,Yes,No,Fiber optic,No,No,Yes,No internet service,No,No internet service,Month-to-month,No,Bank transfer (automatic),37.72,1453.79,Yes
CUST-1729,Female,0,Yes,No,47,Yes,Yes,No,No,Yes,No,No,No,Yes,Month-to-month,No,Credit card (automatic),53.01,2424.34,No
CUST-1730,Female,0,No,Yes,69,Yes,Yes,Fiber optic,Yes,No,No,No,No,No internet service,Month-to-month,Yes,Electronic check,54.21,3769.44,Yes
CUST-1731,Female,0,Yes,No,45,Yes,No,DSL,No internet service,Yes,Yes,No,No,No,One year,No,Electronic check,19.1,831.63,No
CUST-1732,Female,1,No,Yes,42,Yes,No phone service,No,No,No,No,No,No,Yes,One year,No,Electronic check,102.59,4317.28,No
CUST-1733,Female,0,No,No,20,Yes,No,Fiber optic,No,No,Yes,Yes,No,Yes,Month-to-month,No,Electronic check,21.47,430.08,Yes
CUST-1734,Male,0,No,Yes,22,Yes,No,Fiber optic,No,No,Yes,No,No,No internet service,Month-to-month,No,Bank transfer (automatic),112.74,2481.91,Yes
CUST-1735,Male,0,No,No,46,Yes,Yes,No,No internet service,No,No,Yes,No,No internet service,Two year,Yes,Credit card (automatic),107.9,5014.56,Yes
CUST-1736,Female,0,Yes,Yes,14,Yes,Yes,DSL,Yes,No,No,No internet service,No internet service,No internet service,Month-to-month,No,Credit card (automatic),72.07,998.83,No
CUST-1737,Male,0,Yes,No,24,Yes,No,Fiber optic,No,No,No,Yes,No,No,One year,No,Bank transfer (automatic),72.88,1794.65,No
CUST-1738,Female,0,Yes,Yes,35,No,Yes,DSL,No,No,Yes,No internet service,No,Yes,Month-to-month,Yes,Electronic check,83.95,2814.38,No
CUST-1739,Male,0,No,No,50,Yes,No,Fiber optic,No,No,Yes,Yes,No,No,One year,Yes,Mailed check,57.15,2913.07,Yes
CUST-1740,Female,0,Yes,Yes,14,Yes,No,No,Yes,No,No,No,Yes,Yes,Two year,No,Bank transfer (automatic),83.3,1101.7,No
CUST-1741,Female,1,No,No,67,Yes,No,No,No,No,Yes,Yes,No,No,Two year,Yes,Credit card (automatic),22.75,1470.6,No
CUST-1742,Female,0,No,No,20,Yes,Yes,Fiber optic,Yes,No,No,Yes,No,No internet service,Month-to-month,No,Credit card (automatic),23.68,438.37,Yes
CUST-1743,Male,0,No,No,12,Yes,No phone service,No,Yes,Yes,No,Yes,Yes,Yes,Month-to-month,Yes,Electronic check,64.2,824.59,Yes
CUST-1744,Female,0,No,No,18,Yes,Yes,No,No,No,No,Yes,No,Yes,Month-to-month,Yes,Credit card (automatic),73.49,1278.36,Yes
CUST-1745,Male,0,Yes,No,33,Yes,No phone service,Fiber optic,No,No internet service,Yes,Yes,No,No,Two year,Yes,Electronic check,107.48,3514.05,Yes
CUST-1746,Female,0,Yes,No,67,Yes,No,DSL,No,No,Yes,Yes,No,No,Month-to-month,No,Bank transfer (automatic),28.77,1879.51,Yes
CUST-1747,Female,0,No,No,51,Yes,No,Fiber optic,No internet service,No,Yes,Yes,No,No,Month-to-month,Yes,Bank transfer (automatic),100.93,5160.2,Yes
CUST-1748,Male,1,No,No,26,Yes,Yes,No,Yes,No internet service,No internet service,No,No,No internet service,Month-to-month,Yes,Electronic check,39.36,1060.54,No
CUST-1749,Female,0,Yes,No,28,Yes,No,No,No,No,No,Yes,No,No,Month-to-month,Yes,Electronic check,57.86,1705.3,Yes
CUST-1750,Male,0,No,No,27,Yes,Yes,Fiber optic,No,No,No internet service,No,No,Yes,Month-to-month,No,Electronic check,50.07,1471.88,Yes
CUST-1751,Female,0,No,No,34,Yes,No,No,No,No,Yes,No,No,No,One year,No,Electronic check,58.47,2020.49,No
CUST-1752,Male,0,No,Yes,7,Yes,No,DSL,No internet service,No,No,No internet service,Yes,No internet service,Month-to-month,Yes,Credit card (automatic),33.37,251.87,No
CUST-1753,Male,0,Yes,No,15,Yes,No,DSL,No,No,No,Yes,No internet service,No internet service,Month-to-month,No,Electronic check,68.86,972.03,Yes
CUST-1754,Female,0,Yes,No,35,Yes,Yes,No,No internet service,Yes,Yes,No,No,No internet service,Two year,No,Bank transfer (automatic),98.82,3554.17,Yes
CUST-1755,Female,0,Yes,Yes,29,Yes,No,DSL,No internet service,No,No,Yes,No,Yes,Two year,Yes,Electronic check,62.62,1826.75,No
CUST-1756,Female,0,No,No,17,Yes,No,DSL,Yes,No internet service,Yes,No,No,No internet service,Two year,Yes,Mailed check,67.56,1134.07,No
CUST-1757,Female,0,No,No,1,Yes,No,Fiber optic,No internet service,Yes,No,No internet service,Yes,No internet service,Month-to-month,Yes,Electronic check,103.55,122.93,Yes
CUST-1758,Male,0,Yes,No,48,Yes,No,Fiber optic,No,No internet service,No,No,No,No,Two year,No,Credit card (automatic),89.21,4250.26,Yes
CUST-1759,Male,0,No,No,3,Yes,No,Fiber optic,No,No,Yes,No,No internet service,Yes,Month-to-month,Yes,Credit card (automatic),67.54,85.74,No
CUST-1760,Male,0,Yes,No,6,Yes,Yes,DSL,No internet service,No,No,No,No,No internet service,Month-to-month,Yes,Electronic check,44.15,293.49,No
CUST-1761,Male,0,No,Yes,38,Yes,No phone service,No,Yes,No,No,No,No,No,Month-to-month,No,Mailed check,107.19,4140.34,Yes
CUST-1762,Male,0,Yes,No,12,Yes,Yes,No,No internet service,No,Yes,No internet service,No internet service,No,Month-to-month,No,Mailed check,76.24,942.73,Yes
CUST-1763,Female,0,No,No,30,Yes,No,Fiber optic,No,Yes,No internet service,No internet service,No,No,Month-to-month,No,Mailed check,40.48,1214.05,Yes
CUST-1764,Female,0,Yes,Yes,70,Yes,No,Fiber optic,No,Yes,No,No internet service,No internet service,No,Two year,No,Electronic check,45.3,3171.66,Yes
CUST-1765,Male,0,Yes,No,62,No,Yes,Fiber optic,No,No,No,Yes,No,No,Month-to-month,No,Mailed check,98.96,6144.13,Yes
CUST-1766,Female,0,No,Yes,55,No,No,Fiber optic,No,No,Yes,Yes,No internet service,Yes,Month-to-month,Yes,Electronic check,22.69,1255.03,Yes
CUST-1767,Male,0,Yes,Yes,41,Yes,No,Fiber optic,Yes,Yes,No internet service,Yes,No internet service,No,Month-to-month,Yes,Mailed check,117.96,4833.32,No
CUST-1768,Male,0,No,No,60,Yes,Yes,Fiber optic,Yes,No,No,No,Yes,No,Month-to-month,Yes,Mailed check,31.35,1882.27,Yes
CUST-1769,Female,0,No,Yes,41,Yes,Yes,Fiber optic,No internet service,No,No,Yes,No,No internet service,One year,Yes,Credit card (automatic),98.25,4106.0,Yes
CUST-1770,Male,0,Yes,No,55,Yes,No,DSL,No internet service,No internet service,No,No,No,Yes,Month-to-month,Yes,Bank transfer (automatic),57.92,3209.21,Yes
CUST-1771,Female,0,Yes,No,35,Yes,Yes,Fiber optic,No,No,No,No internet service,Yes,No internet service,Two year,Yes,Electronic check,67.72,2375.46,No
CUST-1772,Female,0,No,Yes,67,Yes,No,Fiber optic,No,Yes,No,No,No internet service,No,Month-to-month,No,Credit card (automatic),106.76,7185.88,Yes
CUST-1773,Male,0,Yes,No,6,Yes,No,Fiber optic,Yes,No,No,No,No,No,One year,Yes,Electronic check,59.75,391.46,No
CUST-1774,Male,0,No,Yes,53,Yes,Yes,Fiber optic,No,Yes,Yes,Yes,Yes,No,One year,Yes,Electronic check,72.27,3877.61,Yes
CUST-1775,Male,1,No,Yes,0,No,No,Fiber optic,No,No,No,No internet service,No,No internet service,Two year,No,Electronic check,23.2, ,No
CUST-1776,Female,0,Yes,No,43,Yes,No,Fiber optic,No,No internet service,No,No internet service,Yes,Yes,Two year,No,Bank transfer (automatic),18.49,771.04,No
CUST-1777,Male,1,Yes,No,44,Yes,Yes,DSL,No,No,Yes,No internet service,No,No internet service,One year,Yes,Electronic check,42.85,1844.72,Yes
CUST-1778,Male,1,No,No,46,Yes,No,Fiber optic,No,Yes,No,No internet service,No,No,Month-to-month,Yes,Mailed check,86.65,4024.24,Yes
CUST-1779,Female,1,No,Yes,12,Yes,No,No,No internet service,No internet service,Yes,No,No,No,Month-to-month,Yes,Credit card (automatic),30.44,401.17,Yes
CUST-1780,Female,0,Yes,No,21,Yes,No,Fiber optic,No internet service,No internet service,No,No,No,No,Two year,No,Mailed check,29.68,559.62,No
CUST-1781,Female,0,Yes,No,20,Yes,No,Fiber optic,No,No,Yes,No,Yes,No,Two year,Yes,Electronic check,59.55,1210.54,No
CUST-1782,Female,0,Yes,No,8,Yes,Yes,Fiber optic,Yes,Yes,No,No internet service,No internet service,Yes,Month-to-month,No,Bank transfer (automatic),83.36,735.49,Yes
CUST-1783,Female,0,No,Yes,25,Yes,Yes,No,No internet service,Yes,No,No internet service,No,No,Month-to-month,Yes,Bank transfer (automatic),89.81,2233.48,No
CUST-1784,Female,1,No,No,8,Yes,No phone service,Fiber optic,No,No,No,No,No,No internet service,Two year,Yes,Credit card (automatic),36.18,305.14,No
CUST-1785,Male,1,Yes,No,14,Yes,No,No,Yes,No,Yes,Yes,Yes,No internet service,Month-to-month,Yes,Electronic check,26.25,404.02,No
CUST-1786,Female,1,Yes,No,9,Yes,Yes,No,No internet service,No,No,Yes,No,No,Month-to-month,No,Electronic check,112.76,948.81,Yes
CUST-1787,Female,0,Yes,No,41,Yes,No,Fiber optic,Yes,Yes,No,No internet service,No,No,Month-to-month,No,Electronic check,44.45,1830.05,No
CUST-1788,Male,0,Yes,No,71,Yes,No,Fiber optic,No,No internet service,No internet service,No,Yes,No,One year,Yes,Mailed check,104.01,7448.32,Yes
CUST-1789,Female,0,No,Yes,23,Yes,Yes,DSL,No,Yes,No,No,Yes,No,Two year,No,Credit card (automatic),105.03,2386.03,Yes
CUST-1790,Male,0,Yes,No,48,Yes,No,Fiber optic,Yes,Yes,No,No internet service,Yes,No,Month-to-month,Yes,Mailed check,95.89,4644.34,Yes
CUST-1791,Male,1,No,Yes,25,Yes,Yes,Fiber optic,Yes,No,No,No,No,Yes,Month-to-month,Yes,Electronic check,35.22,881.86,No
CUST-1792,Male,1,No,Yes,36,Yes,No,No,Yes,No,No,No internet service,No,Yes,Month-to-month,No,Mailed check,100.84,3596.51,Yes
CUST-1793,Male,1,No,No,67,Yes,No,Fiber optic,No internet service,No,No internet service,No,No internet service,Yes,Month-to-month,Yes,Bank transfer (automatic),95.56,6397.69,Yes
CUST-1794,Female,0,Yes,Yes,49,Yes,No,No,No,No,No,No,No internet service,No,One year,Yes,Mailed check,78.22,3806.47,Yes
CUST-1795,Female,0,Yes,Yes,23,Yes,No phone service,DSL,Yes,No,No,No,Yes,No,Month-to-month,Yes,Electronic check,52.14,1154.8,No
CUST-1796,Female,1,Yes,Yes,18,Yes,Yes,Fiber optic,No,Yes,No,No,No,Yes,Month-to-month,Yes,Bank transfer (automatic),44.63,790.62,Yes
CUST-1797,Female,0,No,Yes,59,Yes,Yes,Fiber optic,Yes,No internet service,No internet service,No,No,No internet service,One year,No,Bank transfer (automatic),30.5,1802.92,Yes
CUST-1798,Female,1,No,No,38,Yes,No phone service,Fiber optic,No,No,No,No internet service,Yes,Yes,One year,No,Credit card (automatic),69.48,2631.94,No
CUST-1799,Male,0,No,No,17,Yes,No,No,No,No internet service,No internet service,No internet service,No,Yes,Month-to-month,Yes,Credit card (automatic),77.07,1296.92,Yes
CUST-1800,Female,0,Yes,Yes,18,Yes,No,DSL,Yes,No internet service,No,No,Yes,No,Month-to-month,No,Credit card (automatic),54.36,989.78,Yes
CUST-1801,Female,0,No,Yes,35,Yes,No,DSL,No,No,No internet service,No internet service,No,No,Two year,No,Credit card (automatic),66.02,2337.27,No
CUST-1802,Female,0,No,No,54,No,No,Fiber optic,No,No,No,Yes,No,No,Month-to-month,Yes,Bank transfer (automatic),54.78,2900.92,Yes
CUST-1803,Female,0,No,No,68,Yes,Yes,Fiber optic,Yes,No internet service,Yes,No,Yes,No,Two year,Yes,Mailed check,82.67,5608.94,Yes
CUST-1804,Male,0,Yes,No,46,No,No,No,No internet service,No,No,No,Yes,No internet service,Month-to-month,Yes,Electronic check,108.83,4907.5,Yes
CUST-1805,Male,0,No,Yes,48,Yes,Yes,No,No,No internet service,No internet service,Yes,No,Yes,Two year,Yes,Mailed check,34.72,1658.45,Yes
CUST-1806,Male,0,No,No,32,Yes,No,DSL,No internet service,No,No,No internet service,No,No,Two year,Yes,Mailed check,56.58,1818.09,No
CUST-1807,Male,0,No,No,20,Yes,Yes,Fiber optic,No internet service,No,No,No internet service,No internet service,No internet service,One year,Yes,Credit card (automatic),32.41,676.69,No
CUST-1808,Male,0,No,No,21,Yes,No,Fiber optic,Yes,No,Yes,Yes,No internet service,Yes,Two year,Yes,Mailed check,81.06,1709.97,No
CUST-1809,Male,0,Yes,No,47,Yes,No phone service,No,Yes,No,No,No,No internet service,No,Two year,Yes,Bank transfer (automatic),91.5,4327.91,Yes
CUST-1810,Male,0,No,Yes,36,Yes,Yes,No,No internet service,Yes,No,Yes,No internet service,No internet service,One year,No,Bank transfer (automatic),111.91,4032.02,Yes
CUST-1811,Female,0,Yes,No,14,No,Yes,Fiber optic,Yes,No internet service,No,No,Yes,Yes,Month-to-month,No,Credit card (automatic),46.28,614.14,Yes
CUST-1812,Female,0,Yes,No,34,Yes,No,Fiber optic,No,No internet service,Yes,No,No,No,Month-to-month,No,Mailed check,113.75,3811.7,Yes
CUST-1813,Female,0,Yes,No,70,No,No,DSL,No internet service,No internet service,No,No,Yes,Yes,One year,No,Credit card (automatic),24.61,1709.55,Yes
CUST-1814,Male,0,Yes,No,31,Yes,No,Fiber optic,Yes,No,No,No,No,No internet service,One year,No,Bank transfer (automatic),78.85,2406.04,Yes
CUST-1815,Female,1,Yes,No,10,Yes,Yes,Fiber optic,No,Yes,No internet service,No,No,No,Month-to-month,No,Electronic check,23.99,233.91,Yes
CUST-1816,Female,0,No,No,9,Yes,No,Fiber optic,No internet service,Yes,No,No,Yes,Yes,Month-to-month,Yes,Mailed check,108.07,948.04,Yes
CUST-1817,Male,0,No,No,72,Yes,No phone service,Fiber optic,No,Yes,No internet service,No,No,Yes,One year,No,Electronic check,71.5,5168.95,Yes
CUST-1818,Female,0,No,No,56,Yes,No,Fiber optic,No,No internet service,No,No,No,No,Month-to-month,Yes,Electronic check,85.52,4791.57,Yes
CUST-1819,Female,0,No,Yes,24,Yes,Yes,Fiber optic,Yes,No internet service,No internet service,No,No,No internet service,Month-to-month,No,Mailed check,101.82,2466.05,Yes
CUST-1820,Male,0,No,Yes,1,Yes,Yes,Fiber optic,No,No,Yes,No internet service,No,No,One year,Yes,Credit card (automatic),33.36,55.48,No
CUST-1821,Male,1,Yes,Yes,63,Yes,Yes,DSL,Yes,No internet service,No internet service,No,No,Yes,One year,Yes,Bank transfer (automatic),22.13,1385.21,No
CUST-1822,Male,0,Yes,No,34,Yes,No,DSL,Yes,No internet service,No internet service,No,Yes,No,Month-to-month,No,Credit card (automatic),106.58,3617.8,No
CUST-1823,Female,0,Yes,Yes,6,Yes,Yes,DSL,No,Yes,Yes,Yes,No,Yes,Month-to-month,Yes,Electronic check,49.9,324.48,Yes
CUST-1824,Male,0,Yes,Yes,17,Yes,No,No,Yes,No,No,No,No,No,Month-to-month,Yes,Bank transfer (automatic),31.21,652.87,No
CUST-1825,Female,1,Yes,No,66,Yes,No,DSL,No,Yes,No,No,Yes,No,Month-to-month,No,Mailed check,65.33,4262.32,Yes
CUST-1826,Female,0,No,Yes,41,Yes,No,No,No internet service,No,No,Yes,No,No,One year,No,Mailed check,78.38,3215.67,No
CUST-1827,Female,0,Yes,No,38,Yes,Yes,DSL,No,No,Yes,No internet service,No,No,Month-to-month,Yes,Credit card (automatic),21.36,751.89,No
CUST-1828,Female,0,No,No,40,No,No phone service,Fiber optic,No,No,No internet service,No,No internet service,No,Month-to-month,Yes,Mailed check,45.88,1834.15,No
CUST-1829,Female,0,Yes,No,23,Yes,Yes,No,No,No,No,No,No internet service,No,Month-to-month,Yes,Mailed check,21.55,461.95,Yes
CUST-1830,Female,0,No,No,59,Yes,No,Fiber optic,No internet service,No internet service,No,No,Yes,No,Month-to-month,Yes,Electronic check,60.49,3562.91,Yes
CUST-1831,Male,0,No,No,45,Yes,No,DSL,Yes,No,No,No,No internet service,Yes,Two year,No,Bank transfer (automatic),108.21,4877.22,No
CUST-1832,Female,0,Yes,Yes,18,Yes,Yes,DSL,Yes,Yes,No internet service,Yes,No,No internet service,Month-to-month,No,Bank transfer (automatic),117.01,2081.71,No
CUST-1833,Female,0,No,Yes,67,Yes,Yes,No,No,No,Yes,No internet service,No,No,Two year,Yes,Electronic check,82.27,5422.9,No
CUST-1834,Female,0,No,No,41,Yes,No,Fiber optic,No internet service,No,No,No internet service,No internet service,No,Two year,Yes,Credit card (automatic),34.49,1485.37,No
CUST-1835,Male,0,No,No,31,Yes,No,Fiber optic,No,Yes,Yes,No,No,Yes,Month-to-month,No,Credit card (automatic),109.29,3429.95,Yes
CUST-1836,Female,0,No,No,38,Yes,No,Fiber optic,Yes,No internet service,No internet service,Yes,No internet service,No,One year,No,Bank transfer (automatic),70.13,2658.41,No
CUST-1837,Male,0,No,No,35,Yes,Yes,Fiber optic,No,No,No,No,No,Yes,Month-to-month,Yes,Mailed check,33.7,1134.76,Yes
CUST-1838,Male,0,Yes,No,35,Yes,No,DSL,No,No,Yes,No,No internet service,No,One year,Yes,Credit card (automatic),110.88,3885.05,Yes
CUST-1839,Male,0,Yes,Yes,2,Yes,Yes,Fiber optic,No,No,No,No,Yes,No,Month-to-month,No,Mailed check,94.38,206.81,Yes
CUST-1840,Female,0,Yes,No,72,No,Yes,Fiber optic,No,No,No,Yes,Yes,No,Two year,No,Electronic check,91.79,6647.38,Yes
CUST-1841,Female,0,Yes,Yes,7,Yes,No,DSL,No,No,No internet service,Yes,No,No,Month-to-month,Yes,Bank transfer (automatic),89.52,669.75,Yes
CUST-1842,Male,0,Yes,Yes,69,Yes,No,No,Yes,Yes,No,No internet service,Yes,No,Two year,No,Bank transfer (automatic),38.38,2700.75,Yes
CUST-1843,Male,1,Yes,No,40,Yes,Yes,No,No,No,Yes,No internet service,No,Yes,Month-to-month,Yes,Electronic check,39.46,1491.36,Yes
CUST-1844,Male,1,No,No,67,No,No phone service,No,No,No internet service,No internet service,No,No,No internet service,Two year,Yes,Electronic check,87.42,5841.91,No
CUST-1845,Male,0,Yes,Yes,12,Yes,No,DSL,Yes,No internet service,No internet service,No,No,No,Month-to-month,No,Electronic check,40.33,533.62,Yes
CUST-1846,Female,0,No,No,48,Yes,No,DSL,No,No,No,Yes,No,No internet service,One year,No,Bank transfer (automatic),62.34,2946.14,Yes
CUST-1847,Male,0,Yes,No,59,Yes,No,No,No,No internet service,No internet service,No,No,No,Month-to-month,Yes,Electronic check,96.84,5774.52,Yes
CUST-1848,Female,0,Yes,No,1,Yes,No,DSL,Yes,No internet service,No internet service,No,No,No internet service,Month-to-month,Yes,Bank transfer (automatic),97.04,187.56,Yes
CUST-1849,Male,0,Yes,No,59,Yes,Yes,DSL,No,No internet service,No internet service,No,No,No,One year,No,Electronic check,63.8,3823.76,Yes
CUST-1850,Male,0,Yes,No,4,Yes,No,No,Yes,No,No,No,No internet service,Yes,Two year,No,Mailed check,97.87,424.56,Yes
CUST-1851,Female,0,No,Yes,43,Yes,Yes,DSL,Yes,No,Yes,No,No internet service,No,Month-to-month,No,Bank transfer (automatic),102.53,4386.41,Yes
CUST-1852,Male,0,No,No,26,Yes,Yes,Fiber optic,No,Yes,No,No,No internet service,No internet service,Two year,Yes,Bank transfer (automatic),84.05,2199.38,No
CUST-1853,Male,0,No,No,31,Yes,No,Fiber optic,No,No,No internet service,No,No,Yes,One year,No,Bank transfer (automatic),41.21,1210.21,No
CUST-1854,Female,0,No,No,20,Yes,No,No,No,Yes,No,No,Yes,No,Two year,No,Bank transfer (automatic),45.79,876.74,No
CUST-1855,Female,0,No,No,7,Yes,Yes,DSL,No,No internet service,No,Yes,No internet service,No internet service,Month-to-month,Yes,Electronic check,49.89,313.69,No
CUST-1856,Female,0,Yes,Yes,71,Yes,No,No,Yes,Yes,No,Yes,No,No internet service,Month-to-month,Yes,Mailed check,29.99,2132.39,Yes
CUST-1857,Male,0,Yes,Yes,49,Yes,Yes,Fiber optic,No,No,No internet service,Yes,Yes,No,Two year,No,Credit card (automatic),45.7,2219.69,No
CUST-1858,Female,0,Yes,Yes,66,Yes,No,Fiber optic,No internet service,No,No,Yes,No,Yes,Month-to-month,No,Mailed check,39.31,2607.54,Yes
CUST-1859,Female,0,Yes,No,43,Yes,No phone service,DSL,No,No internet service,Yes,No,No,No,Month-to-month,No,Electronic check,64.01,2796.32,Yes
CUST-1860,Female,0,No,No,57,Yes,No phone service,DSL,No,No,No,No,No internet service,No internet service,Month-to-month,Yes,Electronic check,109.55,6208.86,Yes
CUST-1861,Male,0,No,No,2,Yes,No,Fiber optic,No,Yes,Yes,No internet service,No,No,Month-to-month,Yes,Credit card (automatic),28.75,64.93,Yes
CUST-1862,Female,0,No,Yes,69,No,No,Fiber optic,No internet service,Yes,Yes,No internet service,No,Yes,One year,Yes,Credit card (automatic),90.64,6233.36,Yes
CUST-1863,Male,0,No,No,1,Yes,Yes,No,No,No,No,No,No,No,One year,Yes,Bank transfer (automatic),87.32,96.83,No
CUST-1864,Female,1,No,No,43,Yes,Yes,Fiber optic,No,No internet service,No internet service,No,No internet service,No,One year,No,Electronic check,27.87,1232.72,No
CUST-1865,Male,0,Yes,No,1,Yes,Yes,Fiber optic,No,Yes,No,Yes,No internet service,No,Month-to-month,Yes,Electronic check,110.97,157.03,Yes
CUST-1866,Male,0,No,No,34,Yes,No,Fiber optic,No,Yes,No,No,No,No internet service,Month-to-month,Yes,Electronic check,75.38,2596.44,Yes
CUST-1867,Female,0,Yes,No,29,Yes,No,No,Yes,Yes,Yes,No internet service,No internet service,Yes,Month-to-month,No,Electronic check,54.8,1609.9,No
CUST-1868,Male,0,No,No,7,Yes,Yes,Fiber optic,No,Yes,No,Yes,Yes,Yes,Month-to-month,Yes,Mailed check,94.28,588.95,No
CUST-1869,Female,0,Yes,No,21,Yes,No,DSL,No,No,No,No internet service,No,Yes,Two year,Yes,Electronic check,44.12,872.46,No
CUST-1870,Male,0,Yes,No,43,Yes,No,No,No,No internet service,Yes,No,Yes,No,Two year,Yes,Electronic check,87.95,3740.64,No
CUST-1871,Male,0,No,Yes,57,Yes,No,Fiber optic,No,No,No,Yes,No,No internet service,Month-to-month,Yes,Mailed check,22.24,1285.61,Yes
CUST-1872,Male,0,Yes,No,35,Yes,Yes,Fiber optic,No internet service,No,No,Yes,No,Yes,Two year,Yes,Electronic check,102.61,3526.8,Yes
CUST-1873,Male,0,No,No,68,Yes,Yes,Fiber optic,No internet service,No,No,No internet service,No internet service,No internet service,Month-to-month,Yes,Bank transfer (automatic),63.29,4320.6,Yes
CUST-1874,Male,0,No,No,30,Yes,Yes,Fiber optic,Yes,No,No,Yes,No internet service,No internet service,One year,Yes,Electronic check,82.24,2480.42,No
CUST-1875,Male,0,Yes,Yes,46,Yes,Yes,DSL,No internet service,No,No internet service,No internet service,No,No,Month-to-month,Yes,Electronic check,40.48,1765.3,Yes
CUST-1876,Female,0,No,No,54,Yes,Yes,DSL,No,No,No,No,Yes,No internet service,One year,Yes,Electronic check,86.3,4605.82,Yes
CUST-1877,Female,0,Yes,Yes,61,Yes,No,No,Yes,No,Yes,No internet service,No,No,Month-to-month,No,Credit card (automatic),95.86,5899.65,Yes
CUST-1878,Female,0,No,Yes,29,Yes,No phone service,DSL,Yes,Yes,No internet service,No internet service,No internet service,Yes,Month-to-month,Yes,Electronic check,65.81,1943.36,Yes
CUST-1879,Male,1,Yes,Yes,54,Yes,No,Fiber optic,No,No internet service,Yes,No,No,No internet service,Month-to-month,Yes,Bank transfer (automatic),80.33,4295.3,Yes
CUST-1880,Male,1,Yes,No,15,Yes,Yes,DSL,No,No,Yes,No internet service,Yes,No,Month-to-month,Yes,Electronic check,64.11,909.91,No
CUST-1881,Female,1,No,No,11,Yes,Yes,Fiber optic,No internet service,No internet service,No,No,Yes,No,Month-to-month,No,Bank transfer (automatic),108.11,1066.69,Yes
CUST-1882,Male,1,No,No,16,Yes,Yes,DSL,No,No,No,No internet service,No internet service,No,Month-to-month,No,Mailed check,68.29,1166.2,Yes
CUST-1883,Female,0,Yes,No,15,Yes,No phone service,Fiber optic,No internet service,No,No,No internet service,No,Yes,Month-to-month,Yes,Bank transfer (automatic),102.85,1544.8,Yes
CUST-1884,Female,0,No,No,11,Yes,No,Fiber optic,No internet service,No internet service,No internet service,No,No,Yes,One year,Yes,Mailed check,98.79,1180.88,No
CUST-1885,Female,0,No,No,7,Yes,No,DSL,Yes,No,No internet service,No,Yes,Yes,Month-to-month,Yes,Electronic check,59.51,406.99,No
CUST-1886,Male,0,No,No,2,No,No phone service,Fiber optic,Yes,No,Yes,Yes,No,No,One year,No,Electronic check,41.37,96.87,Yes
CUST-1887,Female,0,Yes,No,15,Yes,Yes,No,No,No,No internet service,No,No internet service,No,Month-to-month,Yes,Electronic check,59.06,930.46,Yes
CUST-1888,Male,0,No,Yes,29,Yes,No,Fiber optic,No internet service,No,No,No,No,No internet service,Two year,No,Mailed check,101.28,3019.06,No
CUST-1889,Female,1,No,No,22,Yes,Yes,No,No internet service,No,Yes,No,No,No,Two year,Yes,Mailed check,41.13,929.91,No
CUST-1890,Male,0,No,No,4,Yes,No,No,No,No internet service,No internet service,Yes,No,No,Month-to-month,No,Mailed check,70.96,283.96,No
CUST-1891,Male,0,Yes,No,64,Yes,Yes,No,Yes,Yes,No,Yes,No internet service,No,One year,Yes,Bank transfer (automatic),99.26,6354.04,Yes
CUST-1892,Female,0,No,Yes,29,Yes,No phone service,No,No,No,No,No internet service,No,No,Month-to-month,Yes,Electronic check,53.77,1507.04,Yes
CUST-1893,Male,0,No,Yes,20,Yes,No,DSL,No internet service,No,No,No,No,Yes,Two year,Yes,Credit card (automatic),82.79,1636.71,No
CUST-1894,Male,0,No,No,69,Yes,No phone service,No,Yes,No internet service,No,Yes,Yes,No,Month-to-month,Yes,Credit card (automatic),42.94,2965.42,No
CUST-1895,Female,0,Yes,Yes,21,No,No,No,No,No,No,No,No,No,Month-to-month,No,Bank transfer (automatic),29.23,682.92,No
CUST-1896,Female,1,Yes,No,71,Yes,No,No,No,No,Yes,No,No,No internet service,Month-to-month,No,Credit card (automatic),98.09,6942.89,Yes
CUST-1897,Female,0,Yes,No,31,Yes,No,DSL,No,No internet service,No,No internet service,No internet service,No internet service,Month-to-month,No,Electronic check,28.2,927.33,Yes
CUST-1898,Male,0,No,No,32,Yes,No,No,No,No,No,No,No,Yes,Month-to-month,No,Mailed check,45.52,1452.55,No
CUST-1899,Female,0,Yes,No,15,Yes,Yes,Fiber optic,No,No,Yes,Yes,No,No,One year,Yes,Electronic check,104.19,1625.03,No
CUST-1900,Male,1,No,No,37,Yes,No,Fiber optic,Yes,Yes,No,No internet service,No,No,Month-to-month,Yes,Mailed check,53.07,1997.43,Yes
CUST-1901,Female,0,Yes,Yes,13,Yes,No,DSL,No internet service,No,No,No,No,No,Month-to-month,No,Credit card (automatic),116.04,1538.98,Yes
CUST-1902,Female,0,Yes,Yes,35,Yes,Yes,DSL,No,No,No,No,No,No,Month-to-month,No,Electronic check,116.71,4133.79,Yes
CUST-1903,Female,0,No,No,22,No,No phone service,No,Yes,No,No,No,No,No,Month-to-month,Yes,Electronic check,45.21,1036.28,No
CUST-1904,Female,0,Yes,Yes,65,Yes,Yes,Fiber optic,No,No,Yes,No,No,No,Month-to-month,No,Credit card (automatic),22.37,1507.24,Yes
CUST-1905,Male,0,Yes,No,1,Yes,No,Fiber optic,Yes,No,Yes,No,No,No,Two year,No,Mailed check,89.11,195.7,No
CUST-1906,Male,1,Yes,Yes,72,Yes,Yes,No,No internet service,No internet service,No internet service,Yes,No,Yes,Month-to-month,No,Electronic check,63.57,4657.88,Yes
CUST-1907,Male,0,Yes,No,64,Yes,No,DSL,No internet service,No,No,No internet service,No,No,One year,No,Electronic check,28.38,1839.64,No
CUST-1908,Female,0,Yes,No,66,Yes,No phone service,Fiber optic,No,Yes,No internet service,No,No internet service,No,Month-to-month,No,Bank transfer (automatic),89.36,5875.67,Yes
CUST-1909,Male,0,Yes,No,51,Yes,Yes,Fiber optic,No,No,No,No,No,No,Month-to-month,Yes,Mailed check,21.38,1108.7,Yes
CUST-1910,Male,0,No,No,61,Yes,Yes,Fiber optic,No internet service,No,No internet service,No,Yes,No,One year,Yes,Credit card (automatic),105.7,6351.39,Yes
CUST-1911,Male,0,No,No,22,Yes,Yes,DSL,No,No,No,No internet service,No internet service,Yes,Month-to-month,Yes,Mailed check,32.18,749.41,No
CUST-1912,Male,0,No,No,25,Yes,Yes,DSL,No,No,No,No,No,Yes,Month-to-month,No,Bank transfer (automatic),31.04,723.0,Yes
CUST-1913,Male,0,Yes,No,67,Yes,Yes,DSL,No internet service,No,No,No,No internet service,Yes,One year,Yes,Mailed check,35.91,2462.09,Yes
CUST-1914,Female,0,No,No,54,Yes,No,Fiber optic,No,No internet service,No,No,No internet service,No,Month-to-month,No,Credit card (automatic),114.76,6296.05,Yes
CUST-1915,Male,0,No,No,5,Yes,No,No,No,Yes,Yes,No,No internet service,No,Month-to-month,Yes,Electronic check,87.91,367.0,Yes
CUST-1916,Male,0,Yes,No,34,Yes,No,Fiber optic,No,No,No internet service,No,Yes,Yes,One year,Yes,Mailed check,98.79,3356.34,Yes
CUST-1917,Female,0,Yes,No,21,Yes,No,DSL,No,Yes,No,No,No internet service,No internet service,One year,Yes,Credit card (automatic),58.21,1169.19,No
CUST-1918,Male,0,Yes,No,42,No,Yes,DSL,No,No,No,No,No,No,Month-to-month,No,Electronic check,52.05,2099.68,Yes
CUST-1919,Female,0,Yes,No,14,Yes,Yes,No,No,No internet service,No internet service,Yes,Yes,No,Month-to-month,No,Bank transfer (automatic),41.82,580.16,No
CUST-1920,Male,1,No,No,59,Yes,No,No,Yes,No internet service,No,No,No,No,Month-to-month,Yes,Electronic check,66.56,3958.8,No
CUST-1921,Male,0,No,No,11,Yes,Yes,Fiber optic,No,No internet service,No,No,No internet service,No,Month-to-month,Yes,Bank transfer (automatic),73.71,848.53,No
CUST-1922,Male,0,No,Yes,48,Yes,No,DSL,No,No,No,No,No internet service,No,One year,Yes,Bank transfer (automatic),81.74,3931.22,Yes
CUST-1923,Female,0,Yes,No,41,No,No,Fiber optic,Yes,No,No internet service,No internet service,No,No,Two year,No,Mailed check,44.09,1724.48,No
CUST-1924,Male,0,No,No,37,Yes,Yes,Fiber optic,No internet service,Yes,No,No,No,Yes,Two year,Yes,Bank transfer (automatic),113.59,4209.0,Yes
CUST-1925,Female,0,No,Yes,44,Yes,No,Fiber optic,No,No,No,No internet service,No,No internet service,Month-to-month,No,Electronic check,35.31,1479.01,Yes
CUST-1926,Female,0,No,No,34,Yes,Yes,Fiber optic,Yes,No,Yes,No internet service,No,Yes,Month-to-month,No,Mailed check,115.3,3848.85,Yes
CUST-1927,Male,1,No,Yes,29,No,Yes,Fiber optic,No,Yes,No,No,No,No,One year,Yes,Electronic check,19.74,522.62,No
CUST-1928,Male,1,Yes,No,29,Yes,Yes,No,Yes,No,No internet service,No,No internet service,Yes,Month-to-month,Yes,Electronic check,66.6,1983.89,No
CUST-1929,Male,0,No,Yes,5,Yes,Yes,DSL,No,No,No,No,No,No internet service,Two year,Yes,Mailed check,51.75,286.01,No
CUST-1930,Female,0,No,No,66,Yes,No,No,Yes,Yes,Yes,Yes,No,No,One year,No,Electronic check,63.39,4199.87,Yes
CUST-1931,Male,0,No,Yes,6,Yes,No,Fiber optic,No,No internet service,No,No,No,No,Two year,Yes,Electronic check,75.6,410.47,No
CUST-1932,Female,0,Yes,Yes,51,Yes,Yes,Fiber optic,No,No internet service,No,No,No,No,Month-to-month,Yes,Mailed check,62.03,3144.14,Yes
CUST-1933,Female,0,No,No,13,No,No,Fiber optic,No,No,No,No,No internet service,No,Month-to-month,No,Electronic check,59.94,710.71,Yes
CUST-1934,Male,0,No,Yes,72,Yes,Yes,Fiber optic,No internet service,No internet service,No,No,Yes,No,Two year,No,Credit card (automatic),91.89,6684.3,Yes
CUST-1935,Female,0,Yes,No,14,Yes,No,Fiber optic,Yes,No,No,No internet service,No,Yes,One year,No,Credit card (automatic),87.18,1330.38,Yes
CUST-1936,Female,1,Yes,No,20,No,Yes,Fiber optic,No,No internet service,Yes,No,No,No,Two year,No,Credit card (automatic),101.99,2067.63,No
CUST-1937,Male,0,No,No,34,Yes,Yes,DSL,No,No internet service,Yes,Yes,No,No,Month-to-month,No,Credit card (automatic),43.37,1511.17,Yes
CUST-1938,Male,1,Yes,No,65,Yes,Yes,Fiber optic,No internet service,No,Yes,No,No,Yes,One year,No,Electronic check,79.51,5160.2,Yes
CUST-1939,Female,0,No,No,1,Yes,Yes,Fiber optic,No,No,No,Yes,Yes,No,One year,Yes,Mailed check,77.06,-3.91,No
CUST-1940,Male,0,No,Yes,34,Yes,No,DSL,No,No,No,Yes,Yes,No,Month-to-month,Yes,Electronic check,55.41,1841.74,Yes
CUST-1941,Female,1,Yes,Yes,19,Yes,No,No,Yes,No,No internet service,No,No internet service,No,Month-to-month,No,Electronic check,67.1,1251.63,No
CUST-1942,Female,0,No,No,9,Yes,Yes,DSL,Yes,No,No,No,Yes,No internet service,One year,Yes,Electronic check,49.79,428.85,No
CUST-1943,Female,0,No,No,24,Yes,Yes,Fiber optic,Yes,No,Yes,No,No,No,Month-to-month,No,Electronic check,32.51,749.47,No
CUST-1944,Female,0,No,Yes,65,Yes,Yes,DSL,Yes,No,No internet service,No,No internet service,No,Month-to-month,Yes,Mailed check,39.74,2585.49,Yes
CUST-1945,Female,0,Yes,Yes,24,Yes,No,Fiber optic,Yes,No,No,Yes,No internet service,No internet service,One year,Yes,Electronic check,28.85,649.89,No
CUST-1946,Male,0,Yes,No,53,Yes,Yes,DSL,No,No,Yes,No,No,No internet service,Month-to-month,Yes,Electronic check,86.9,4714.09,Yes
CUST-1947,Male,1,No,No,32,Yes,No,Fiber optic,No internet service,No,No,No,No,No,Two year,Yes,Mailed check,84.65,2640.53,No
CUST-1948,Female,0,Yes,No,35,Yes,Yes,DSL,No,No internet service,No,No,Yes,No internet service,Month-to-month,No,Bank transfer (automatic),113.79,4027.02,No
CUST-1949,Male,0,No,No,13,Yes,No,DSL,Yes,No,No internet service,No,No,No,Month-to-month,Yes,Credit card (automatic),91.58,1177.45,Yes
CUST-1950,Male,0,Yes,Yes,64,No,Yes,Fiber optic,No,No,Yes,No,Yes,No,Two year,No,Mailed check,23.48,1525.86,No
CUST-1951,Male,0,No,No,53,No,Yes,Fiber optic,No,No,No,No,No,No,Two year,Yes,Bank transfer (automatic),107.12,5702.77,Yes
CUST-1952,Male,1,No,Yes,51,Yes,Yes,Fiber optic,No,Yes,No,No,Yes,No,Month-to-month,No,Credit card (automatic),104.95,5360.3,Yes
CUST-1953,Female,1,No,No,2,Yes,No phone service,DSL,Yes,Yes,No internet service,No,No,No,Two year,Yes,Bank transfer (automatic),62.8,68.93,No
CUST-1954,Female,0,No,No,40,No,No,No,Yes,No,Yes,No internet service,No,Yes,Month-to-month,Yes,Electronic check,77.13,3068.6,Yes
CUST-1955,Male,1,No,No,5,Yes,Yes,DSL,No,No,No,Yes,No,No,Month-to-month,Yes,Bank transfer (automatic),116.35,590.2,Yes
CUST-1956,Female,0,Yes,No,24,Yes,No,No,No internet service,No,No internet service,No,No internet service,No,Month-to-month,Yes,Credit card (automatic),71.75,1727.32,No
CUST-1957,Female,0,No,Yes,12,Yes,No,Fiber optic,Yes,No,No,No,No,Yes,Month-to-month,Yes,Credit card (automatic),109.23,1259.6,Yes
CUST-1958,Female,0,Yes,No,7,Yes,Yes,Fiber optic,Yes,No internet service,Yes,Yes,No internet service,No,Two year,Yes,Mailed check,26.6,250.76,No
CUST-1959,Female,0,No,Yes,20,Yes,Yes,Fiber optic,Yes,No,No internet service,No,No internet service,No,One year,Yes,Credit card (automatic),37.45,624.32,No
CUST-1960,Female,0,No,No,67,Yes,No,No,No,Yes,No,No,No,No internet service,Two year,No,Electronic check,62.55,4178.34,Yes
CUST-1961,Male,0,Yes,Yes,24,Yes,No,Fiber optic,No internet service,No internet service,No internet service,No internet service,No,Yes,One year,Yes,Bank transfer (automatic),77.02,1802.41,Yes
CUST-1962,Female,0,No,No,67,No,No,Fiber optic,No,No,No internet service,No,No,No,Month-to-month,Yes,Bank transfer (automatic),100.28,6727.87,Yes
CUST-1963,Female,1,Yes,No,44,Yes,No,Fiber optic,No internet service,No internet service,No,No internet service,No,Yes,One year,Yes,Electronic check,117.57,5223.92,Yes
CUST-1964,Female,0,No,No,59,Yes,No,No,Yes,Yes,No internet service,No internet service,No internet service,No,Two year,No,Bank transfer (automatic),57.33,3312.12,No
CUST-1965,Male,0,No,No,11,Yes,No,Fiber optic,No internet service,No,No internet service,No,No,No,One year,Yes,Credit card (automatic),23.02,370.9,No
CUST-1966,Male,0,Yes,No,31,Yes,Yes,DSL,No,Yes,No internet service,No internet service,No,No,Two year,No,Bank transfer (automatic),98.77,3071.96,Yes
CUST-1967,Female,0,No,Yes,12,Yes,Yes,DSL,No,Yes,No,Yes,No,No,Two year,Yes,Bank transfer (automatic),78.99,966.97,Yes
CUST-1968,Female,0,No,No,30,Yes,Yes,DSL,No,No,No,No,No,No,Month-to-month,Yes,Bank transfer (automatic),38.2,1074.01,Yes
CUST-1969,Male,0,No,Yes,19,Yes,Yes,DSL,No internet service,No,No,Yes,No,No,One year,No,Electronic check,67.98,1289.29,Yes
CUST-1970,Female,0,No,No,17,Yes,No,DSL,No,No internet service,Yes,No internet service,No,Yes,Two year,Yes,Credit card (automatic),92.85,1627.03,No
CUST-1971,Male,0,Yes,Yes,59,Yes,No,Fiber optic,No internet service,Yes,No,No,No internet service,No,Two year,No,Bank transfer (automatic),95.68,5655.62,Yes
CUST-1972,Female,0,No,No,62,Yes,No,DSL,No,No,No,No,Yes,Yes,Month-to-month,Yes,Electronic check,68.46,4251.53,Yes
CUST-1973,Female,0,Yes,Yes,5,Yes,No,Fiber optic,No,No,No,No,No,No,Month-to-month,No,Electronic check,48.92,242.01,No
CUST-1974,Female,0,Yes,Yes,31,Yes,Yes,Fiber optic,No,No,No,No,No internet service,No,One year,Yes,Bank transfer (automatic),116.11,3530.51,Yes
CUST-1975,Female,0,Yes,Yes,42,Yes,No,DSL,No,No,No,No,No,No,Month-to-month,Yes,Bank transfer (automatic),84.92,3497.45,Yes
CUST-1976,Male,1,Yes,No,1,Yes,Yes,DSL,No internet service,No internet service,No,No,No,Yes,One year,Yes,Bank transfer (automatic),59.28,117.75,No
CUST-1977,Female,0,No,No,59,Yes,No phone service,DSL,No,No,Yes,No internet service,No,No,Month-to-month,Yes,Mailed check,46.44,2784.07,Yes
CUST-1978,Male,1,No,Yes,22,Yes,No,DSL,No,No,Yes,No,Yes,No,Month-to-month,Yes,Credit card (automatic),91.73,2069.57,No
CUST-1979,Male,1,Yes,No,30,No,No,No,No,No,No,No internet service,No,No,Month-to-month,Yes,Credit card (automatic),42.59,1236.56,No
CUST-1980,Male,0,No,No,4,No,No,Fiber optic,No internet service,No,No,No,Yes,No internet service,Month-to-month,Yes,Mailed check,35.51,134.16,Yes
CUST-1981,Male,0,Yes,Yes,33,Yes,Yes,DSL,Yes,Yes,No,No,No,Yes,Month-to-month,Yes,Credit card (automatic),71.5,2421.09,Yes
CUST-1982,Male,1,No,No,9,Yes,No,Fiber optic,Yes,No internet service,Yes,No,No,No,Month-to-month,No,Bank transfer (automatic),47.39,365.08,No
CUST-1983,Female,1,No,No,1,Yes,Yes,DSL,No,No,No,No internet service,No internet service,Yes,Month-to-month,No,Bank transfer (automatic),81.45,137.94,No
CUST-1984,Male,0,No,No,10,Yes,No,Fiber optic,No,No internet service,No,Yes,No,No,Month-to-month,No,Mailed check,30.1,271.67,No
CUST-1985,Male,0,Yes,No,49,Yes,No,Fiber optic,Yes,No internet service,No internet service,No,No,Yes,Month-to-month,No,Mailed check,84.07,4076.67,Yes
CUST-1986,Female,0,Yes,No,30,Yes,No,Fiber optic,No,No,Yes,No internet service,No,No,Month-to-month,No,Electronic check,46.72,1400.0,Yes
CUST-1987,Male,1,No,No,55,Yes,No,DSL,Yes,Yes,Yes,No,No,No,One year,Yes,Electronic check,18.27,949.0,No
CUST-1988,Male,0,No,No,72,Yes,No phone service,DSL,No internet service,No,No internet service,No,No,No,Two year,No,Mailed check,31.01,2137.88,No
CUST-1989,Female,0,No,No,8,Yes,No,Fiber optic,No internet service,No,No,Yes,No,No internet service,Month-to-month,No,Bank transfer (automatic),112.08,900.44,Yes
CUST-1990,Male,0,Yes,Yes,20,Yes,Yes,No,Yes,No,No,No,No internet service,No,Month-to-month,Yes,Mailed check,105.42,2135.11,Yes
CUST-1991,Male,0,Yes,No,72,Yes,No,No,No,No internet service,No,No internet service,No,No,One year,Yes,Bank transfer (automatic),41.73,3065.32,No
CUST-1992,Female,1,Yes,No,27,Yes,No phone service,DSL,No internet service,No,No internet service,No,No,No,Month-to-month,Yes,Credit card (automatic),96.48,2635.31,Yes
CUST-1993,Male,0,No,No,61,No,No,Fiber optic,No,Yes,No internet service,No internet service,Yes,No,Two year,No,Mailed check,79.41,4942.28,No
CUST-1994,Male,0,Yes,No,6,Yes,No,Fiber optic,No internet service,No,No internet service,Yes,No,No,One year,Yes,Mailed check,115.83,763.03,Yes
CUST-1995,Female,0,Yes,No,15,Yes,Yes,No,No,Yes,No,No,Yes,No,Month-to-month,No,Electronic check,55.8,873.9,No
CUST-1996,Female,1,No,Yes,3,Yes,Yes,DSL,No internet service,No,Yes,No internet service,Yes,No internet service,Month-to-month,No,Mailed check,86.74,283.65,No
CUST-1997,Male,0,Yes,No,3,Yes,No,Fiber optic,Yes,No,Yes,No,No,No,Month-to-month,Yes,Bank transfer (automatic),24.64,135.43,No
CUST-1998,Female,0,No,Yes,39,Yes,No,DSL,No,No,No,No,No,No,Month-to-month,Yes,Credit card (automatic),58.07,2154.08,Yes
CUST-1999,Male,0,No,No,16,No,Yes,Fiber optic,No internet service,No internet service,No internet service,No,No,No,Month-to-month,Yes,Electronic check,115.11,1817.76,Yes
CUST-2000,Male,0,Yes,No,51,Yes,No phone service,Fiber optic,No,Yes,No internet service,No,No,No,Month-to-month,Yes,Mailed check,72.42,3600.5,Yes
CUST-2001,Female,1,Yes,Yes,51,Yes,No,Fiber optic,Yes,Yes,Yes,No,No internet service,No,Two year,Yes,Mailed check,47.18,2439.33,No
CUST-2002,Male,1,Yes,No,35,Yes,No,No,No,No internet service,No,Yes,No,No internet service,Month-to-month,Yes,Bank transfer (automatic),30.34,1024.76,Yes
CUST-2003,Female,1,No,Yes,37,Yes,Yes,Fiber optic,No,No,No,No,No,No internet service,Month-to-month,Yes,Bank transfer (automatic),88.95,3442.13,Yes
CUST-2004,Female,0,No,Yes,49,Yes,No,Fiber optic,No,No,No,Yes,No,No,One year,Yes,Electronic check,83.06,4044.04,No
CUST-2005,Female,1,No,No,62,Yes,No,DSL,No,No internet service,No,Yes,Yes,Yes,Month-to-month,Yes,Electronic check,55.83,3466.78,No
CUST-2006,Female,0,No,No,62,Yes,No,Fiber optic,No,No,No internet service,Yes,No,Yes,Month-to-month,No,Credit card (automatic),113.82,7036.73,Yes
CUST-2007,Female,0,Yes,No,61,No,No,Fiber optic,Yes,No,Yes,No,No,No,Month-to-month,Yes,Bank transfer (automatic),20.48,1224.84,Yes
CUST-2008,Male,0,No,No,6,Yes,No,DSL,Yes,No internet service,No,No,No,Yes,One year,No,Credit card (automatic),48.77,230.29,No
CUST-2009,Male,0,No,No,26,No,No,No,No,No,No,Yes,No internet service,Yes,Two year,Yes,Bank transfer (automatic),110.82,2817.31,No
CUST-2010,Male,0,No,No,13,Yes,Yes,DSL,No,Yes,Yes,No,No,No,Month-to-month,Yes,Credit card (automatic),50.5,547.53,Yes
CUST-2011,Female,1,Yes,Yes,70,Yes,No,Fiber optic,No internet service,No,No,No,No internet service,No internet service,Month-to-month,No,Bank transfer (automatic),43.6,3079.27,Yes
CUST-2012,Female,1,Yes,No,4,Yes,Yes,No,No,No internet service,Yes,No internet service,No,No,Month-to-month,Yes,Bank transfer (automatic),71.94,266.53,No
CUST-2013,Female,0,No,No,54,Yes,No,No,Yes,No internet service,No,No,No,No,Month-to-month,No,Mailed check,101.04,5552.84,Yes
CUST-2014,Female,0,No,No,1,Yes,No,No,No internet service,No internet service,No,Yes,No,No,Month-to-month,Yes,Bank transfer (automatic),28.62,-33.59,No
CUST-2015,Female,0,Yes,No,61,Yes,Yes,DSL,No internet service,No,No,No,No,No,Two year,Yes,Bank transfer (automatic),113.02,6968.04,Yes
CUST-2016,Male,0,No,No,20,Yes,No,No,Yes,No internet service,No,No,No,Yes,Two year,No,Electronic check,98.15,2041.61,No
CUST-2017,Female,1,No,No,20,Yes,Yes,DSL,No,No,No internet service,No,Yes,No internet service,Month-to-month,No,Credit card (automatic),36.47,793.25,Yes
CUST-2018,Female,0,Yes,No,9,Yes,No,No,No,No,Yes,No,No internet service,No internet service,Month-to-month,No,Electronic check,89.81,820.03,No
CUST-2019,Female,0,Yes,No,57,Yes,Yes,Fiber optic,No internet service,No internet service,No,No,No,No,One year,Yes,Electronic check,56.94,3228.67,No
CUST-2020,Male,1,No,No,38,No,Yes,No,No,No internet service,No,No,Yes,No internet service,Month-to-month,Yes,Mailed check,58.68,2293.64,Yes
CUST-2021,Male,1,Yes,No,4,Yes,No,DSL,No,Yes,No,No,No,Yes,Month-to-month,Yes,Bank transfer (automatic),96.97,348.31,No
CUST-2022,Male,1,No,No,64,Yes,Yes,Fiber optic,No,No internet service,No internet service,No internet service,No,No internet service,Month-to-month,Yes,Bank transfer (automatic),115.01,7374.18,Yes
CUST-2023,Female,1,Yes,No,12,Yes,No,No,No,Yes,Yes,No,No,No internet service,Month-to-month,Yes,Mailed check,30.98,369.57,No
CUST-2024,Female,0,Yes,No,52,Yes,Yes,No,Yes,No,No,No internet service,No,Yes,Month-to-month,Yes,Electronic check,60.52,3102.47,Yes
CUST-2025,Female,0,No,Yes,44,Yes,No,DSL,No internet service,Yes,Yes,No,Yes,Yes,Two year,Yes,Credit card (automatic),66.58,2943.42,Yes
CUST-2026,Male,0,Yes,No,31,No,No,No,Yes,No,Yes,No internet service,No,No,Two year,Yes,Electronic check,56.07,1775.26,No
CUST-2027,Female,1,No,No,35,Yes,Yes,DSL,No,No internet service,Yes,No,Yes,No,Month-to-month,No,Mailed check,54.75,1869.71,Yes
CUST-2028,Female,1,Yes,No,59,Yes,No,Fiber optic,Yes,Yes,No internet service,No internet service,No,No,Month-to-month,Yes,Credit card (automatic),23.5,1409.51,Yes
CUST-2029,Male,0,Yes,No,10,Yes,No,Fiber optic,No,No,Yes,No,Yes,Yes,Two year,Yes,Electronic check,87.15,760.05,Yes
CUST-2030,Male,0,No,Yes,62,Yes,No,DSL,Yes,No,No,Yes,No internet service,No internet service,Month-to-month,No,Bank transfer (automatic),62.09,3797.12,Yes
CUST-2031,Male,1,Yes,No,20,Yes,Yes,DSL,No,Yes,Yes,No internet service,Yes,No internet service,Two year,Yes,Credit card (automatic),37.83,733.73,No
CUST-2032,Male,0,No,Yes,51,Yes,Yes,No,No internet service,No internet service,No internet service,No,No internet service,No internet service,Month-to-month,Yes,Electronic check,100.26,5131.13,Yes
CUST-2033,Male,0,Yes,Yes,54,Yes,No,Fiber optic,No,No,Yes,No,Yes,No,Month-to-month,Yes,Mailed check,98.91,5384.61,Yes
CUST-2034,Male,0,No,Yes,25,Yes,Yes,DSL,No,Yes,No,No,No,Yes,Month-to-month,Yes,Credit card (automatic),67.13,1682.39,Yes
CUST-2035,Male,1,No,No,67,Yes,No,Fiber optic,No internet service,No,No,No internet service,Yes,No internet service,Two year,Yes,Credit card (automatic),48.24,3260.41,No
CUST-2036,Male,0,No,No,33,Yes,Yes,No,No,No,No,No internet service,No,Yes,Month-to-month,Yes,Electronic check,82.38,2710.51,Yes
CUST-2037,Female,0,No,Yes,51,Yes,No,Fiber optic,Yes,No internet service,No,No internet service,No internet service,Yes,Month-to-month,Yes,Mailed check,47.21,2427.95,No
CUST-2038,Male,0,No,Yes,51,Yes,No,DSL,No,No,Yes,No,Yes,Yes,Month-to-month,Yes,Credit card (automatic),41.97,2158.07,Yes
CUST-2039,Female,0,No,No,28,Yes,No,DSL,No internet service,No internet service,No,No,No internet service,No,Two year,No,Bank transfer (automatic),91.67,2541.31,No
CUST-2040,Male,0,Yes,No,37,Yes,Yes,Fiber optic,No,Yes,No,No internet service,Yes,Yes,Two year,Yes,Mailed check,22.3,807.33,Yes
CUST-2041,Female,0,No,Yes,41,Yes,Yes,Fiber optic,No,No,No,No internet service,No,No,Two year,Yes,Electronic check,27.77,1168.58,No
CUST-2042,Female,0,No,No,20,Yes,No,Fiber optic,Yes,No,No,No,No internet service,Yes,Two year,No,Mailed check,18.93,469.2,No
CUST-2043,Female,0,Yes,No,41,Yes,No,No,No,Yes,No,No,No internet service,No,Month-to-month,Yes,Credit card (automatic),33.62,1438.76,No
CUST-2044,Female,0,No,No,12,Yes,Yes,Fiber optic,No,Yes,No,Yes,Yes,No internet service,Month-to-month,No,Mailed check,25.18,245.7,Yes
CUST-2045,Male,0,No,Yes,63,Yes,Yes,DSL,No,No,Yes,No internet service,No,No,Month-to-month,No,Electronic check,118.33,7398.51,Yes
CUST-2046,Male,1,Yes,No,16,Yes,No,No,No internet service,No,No,No,No internet service,No,Month-to-month,No,Bank transfer (automatic),47.28,729.7,No
CUST-2047,Female,0,Yes,No,8,Yes,No,Fiber optic,No,Yes,No internet service,Yes,No,No,Two year,No,Mailed check,33.25,270.95,No
CUST-2048,Female,0,Yes,Yes,40,Yes,No,Fiber optic,No,Yes,No internet service,No,No,No internet service,Two year,No,Bank transfer (automatic),42.47,1701.21,Yes
CUST-2049,Male,0,No,Yes,0,Yes,Yes,No,Yes,Yes,No,No,No,No,Month-to-month,Yes,Credit card (automatic),112.33, ,No
CUST-2050,Male,0,No,Yes,1,Yes,No phone service,No,No,No internet service,No,No,No,Yes,One year,Yes,Credit card (automatic),70.53,135.29,No
CUST-2051,Male,0,No,Yes,59,Yes,No phone service,Fiber optic,Yes,No,No,No,No,No,Two year,Yes,Mailed check,54.91,3239.97,No
CUST-2052,Female,0,No,No,47,Yes,Yes,DSL,No,No,No,Yes,No,No,Month-to-month,No,Electronic check,106.03,4972.03,No
CUST-2053,Female,0,Yes,Yes,28,Yes,Yes,No,No,No internet service,No,Yes,No internet service,Yes,Month-to-month,Yes,Electronic check,57.95,1648.44,Yes
CUST-2054,Male,0,No,Yes,9,No,Yes,Fiber optic,No,No,No internet service,No,No,Yes,Month-to-month,Yes,Mailed check,51.92,520.44,Yes
CUST-2055,Male,0,No,No,57,Yes,Yes,Fiber optic,No internet service,Yes,No internet service,Yes,No,No internet service,Month-to-month,No,Electronic check,39.08,2255.18,Yes
CUST-2056,Female,0,Yes,No,59,Yes,Yes,Fiber optic,No internet service,No,Yes,No,Yes,Yes,One year,Yes,Electronic check,56.22,3295.4,Yes
CUST-2057,Male,1,No,No,20,Yes,No,Fiber optic,Yes,No,No,Yes,No,No internet service,Month-to-month,Yes,Bank transfer (automatic),50.08,970.99,No
CUST-2058,Male,0,Yes,No,27,Yes,No,No,Yes,No,No,No,No,No internet service,Month-to-month,No,Electronic check,86.32,2275.11,Yes
CUST-2059,Male,0,Yes,Yes,33,Yes,No,Fiber optic,Yes,No,No,Yes,No,No internet service,Two year,No,Credit card (automatic),47.35,1572.22,No
CUST-2060,Female,0,Yes,No,7,Yes,Yes,No,No,No,No internet service,No internet service,No,Yes,Month-to-month,No,Electronic check,76.26,564.98,Yes
CUST-2061,Female,0,Yes,Yes,58,Yes,No,No,No,Yes,Yes,Yes,No,No,Month-to-month,No,Credit card (automatic),24.87,1479.2,Yes
CUST-2062,Male,0,Yes,No,71,Yes,Yes,No,No,No,No,No internet service,No internet service,No,Two year,No,Mailed check,37.47,2717.96,No
CUST-2063,Female,1,No,Yes,48,Yes,Yes,Fiber optic,No,No,Yes,No,No,No,Month-to-month,No,Bank transfer (automatic),59.19,2915.14,No
CUST-2064,Male,0,No,No,16,Yes,Yes,No,Yes,No,No,No,No,No,Month-to-month,Yes,Mailed check,112.41,1729.81,Yes
CUST-2065,Female,1,Yes,No,59,Yes,Yes,Fiber optic,Yes,Yes,No,Yes,Yes,Yes,Two year,No,Electronic check,56.16,3333.68,No
CUST-2066,Male,0,Yes,No,44,Yes,No,DSL,Yes,No internet service,Yes,No internet service,No,No,Month-to-month,Yes,Bank transfer (automatic),84.99,3761.52,Yes
CUST-2067,Female,0,Yes,Yes,68,No,Yes,No,No,No,No,No,No,No,Two year,Yes,Electronic check,43.89,2980.82,No
CUST-2068,Female,0,No,Yes,31,Yes,No,Fiber optic,No,No,No internet service,No,Yes,No,Month-to-month,No,Electronic check,31.02,920.2,Yes
CUST-2069,Female,0,Yes,No,43,Yes,No phone service,DSL,No,Yes,Yes,Yes,Yes,Yes,Month-to-month,No,Mailed check,24.13,1109.82,No
CUST-2070,Male,0,No,No,64,Yes,Yes,DSL,No,No,Yes,No internet service,No,No,Month-to-month,Yes,Electronic check,48.94,3102.73,Yes
CUST-2071,Male,0,Yes,No,7,Yes,No,DSL,No,No,No,No,No,Yes,Month-to-month,Yes,Bank transfer (automatic),34.09,129.0,No
CUST-2072,Female,0,No,No,71,Yes,No,Fiber optic,No,No,No,No internet service,No internet service,No,One year,No,Electronic check,35.74,2538.54,Yes
CUST-2073,Male,0,Yes,Yes,42,Yes,Yes,Fiber optic,No,No,No internet service,Yes,No internet service,No,One year,No,Mailed check,94.71,3965.93,Yes
CUST-2074,Male,0,Yes,No,0,No,Yes,DSL,No internet service,Yes,No,No,No,No,Two year,No,Electronic check,19.84, ,No
CUST-2075,Female,0,Yes,Yes,50,Yes,No phone service,No,Yes,No internet service,No,No internet service,No,No,Two year,Yes,Bank transfer (automatic),74.31,3739.98,No
CUST-2076,Male,0,No,Yes,23,Yes,No,DSL,No,No,No internet service,No,No,No,Month-to-month,No,Electronic check,56.39,1281.71,Yes
CUST-2077,Female,0,Yes,No,23,Yes,No,No,No,No,No,No internet service,No internet service,No internet service,Two year,Yes,Electronic check,69.16,1580.84,No
CUST-2078,Male,0,No,No,16,Yes,No phone service,Fiber optic,Yes,No,No internet service,No,No,No internet service,One year,Yes,Mailed check,74.81,1186.54,No
CUST-2079,Female,0,No,Yes,4,Yes,Yes,Fiber optic,No,Yes,No internet service,No internet service,No internet service,No internet service,One year,Yes,Electronic check,49.74,309.82,No
CUST-2080,Female,0,Yes,No,19,Yes,Yes,Fiber optic,No internet service,No internet service,No internet service,Yes,No,No,Two year,Yes,Electronic check,47.91,944.06,No
CUST-2081,Female,0,No,No,20,Yes,Yes,Fiber optic,No internet service,Yes,Yes,No internet service,No,No,One year,Yes,Credit card (automatic),91.96,1768.84,No
CUST-2082,Male,1,No,No,57,Yes,Yes,No,No,No internet service,No,No,No,No,Month-to-month,Yes,Credit card (automatic),105.81,6018.95,Yes
CUST-2083,Female,0,Yes,Yes,30,Yes,No phone service,DSL,No,No,No internet service,No internet service,Yes,No,One year,No,Electronic check,37.6,1126.82,No
CUST-2084,Female,0,Yes,Yes,10,Yes,No,No,No,Yes,No internet service,Yes,No internet service,No,Month-to-month,No,Bank transfer (automatic),28.06,225.22,Yes
CUST-2085,Female,0,No,Yes,51,Yes,No,Fiber optic,Yes,No internet service,No,No internet service,No internet service,No,Month-to-month,Yes,Electronic check,108.48,5443.33,Yes
CUST-2086,Female,0,No,No,14,Yes,No,Fiber optic,No,No,No,No,Yes,No,One year,Yes,Electronic check,53.41,777.52,No
CUST-2087,Male,0,No,Yes,6,Yes,No,Fiber optic,Yes,No,Yes,No,No,No,Month-to-month,No,Mailed check,73.66,401.73,No
CUST-2088,Male,0,No,No,27,Yes,Yes,DSL,Yes,No,No internet service,No,No,No,Month-to-month,Yes,Credit card (automatic),54.38,1530.7,Yes
CUST-2089,Female,0,Yes,Yes,50,Yes,Yes,Fiber optic,No,Yes,No,No internet service,No,No,Month-to-month,Yes,Electronic check,30.89,1544.91,Yes
CUST-2090,Male,0,Yes,No,57,Yes,No,No,No,No internet service,Yes,No internet service,No,No,One year,No,Electronic check,77.48,4392.65,Yes
CUST-2091,Male,0,No,No,4,Yes,No,DSL,No,No,No internet service,Yes,No internet service,No,Month-to-month,Yes,Credit card (automatic),71.03,163.28,No
CUST-2092,Male,0,No,No,4,Yes,Yes,Fiber optic,No,Yes,No,Yes,No,No,One year,Yes,Electronic check,38.65,215.72,No
CUST-2093,Male,0,Yes,Yes,7,No,No,Fiber optic,Yes,Yes,No,No,No,No,Month-to-month,Yes,Electronic check,63.66,460.3,Yes
CUST-2094,Female,1,No,No,63,Yes,Yes,Fiber optic,No,No,Yes,No internet service,No,No internet service,Month-to-month,Yes,Credit card (automatic),98.34,6173.01,Yes
CUST-2095,Female,0,Yes,Yes,9,Yes,No,DSL,No,No,No,No,No,No internet service,Month-to-month,No,Electronic check,77.59,653.8,Yes
CUST-2096,Male,0,Yes,No,37,Yes,Yes,Fiber optic,Yes,No internet service,Yes,Yes,No,No,One year,No,Electronic check,27.99,1115.58,Yes
CUST-2097,Female,0,No,No,7,Yes,No,No,No,No,No internet service,No,Yes,No,Month-to-month,Yes,Electronic check,73.33,460.1,No
CUST-2098,Female,0,No,No,24,Yes,Yes,DSL,No,No,No,No,No,No internet service,Two year,No,Bank transfer (automatic),88.88,2114.69,No
CUST-2099,Male,1,Yes,No,72,Yes,No,Fiber optic,No,No,Yes,No internet service,No internet service,No,Two year,Yes,Electronic check,97.92,7078.73,Yes
CUST-2100,Male,0,Yes,No,65,Yes,No phone service,Fiber optic,No internet service,No internet service,No,No internet service,No internet service,No,Two year,Yes,Mailed check,81.48,5368.74,Yes
CUST-2101,Female,0,Yes,Yes,49,Yes,Yes,Fiber optic,No,No,No,Yes,Yes,No,Two year,No,Bank transfer (automatic),33.59,1635.09,Yes
CUST-2102,Male,0,No,No,66,Yes,No,Fiber optic,No,No,No internet service,No,No,Yes,Month-to-month,No,Mailed check,89.62,5878.18,Yes
CUST-2103,Female,0,Yes,Yes,48,Yes,No,Fiber optic,No,No,No,No,No internet service,No,Month-to-month,Yes,Bank transfer (automatic),86.32,4138.02,Yes
CUST-2104,Female,0,No,No,35,Yes,Yes,DSL,No,Yes,No internet service,No,Yes,No,One year,Yes,Electronic check,20.7,769.72,No
CUST-2105,Male,0,Yes,No,67,Yes,No,No,No,No internet service,No,Yes,No internet service,No internet service,One year,Yes,Credit card (automatic),59.63,4051.68,No
CUST-2106,Male,0,Yes,Yes,40,Yes,No phone service,No,Yes,No,No,No,No,No internet service,Two year,Yes,Mailed check,51.71,1999.64,No
CUST-2107,Male,0,No,Yes,61,Yes,No,DSL,No,No,No internet service,Yes,No,No internet service,One year,No,Electronic check,85.53,5223.08,No
CUST-2108,Male,0,No,Yes,9,No,No,Fiber optic,No,No,No internet service,No,No internet service,No,Two year,Yes,Mailed check,39.97,288.02,No
CUST-2109,Female,0,Yes,No,20,Yes,Yes,Fiber optic,Yes,No internet service,No internet service,No,No internet service,No,Month-to-month,No,Bank transfer (automatic),77.63,1596.81,Yes
CUST-2110,Male,0,Yes,No,35,Yes,No,No,No,No internet service,No,No internet service,No,No internet service,Two year,Yes,Mailed check,110.03,3872.17,No
CUST-2111,Female,0,No,Yes,11,Yes,No,No,No,No,No,Yes,No internet service,No,One year,Yes,Mailed check,98.43,1036.67,No
CUST-2112,Male,0,No,Yes,1,Yes,Yes,No,No,Yes,No,No internet service,No,No,One year,No,Electronic check,110.86,187.57,No
CUST-2113,Male,0,Yes,No,12,Yes,No,DSL,No,No,No,Yes,No,No internet service,Month-to-month,No,Electronic check,116.59,1415.83,Yes
CUST-2114,Male,0,No,No,52,Yes,No,No,No internet service,No,Yes,Yes,No internet service,No,Two year,No,Electronic check,19.32,1015.9,No
CUST-2115,Male,0,Yes,No,31,Yes,Yes,No,No internet service,No,No,No,No,Yes,Two year,Yes,Mailed check,80.84,2497.08,No
CUST-2116,Male,0,Yes,No,15,Yes,Yes,Fiber optic,Yes,No,No,No,Yes,No,Month-to-month,Yes,Bank transfer (automatic),59.74,895.7,Yes
CUST-2117,Male,0,No,No,31,Yes,Yes,Fiber optic,No internet service,No,No internet service,No,Yes,No,One year,Yes,Electronic check,104.67,3225.7,No
CUST-2118,Female,0,Yes,Yes,31,Yes,No,Fiber optic,No,Yes,No,No,No,No internet service,Month-to-month,Yes,Mailed check,43.56,1313.3,No
CUST-2119,Female,0,Yes,No,10,No,Yes,Fiber optic,Yes,No,No internet service,No,No,No,Two year,Yes,Mailed check,116.84,1229.86,Yes
CUST-2120,Male,0,Yes,No,9,No,Yes,DSL,Yes,No,No,No internet service,No,No,Month-to-month,Yes,Credit card (automatic),79.93,694.73,No
CUST-2121,Male,1,No,Yes,14,Yes,Yes,DSL,No,No,No,No internet service,No internet service,No internet service,Month-to-month,No,Mailed check,98.0,1345.68,No
CUST-2122,Male,0,No,No,16,Yes,No,DSL,No,No,No,No internet service,Yes,No,Month-to-month,Yes,Electronic check,26.85,423.14,Yes
CUST-2123,Male,0,Yes,No,39,Yes,No,Fiber optic,Yes,No,No,Yes,No internet service,No,One year,Yes,Mailed check,36.69,1502.14,Yes
CUST-2124,Female,0,Yes,Yes,17,Yes,No phone service,DSL,No internet service,No internet service,No,No,Yes,No,Month-to-month,No,Bank transfer (automatic),94.47,1662.55,Yes
CUST-2125,Female,0,No,No,54,Yes,No,Fiber optic,Yes,No,Yes,No,No,No,One year,Yes,Mailed check,20.46,1085.1,No
CUST-2126,Female,0,Yes,Yes,72,Yes,No,DSL,No,No internet service,No,No,No,No internet service,Two year,No,Mailed check,100.35,7286.54,No
CUST-2127,Female,1,No,No,24,No,No,No,No,No internet service,No,No internet service,No,No,Two year,No,Bank transfer (automatic),19.65,477.01,No
CUST-2128,Female,0,No,No,58,No,No,No,No internet service,No,Yes,No,No internet service,Yes,Month-to-month,Yes,Mailed check,84.29,4846.65,Yes
CUST-2129,Male,0,Yes,No,21,Yes,No,No,Yes,Yes,No internet service,No,No internet service,Yes,Two year,No,Electronic check,54.94,1129.93,No
CUST-2130,Male,1,Yes,No,29,Yes,No,Fiber optic,Yes,No,No internet service,No,Yes,Yes,One year,Yes,Mailed check,79.71,2380.25,No
CUST-2131,Female,0,No,No,43,No,Yes,DSL,No internet service,Yes,Yes,No,No internet service,Yes,Month-to-month,Yes,Electronic check,88.2,3896.74,Yes
CUST-2132,Female,0,No,No,31,Yes,No phone service,Fiber optic,No,No,No,No,No,No internet service,Month-to-month,No,Mailed check,52.67,1648.76,No
CUST-2133,Male,0,Yes,Yes,50,Yes,No,DSL,Yes,No,Yes,No,No,No,Month-to-month,Yes,Credit card (automatic),29.1,1426.67,Yes
CUST-2134,Male,0,Yes,No,45,Yes,Yes,No,Yes,No,No internet service,No,Yes,Yes,Two year,Yes,Mailed check,25.25,1130.0,No
CUST-2135,Male,0,Yes,No,20,Yes,No,DSL,No,No,Yes,No,No,No,Month-to-month,No,Mailed check,77.44,1510.68,No
CUST-2136,Female,0,No,No,31,Yes,Yes,Fiber optic,Yes,No,Yes,Yes,Yes,Yes,Month-to-month,Yes,Credit card (automatic),70.58,2157.14,No
CUST-2137,Male,0,Yes,No,38,Yes,No phone service,Fiber optic,No,Yes,No,No internet service,No,Yes,One year,No,Electronic check,92.84,3492.17,No
CUST-2138,Female,1,No,No,11,No,No,No,No,Yes,Yes,No,No,No,One year,No,Mailed check,69.48,760.31,Yes
CUST-2139,Female,0,No,No,46,Yes,Yes,Fiber optic,No,No,No internet service,No,No,Yes,Two year,Yes,Mailed check,60.71,2798.69,Yes
CUST-2140,Female,0,Yes,Yes,17,No,No,Fiber optic,No,No,No,Yes,Yes,No,One year,Yes,Credit card (automatic),58.26,983.01,No
CUST-2141,Female,1,Yes,No,20,No,Yes,Fiber optic,No,No,No internet service,No,No internet service,No,Month-to-month,No,Mailed check,20.91,407.13,Yes
CUST-2142,Female,0,No,No,12,Yes,No,Fiber optic,No,No internet service,No,No,No,Yes,Two year,No,Bank transfer (automatic),51.97,661.66,Yes
CUST-2143,Female,0,Yes,No,20,Yes,Yes,DSL,No internet service,No,No,No,No,No,Month-to-month,Yes,Bank transfer (automatic),116.34,2315.34,No
CUST-2144,Female,0,No,No,7,Yes,No,No,Yes,Yes,No internet service,No internet service,No,No,One year,No,Electronic check,106.04,734.03,No
CUST-2145,Female,0,No,No,45,Yes,No,Fiber optic,Yes,No internet service,No,Yes,No,No internet service,One year,No,Bank transfer (automatic),51.35,2301.92,Yes
CUST-2146,Female,0,No,No,6,Yes,No,DSL,No,Yes,No internet service,No,Yes,No,Month-to-month,Yes,Bank transfer (automatic),77.32,541.08,Yes
CUST-2147,Female,0,Yes,No,22,Yes,No,No,Yes,No,No internet service,No internet service,No,No,Two year,Yes,Mailed check,103.4,2250.24,No
CUST-2148,Male,0,No,No,21,Yes,No,Fiber optic,No,No internet service,No internet service,No,No,No,Month-to-month,No,Credit card (automatic),62.6,1344.41,No
CUST-2149,Male,0,Yes,No,21,Yes,Yes,No,No,No,No,No internet service,No,No,Month-to-month,No,Electronic check,20.05,383.63,Yes
CUST-2150,Male,0,No,Yes,28,Yes,No,No,Yes,No internet service,No,No,No,No,Two year,Yes,Credit card (automatic),25.74,738.22,No
CUST-2151,Male,0,No,No,12,Yes,No,No,No internet service,Yes,No,Yes,Yes,No,One year,Yes,Credit card (automatic),69.54,861.79,No
CUST-2152,Male,0,No,No,1,Yes,No,DSL,Yes,No internet service,No,No,No,No,One year,No,Mailed check,115.68,169.89,No
CUST-2153,Male,0,Yes,No,28,Yes,No,DSL,Yes,No,No,No,No internet service,Yes,Month-to-month,Yes,Mailed check,87.92,2442.55,Yes
CUST-2154,Male,0,No,No,51,Yes,No,No,Yes,No,Yes,No,No,No,Two year,Yes,Credit card (automatic),25.38,1238.68,No
CUST-2155,Female,0,No,Yes,26,No,Yes,No,No,No,No,No,No internet service,Yes,Month-to-month,No,Mailed check,37.28,930.08,No
CUST-2156,Female,0,Yes,No,49,Yes,No,Fiber optic,Yes,No,No,No,Yes,Yes,Month-to-month,Yes,Mailed check,95.77,4740.96,Yes
CUST-2157,Female,0,No,Yes,22,Yes,No phone service,Fiber optic,Yes,No internet service,No,No,No,No internet service,Month-to-month,No,Mailed check,102.81,2365.91,No
CUST-2158,Female,0,No,Yes,43,Yes,No,DSL,Yes,No,Yes,No,No,Yes,Month-to-month,No,Electronic check,80.33,3495.91,Yes
CUST-2159,Female,0,No,No,21,Yes,No,No,No internet service,Yes,No,Yes,No,No internet service,One year,Yes,Mailed check,83.01,1680.1,No
CUST-2160,Male,0,No,No,42,Yes,No,DSL,No,Yes,No,No,No,No internet service,Month-to-month,No,Electronic check,21.1,926.23,Yes
CUST-2161,Male,0,Yes,No,36,Yes,No,DSL,Yes,No,No,No,Yes,No,Month-to-month,Yes,Bank transfer (automatic),101.52,3607.53,Yes
CUST-2162,Male,1,No,Yes,60,Yes,No,Fiber optic,No,No internet service,No,No,Yes,No,Month-to-month,No,Credit card (automatic),97.47,5830.74,Yes
CUST-2163,Male,0,Yes,No,55,Yes,No,DSL,No internet service,No,Yes,No,No,No,One year,Yes,Mailed check,44.28,2444.76,Yes
CUST-2164,Male,0,No,No,2,Yes,No,No,No internet service,No,No internet service,No,Yes,No,Two year,Yes,Electronic check,89.47,196.71,No
CUST-2165,Male,0,Yes,No,62,Yes,Yes,DSL,Yes,No internet service,Yes,No,No internet service,No,Month-to-month,Yes,Bank transfer (automatic),39.84,2473.35,Yes
CUST-2166,Male,0,No,Yes,18,Yes,No,DSL,Yes,No,No,No internet service,No,No,One year,No,Electronic check,22.3,371.34,No
CUST-2167,Female,0,No,No,22,Yes,Yes,Fiber optic,No internet service,No,Yes,No,No,No,Month-to-month,No,Bank transfer (automatic),38.46,899.12,No
CUST-2168,Male,0,No,Yes,28,Yes,Yes,Fiber optic,No internet service,Yes,No internet service,No internet service,No,Yes,One year,Yes,Bank transfer (automatic),36.2,987.22,No
CUST-2169,Female,0,Yes,Yes,29,Yes,No,DSL,No,No,No,No,No internet service,No,Month-to-month,Yes,Electronic check,52.19,1576.24,Yes
CUST-2170,Male,1,No,Yes,38,Yes,Yes,Fiber optic,Yes,No internet service,No,No,No,Yes,Month-to-month,Yes,Bank transfer (automatic),60.3,2223.43,Yes
CUST-2171,Female,0,No,Yes,24,No,No,Fiber optic,No internet service,No,No internet service,Yes,No,No,One year,No,Bank transfer (automatic),69.36,1675.42,No
CUST-2172,Male,0,Yes,No,7,Yes,Yes,No,Yes,No internet service,Yes,No internet service,No,Yes,Two year,No,Mailed check,66.16,401.81,No
CUST-2173,Male,0,Yes,Yes,57,Yes,Yes,DSL,No,Yes,No,No internet service,No,Yes,Month-to-month,Yes,Electronic check,45.45,2548.95,Yes
CUST-2174,Male,0,No,No,15,Yes,No,No,No internet service,No,No internet service,No internet service,No internet service,No,Two year,Yes,Electronic check,21.18,292.05,No
CUST-2175,Male,0,Yes,No,71,Yes,Yes,Fiber optic,Yes,No,No,Yes,Yes,No,One year,No,Electronic check,79.06,5689.29,Yes
CUST-2176,Female,0,No,No,0,Yes,No,DSL,Yes,No,No,No internet service,No,No,Two year,Yes,Bank transfer (automatic),58.02, ,No
CUST-2177,Female,0,Yes,No,4,Yes,Yes,DSL,No,No internet service,Yes,No,No internet service,No,Month-to-month,Yes,Bank transfer (automatic),48.27,236.79,Yes
CUST-2178,Female,0,Yes,No,2,Yes,No phone service,Fiber optic,No,No internet service,Yes,No internet service,No,Yes,Month-to-month,Yes,Bank transfer (automatic),105.38,212.42,Yes
CUST-2179,Female,0,Yes,No,64,Yes,No,DSL,Yes,No internet service,Yes,No,No internet service,No,Two year,Yes,Electronic check,93.3,5980.6,Yes
CUST-2180,Female,0,Yes,Yes,3,Yes,Yes,DSL,No,No,No,No internet service,No,No internet service,Month-to-month,Yes,Bank transfer (automatic),104.46,376.7,No
CUST-2181,Female,0,Yes,No,63,Yes,No phone service,DSL,No internet service,No internet service,No,No,No internet service,Yes,Month-to-month,Yes,Mailed check,68.0,4319.07,Yes
CUST-2182,Male,0,No,No,9,Yes,No,Fiber optic,Yes,No,No,No,No,No internet service,Month-to-month,No,Bank transfer (automatic),31.41,283.59,No
CUST-2183,Male,1,Yes,No,20,Yes,Yes,Fiber optic,No,No internet service,No,No,No,No,Two year,Yes,Credit card (automatic),88.22,1838.73,No
CUST-2184,Female,0,Yes,No,45,Yes,Yes,DSL,No,No,No,No,No,No,Month-to-month,Yes,Electronic check,38.96,1793.93,Yes
CUST-2185,Female,0,No,Yes,26,Yes,No,Fiber optic,No internet service,No,Yes,No,No,No,Two year,No,Credit card (automatic),62.59,1639.46,No
CUST-2186,Female,1,Yes,Yes,65,Yes,No,No,No,No internet service,No,Yes,Yes,No,Month-to-month,Yes,Mailed check,24.78,1587.75,Yes
CUST-2187,Female,0,Yes,No,40,Yes,Yes,DSL,No,No,No,Yes,No,No,Month-to-month,Yes,Bank transfer (automatic),101.19,4020.14,Yes
CUST-2188,Male,0,Yes,No,12,Yes,No phone service,No,No internet service,No,Yes,No internet service,No internet service,No,Month-to-month,No,Bank transfer (automatic),30.91,354.11,No
CUST-2189,Female,1,Yes,Yes,8,No,No phone service,Fiber optic,No,No,No internet service,No,No internet service,No,Month-to-month,No,Bank transfer (automatic),109.01,894.93,No
CUST-2190,Male,0,Yes,No,35,Yes,Yes,No,No,Yes,No,No,No,No,One year,No,Electronic check,105.11,3720.64,No
CUST-2191,Male,0,Yes,No,57,No,Yes,DSL,No internet service,No,No,No,No,Yes,One year,Yes,Mailed check,64.94,3629.37,No
CUST-2192,Male,0,Yes,No,53,Yes,Yes,No,No internet service,No internet service,No internet service,Yes,Yes,No,Month-to-month,Yes,Credit card (automatic),93.06,4834.85,No
CUST-2193,Male,0,No,Yes,11,Yes,Yes,Fiber optic,Yes,Yes,No,No,No internet service,Yes,Month-to-month,No,Electronic check,80.5,837.93,No
CUST-2194,Female,0,Yes,No,13,Yes,No,Fiber optic,Yes,No internet service,Yes,No internet service,No internet service,No,One year,No,Credit card (automatic),98.96,1266.1,Yes
CUST-2195,Male,0,No,No,33,Yes,Yes,Fiber optic,Yes,No,No internet service,Yes,No,No,Two year,No,Mailed check,61.65,2094.25,No
CUST-2196,Female,0,Yes,No,52,Yes,Yes,DSL,Yes,No internet service,No internet service,Yes,No internet service,No,One year,Yes,Credit card (automatic),97.22,5041.42,No
CUST-2197,Female,0,No,Yes,19,Yes,Yes,No,No,No,No,No internet service,No internet service,No internet service,Two year,Yes,Credit card (automatic),64.73,1242.61,No
CUST-2198,Female,0,Yes,No,15,Yes,No phone service,Fiber optic,No,Yes,No internet service,No,Yes,No,Month-to-month,Yes,Electronic check,112.82,1713.2,Yes
CUST-2199,Male,0,Yes,Yes,69,Yes,No,DSL,No,Yes,No internet service,No internet service,No,Yes,Two year,No,Credit card (automatic),67.13,4580.79,Yes
CUST-2200,Female,1,No,Yes,55,No,No,DSL,No,No,Yes,Yes,Yes,No,Month-to-month,No,Bank transfer (automatic),64.74,3633.69,No
CUST-2201,Female,0,Yes,No,57,Yes,No,DSL,Yes,No internet service,No internet service,Yes,No,No,Month-to-month,Yes,Mailed check,97.15,5504.31,Yes
CUST-2202,Female,1,Yes,Yes,3,No,Yes,Fiber optic,Yes,Yes,Yes,No,Yes,No internet service,Two year,Yes,Credit card (automatic),100.82,380.45,No
CUST-2203,Male,0,No,Yes,3,No,No,Fiber optic,No,No internet service,No,No,Yes,No,Two year,Yes,Electronic check,73.98,215.63,No
CUST-2204,Female,0,No,No,19,Yes,No,Fiber optic,No,Yes,No,No,No,No internet service,One year,Yes,Electronic check,36.32,673.2,No
CUST-2205,Male,0,Yes,No,9,Yes,No phone service,DSL,No,No,No,Yes,No internet service,No,Month-to-month,Yes,Credit card (automatic),65.26,531.8,No
CUST-2206,Female,0,No,No,23,Yes,No,Fiber optic,No,No,No,No internet service,Yes,Yes,Month-to-month,Yes,Electronic check,115.54,2667.28,Yes
CUST-2207,Male,1,No,Yes,25,Yes,No,Fiber optic,No,No internet service,No,No,No,No,Month-to-month,Yes,Credit card (automatic),93.93,2460.97,Yes
CUST-2208,Male,1,No,No,36,Yes,Yes,DSL,Yes,No,Yes,No,No,No,Two year,Yes,Electronic check,99.77,3612.4,Yes
CUST-2209,Female,0,No,Yes,53,Yes,No,DSL,No,No,Yes,No,Yes,No,Month-to-month,No,Electronic check,21.55,1155.67,Yes
CUST-2210,Male,0,Yes,No,20,No,Yes,DSL,No,No,No internet service,No,No internet service,Yes,Two year,No,Bank transfer (automatic),65.27,1272.07,No
CUST-2211,Female,1,No,No,37,Yes,No phone service,No,Yes,No internet service,No,No internet service,Yes,No,Month-to-month,No,Credit card (automatic),83.24,3109.48,Yes
CUST-2212,Female,0,Yes,Yes,45,Yes,Yes,Fiber optic,No,Yes,No,No,Yes,No,Two year,No,Bank transfer (automatic),101.67,4583.03,Yes
CUST-2213,Female,0,Yes,Yes,3,Yes,Yes,No,Yes,No,No,No,No,No,Two year,Yes,Credit card (automatic),23.2,66.46,No
CUST-2214,Female,0,Yes,No,59,Yes,No phone service,DSL,Yes,Yes,No internet service,No,No internet service,No internet service,Month-to-month,Yes,Mailed check,103.92,6156.02,Yes
CUST-2215,Female,0,No,No,56,Yes,No phone service,No,Yes,Yes,No internet service,No,No,No,Month-to-month,Yes,Credit card (automatic),73.36,4017.37,No
CUST-2216,Female,0,Yes,No,44,Yes,No,Fiber optic,No internet service,No internet service,No,No,Yes,Yes,Two year,Yes,Electronic check,38.08,1670.49,Yes
CUST-2217,Female,0,No,No,19,Yes,No,Fiber optic,No internet service,No internet service,No,No internet service,Yes,No,Month-to-month,Yes,Credit card (automatic),50.13,892.62,Yes
CUST-2218,Male,0,No,No,16,No,Yes,DSL,No internet service,No internet service,No,Yes,No,No internet service,One year,No,Mailed check,46.58,746.72,Yes
CUST-2219,Female,0,Yes,No,70,Yes,No,Fiber optic,Yes,Yes,No,Yes,No internet service,No,One year,No,Credit card (automatic),71.6,4975.79,Yes
CUST-2220,Female,1,No,No,3,Yes,No,No,No internet service,No,Yes,No,No,No,Month-to-month,No,Electronic check,23.44,37.53,No
CUST-2221,Male,0,Yes,Yes,13,Yes,No,DSL,No internet service,No,Yes,Yes,No,Yes,Two year,Yes,Electronic check,34.18,377.67,No
CUST-2222,Male,1,No,Yes,2,Yes,No,DSL,Yes,No,No,Yes,No,No,Month-to-month,No,Mailed check,99.93,255.64,No
CUST-2223,Male,0,No,Yes,57,Yes,No,Fiber optic,No,Yes,No,Yes,No,No internet service,Two year,No,Electronic check,31.58,1766.17,Yes
CUST-2224,Male,1,No,No,54,Yes,Yes,No,Yes,No,Yes,No,Yes,No,Month-to-month,Yes,Electronic check,41.71,2221.13,Yes
CUST-2225,Male,0,No,No,3,Yes,No,Fiber optic,No,No,No,No internet service,No,Yes,One year,No,Credit card (automatic),63.81,267.96,No
CUST-2226,Female,0,No,No,23,Yes,Yes,DSL,No internet service,No,No internet service,Yes,Yes,No,Month-to-month,Yes,Credit card (automatic),70.22,1643.46,Yes
CUST-2227,Female,0,Yes,No,33,Yes,No phone service,Fiber optic,No,No internet service,No,No,No internet service,No internet service,Month-to-month,No,Electronic check,94.99,3032.94,Yes
CUST-2228,Female,0,Yes,No,29,Yes,No,Fiber optic,Yes,No,No,No,No internet service,No,Month-to-month,Yes,Electronic check,63.21,1902.36,Yes
CUST-2229,Female,0,No,Yes,18,Yes,No,No,Yes,No,Yes,Yes,No,No,One year,Yes,Mailed check,97.63,1839.73,No
CUST-2230,Male,0,No,Yes,30,Yes,No,Fiber optic,Yes,No,No internet service,No,No internet service,No,One year,No,Electronic check,80.39,2489.42,Yes
CUST-2231,Male,0,No,No,59,Yes,No,Fiber optic,No internet service,Yes,No,No,No,No,Two year,No,Bank transfer (automatic),29.62,1780.99,Yes
CUST-2232,Female,0,Yes,No,59,Yes,No,DSL,No internet service,No internet service,Yes,Yes,No,No,Month-to-month,Yes,Credit card (automatic),33.96,1948.55,No
CUST-2233,Female,0,Yes,No,18,Yes,No,No,No,No,No,Yes,Yes,No,One year,Yes,Credit card (automatic),62.17,1116.6,Yes
CUST-2234,Female,1,Yes,No,48,Yes,No,Fiber optic,No,No,No,Yes,No internet service,No internet service,One year,Yes,Bank transfer (automatic),58.14,2718.3,Yes
CUST-2235,Female,1,No,No,62,Yes,No,No,No,No,No,No,No,No,Month-to-month,No,Bank transfer (automatic),92.98,5721.46,Yes
CUST-2236,Male,0,Yes,No,21,Yes,No,Fiber optic,No,No,No,No,No internet service,No,Month-to-month,No,Mailed check,76.61,1553.27,Yes
CUST-2237,Male,0,No,Yes,23,Yes,No,No,No,No,No,No,No,No,Month-to-month,Yes,Mailed check,57.26,1285.63,No
CUST-2238,Female,0,No,Yes,29,Yes,Yes,No,No,No,No,No,No,No internet service,Month-to-month,Yes,Credit card (automatic),35.41,1035.09,No
CUST-2239,Male,0,Yes,Yes,57,Yes,Yes,DSL,No,No,No,Yes,No,No,Month-to-month,No,Bank transfer (automatic),41.05,2317.6,Yes
CUST-2240,Female,0,No,No,30,Yes,Yes,No,Yes,No,No,Yes,No internet service,No,One year,No,Credit card (automatic),76.09,2258.31,No
CUST-2241,Male,0,No,No,63,Yes,Yes,DSL,Yes,No,Yes,Yes,No internet service,No internet service,Month-to-month,No,Credit card (automatic),60.81,3816.49,Yes
CUST-2242,Male,0,No,Yes,18,Yes,No,Fiber optic,Yes,No internet service,No,No internet service,No internet service,No,One year,Yes,Credit card (automatic),70.0,1334.97,No
CUST-2243,Male,1,No,No,47,Yes,No,No,No,Yes,No,No internet service,No,No internet service,Two year,Yes,Bank transfer (automatic),35.4,1771.99,No
CUST-2244,Male,0,Yes,No,44,Yes,Yes,DSL,Yes,No internet service,No internet service,No,Yes,No,One year,No,Mailed check,84.87,3711.75,Yes
CUST-2245,Female,0,No,No,54,Yes,Yes,Fiber optic,No,No internet service,No,No,No,No internet service,One year,Yes,Credit card (automatic),103.93,5629.02,Yes
CUST-2246,Female,0,No,No,54,Yes,Yes,Fiber optic,Yes,No,No,No,No internet service,Yes,Month-to-month,No,Credit card (automatic),44.17,2343.12,No
CUST-2247,Female,0,No,Yes,17,Yes,No,Fiber optic,No internet service,No,No,No,No internet service,Yes,Two year,Yes,Electronic check,67.65,1188.43,No
CUST-2248,Female,1,No,No,62,Yes,No,No,No internet service,No,No,No,No internet service,No internet service,Month-to-month,No,Electronic check,116.29,7186.16,Yes
CUST-2249,Male,0,No,No,46,Yes,No,Fiber optic,No,No,No,Yes,No,No internet service,One year,Yes,Electronic check,51.74,2344.48,Yes
CUST-2250,Female,0,No,No,56,Yes,No,No,No,No,No,No internet service,No internet service,No,Two year,No,Credit card (automatic),78.05,4470.88,Yes
CUST-2251,Female,0,No,No,44,Yes,Yes,DSL,No,No,No,No,No,No internet service,One year,No,Credit card (automatic),27.31,1133.84,Yes
CUST-2252,Female,0,No,Yes,32,Yes,No,DSL,Yes,No,No,No,No,No,One year,No,Bank transfer (automatic),79.15,2410.16,Yes
CUST-2253,Female,0,Yes,Yes,16,Yes,No,Fiber optic,No,No,Yes,No internet service,No,No,Month-to-month,No,Bank transfer (automatic),27.26,472.9,Yes
CUST-2254,Male,0,Yes,Yes,69,Yes,No,Fiber optic,Yes,No,No,No,No,No,Month-to-month,No,Credit card (automatic),114.65,7892.47,Yes
CUST-2255,Female,0,No,Yes,3,Yes,No,DSL,No,No,Yes,No,No,No,Two year,No,Electronic check,90.17,238.21,No
CUST-2256,Male,1,No,No,19,Yes,Yes,Fiber optic,No,No,No internet service,No internet service,No internet service,No internet service,Month-to-month,No,Electronic check,97.46,1988.32,No
CUST-2257,Male,0,Yes,Yes,46,Yes,No,Fiber optic,Yes,No internet service,No,No,No internet service,No,One year,Yes,Mailed check,89.01,4130.97,Yes
CUST-2258,Male,0,No,No,14,Yes,Yes,No,No,Yes,No internet service,No,No,Yes,Month-to-month,No,Bank transfer (automatic),77.52,1082.35,No
CUST-2259,Male,0,No,No,69,Yes,No,DSL,No,No internet service,No,No,Yes,No,Two year,Yes,Bank transfer (automatic),63.47,4344.03,Yes
CUST-2260,Male,0,Yes,No,46,Yes,Yes,Fiber optic,Yes,No,No,Yes,No,No,Month-to-month,Yes,Electronic check,104.52,4830.21,Yes
CUST-2261,Female,0,Yes,No,8,Yes,Yes,Fiber optic,No,No internet service,No internet service,Yes,No,No,Month-to-month,Yes,Mailed check,114.41,828.64,Yes
CUST-2262,Male,0,No,Yes,15,No,Yes,No,Yes,No,No,No,No,No internet service,One year,Yes,Mailed check,68.4,1000.19,No
CUST-2263,Male,0,No,No,68,Yes,No phone service,Fiber optic,Yes,No,No,No,No internet service,No internet service,Month-to-month,Yes,Electronic check,111.87,7605.31,Yes
CUST-2264,Male,0,Yes,No,60,Yes,Yes,No,Yes,No,Yes,No,No,No,Month-to-month,Yes,Mailed check,76.87,4622.87,Yes
CUST-2265,Female,1,Yes,No,9,Yes,No,No,Yes,No,Yes,Yes,Yes,Yes,Month-to-month,No,Credit card (automatic),72.36,644.12,No
CUST-2266,Male,1,Yes,Yes,49,Yes,No,Fiber optic,No,No,No,No internet service,Yes,No,Month-to-month,Yes,Electronic check,63.93,3097.91,Yes
CUST-2267,Female,0,No,Yes,2,No,No,DSL,No internet service,No internet service,No,No internet service,No,No,Month-to-month,No,Electronic check,39.28,124.59,Yes
CUST-2268,Male,0,Yes,No,69,Yes,No,No,No,No,No,No,No internet service,No internet service,Month-to-month,Yes,Electronic check,18.62,1202.2,Yes
CUST-2269,Female,0,Yes,Yes,50,Yes,No,Fiber optic,No internet service,No internet service,No internet service,No,No,Yes,One year,No,Mailed check,42.52,2112.1,No
CUST-2270,Male,0,No,No,18,Yes,No phone service,Fiber optic,No internet service,No,No,No,Yes,Yes,Month-to-month,Yes,Mailed check,69.48,1224.74,Yes
CUST-2271,Female,0,No,Yes,41,Yes,No,Fiber optic,No,No internet service,No,No,No,No,Two year,Yes,Mailed check,56.44,2364.63,No
CUST-2272,Female,1,No,Yes,34,Yes,No,No,Yes,No,No internet service,No,No,No,Month-to-month,Yes,Credit card (automatic),63.32,2129.94,Yes
CUST-2273,Female,1,Yes,Yes,45,Yes,Yes,No,No internet service,Yes,No,No internet service,No,No internet service,Month-to-month,No,Bank transfer (automatic),116.81,5278.33,Yes
CUST-2274,Female,0,Yes,Yes,25,Yes,Yes,No,No,Yes,Yes,No,No,No internet service,Month-to-month,No,Bank transfer (automatic),53.45,1352.9,No
CUST-2275,Male,0,Yes,No,68,Yes,No,DSL,Yes,No,No,No internet service,No,No,Two year,Yes,Mailed check,63.69,4239.16,Yes
CUST-2276,Female,0,No,No,63,No,No,Fiber optic,No,Yes,No,No,No internet service,No,Month-to-month,Yes,Bank transfer (automatic),31.67,1991.93,Yes
CUST-2277,Female,0,Yes,No,36,Yes,Yes,DSL,No,No internet service,Yes,No internet service,No internet service,Yes,One year,Yes,Electronic check,23.07,743.38,No
CUST-2278,Male,0,No,No,48,Yes,No,DSL,No,Yes,No,No,No,No internet service,Month-to-month,No,Bank transfer (automatic),96.18,4634.2,No
CUST-2279,Male,0,Yes,Yes,20,Yes,No,No,Yes,No,No internet service,No,No,No,Month-to-month,Yes,Electronic check,75.6,1475.48,No
CUST-2280,Female,0,Yes,No,63,Yes,No,Fiber optic,No,No,No internet service,No,No,No,Two year,Yes,Bank transfer (automatic),94.7,6025.43,Yes
CUST-2281,Male,0,No,No,4,Yes,No,Fiber optic,No,No,No internet service,No internet service,No,No,Month-to-month,Yes,Credit card (automatic),33.31,124.2,No
CUST-2282,Female,0,No,Yes,69,Yes,No phone service,Fiber optic,No internet service,Yes,No,No,No,No,Month-to-month,Yes,Mailed check,75.72,5186.18,Yes
CUST-2283,Female,0,No,No,3,No,No,No,Yes,No internet service,No,No internet service,No internet service,No internet service,Two year,Yes,Electronic check,43.74,191.21,No
CUST-2284,Female,0,No,No,38,Yes,Yes,DSL,No internet service,Yes,No,Yes,Yes,Yes,One year,Yes,Electronic check,41.17,1520.87,No
CUST-2285,Male,0,No,No,34,No,No,DSL,No,No,No,No internet service,No internet service,No,Two year,Yes,Electronic check,19.41,704.67,No
CUST-2286,Male,0,No,No,0,Yes,No,Fiber optic,No internet service,No,No,No internet service,No,No,One year,No,Bank transfer (automatic),31.35, ,No
CUST-2287,Female,0,No,No,23,Yes,Yes,Fiber optic,No internet service,Yes,Yes,No internet service,No,No,One year,Yes,Electronic check,49.33,1116.32,No
CUST-2288,Female,0,Yes,No,56,Yes,No,No,No,Yes,No,No,No,No internet service,Two year,No,Mailed check,30.0,1613.2,No
CUST-2289,Female,0,Yes,No,69,Yes,Yes,No,No,Yes,Yes,No,No internet service,No internet service,Month-to-month,Yes,Electronic check,117.33,8157.85,Yes
CUST-2290,Male,0,No,No,40,Yes,No phone service,Fiber optic,No internet service,No,No internet service,Yes,No,No,Two year,Yes,Mailed check,49.27,1995.82,No
CUST-2291,Male,0,Yes,Yes,53,Yes,Yes,No,No,No internet service,No internet service,No,No,No,One year,Yes,Bank transfer (automatic),31.35,1622.95,No
CUST-2292,Male,0,No,Yes,45,No,No,Fiber optic,Yes,No,Yes,No,No,No,Month-to-month,Yes,Credit card (automatic),38.26,1733.93,Yes
CUST-2293,Male,1,Yes,No,59,Yes,No phone service,No,No,Yes,No,No,No internet service,Yes,Month-to-month,No,Electronic check,77.31,4611.6,Yes
CUST-2294,Female,0,No,No,59,Yes,Yes,DSL,No,Yes,No,Yes,No internet service,No,Month-to-month,Yes,Bank transfer (automatic),24.69,1462.31,Yes
CUST-2295,Female,0,Yes,Yes,56,Yes,No,Fiber optic,No,No internet service,No,No,No,No,One year,No,Bank transfer (automatic),104.92,5887.44,No
CUST-2296,Female,0,Yes,Yes,30,Yes,No,Fiber optic,No,No,No,No internet service,Yes,No,Month-to-month,Yes,Credit card (automatic),114.88,3498.0,Yes
CUST-2297,Female,0,Yes,Yes,23,Yes,Yes,DSL,No,No,No,Yes,No,No,Two year,Yes,Bank transfer (automatic),43.05,1067.01,No
CUST-2298,Male,0,No,No,35,No,No,DSL,Yes,No,Yes,Yes,No internet service,No internet service,Month-to-month,No,Mailed check,63.48,2215.82,Yes
CUST-2299,Female,0,Yes,No,29,Yes,No,Fiber optic,No,No,No,No,No internet service,No,One year,No,Credit card (automatic),20.47,526.76,No
CUST-2300,Male,0,No,No,23,No,No phone service,Fiber optic,No,No,No,No internet service,No,No,Month-to-month,Yes,Mailed check,82.64,1835.59,Yes
CUST-2301,Male,0,Yes,No,29,Yes,Yes,DSL,Yes,No internet service,Yes,Yes,No,No,One year,No,Electronic check,59.85,1701.1,Yes
CUST-2302,Male,0,Yes,No,6,Yes,No,Fiber optic,Yes,Yes,No,No internet service,No internet service,No,One year,Yes,Bank transfer (automatic),45.39,225.6,Yes
CUST-2303,Female,1,Yes,No,34,Yes,No,Fiber optic,No,No,Yes,Yes,No internet service,No,One year,No,Mailed check,39.04,1243.24,Yes
CUST-2304,Female,0,Yes,Yes,54,Yes,No,Fiber optic,No,Yes,Yes,No internet service,Yes,No,Two year,No,Bank transfer (automatic),83.98,4627.31,No
CUST-2305,Female,0,Yes,No,13,Yes,No,Fiber optic,No,Yes,No,No internet service,No internet service,No internet service,Two year,No,Electronic check,60.08,807.44,No
CUST-2306,Female,0,Yes,Yes,9,Yes,No,DSL,No internet service,No,No,No,No,Yes,Month-to-month,Yes,Bank transfer (automatic),36.31,300.6,No
CUST-2307,Female,0,Yes,No,15,Yes,No phone service,Fiber optic,No,No,No,No,No internet service,No internet service,Month-to-month,Yes,Credit card (automatic),87.51,1311.02,Yes
CUST-2308,Male,0,Yes,No,53,Yes,Yes,No,Yes,No,Yes,No internet service,No,No,One year,Yes,Credit card (automatic),75.04,3887.8,Yes
CUST-2309,Female,0,Yes,No,69,Yes,Yes,Fiber optic,No,No,Yes,Yes,Yes,No,Month-to-month,Yes,Mailed check,104.55,7271.82,Yes
CUST-2310,Female,0,Yes,No,43,Yes,No phone service,Fiber optic,No,No,Yes,No,No internet service,No,Month-to-month,No,Electronic check,30.06,1195.1,Yes
CUST-2311,Female,0,No,Yes,72,Yes,No,Fiber optic,Yes,Yes,No,Yes,Yes,Yes,One year,No,Mailed check,97.21,7024.62,Yes
CUST-2312,Female,0,Yes,Yes,44,Yes,Yes,DSL,No,No,Yes,Yes,No,No,Month-to-month,Yes,Electronic check,85.94,3689.44,Yes
CUST-2313,Male,0,No,No,55,Yes,No,Fiber optic,No,No,Yes,No internet service,No,Yes,Month-to-month,Yes,Electronic check,29.81,1618.85,Yes
CUST-2314,Male,0,Yes,No,56,Yes,Yes,No,No internet service,No,No,No,Yes,No,Two year,Yes,Mailed check,88.08,4994.61,Yes
CUST-2315,Male,0,Yes,Yes,20,Yes,No,DSL,No,No,No internet service,No,No,No internet service,Month-to-month,No,Credit card (automatic),62.63,1170.9,No
CUST-2316,Female,1,Yes,No,67,Yes,No,No,No,No,No,No,No internet service,No internet service,Month-to-month,No,Credit card (automatic),113.22,7578.3,Yes
CUST-2317,Male,0,No,No,49,Yes,Yes,DSL,No,No,No,No,No internet service,No,Month-to-month,No,Mailed check,32.48,1622.91,Yes
CUST-2318,Female,0,No,No,32,Yes,Yes,Fiber optic,Yes,No,Yes,No,Yes,Yes,Two year,Yes,Bank transfer (automatic),82.85,2674.41,No
CUST-2319,Male,1,Yes,No,6,Yes,Yes,No,No internet service,Yes,No,No,No,Yes,Two year,Yes,Credit card (automatic),56.64,343.35,No
CUST-2320,Female,1,Yes,No,69,Yes,No,No,Yes,No,No,No,No,No,One year,Yes,Mailed check,114.41,7919.08,Yes
CUST-2321,Female,0,No,Yes,14,Yes,Yes,No,No,No,No,Yes,No,No,Month-to-month,Yes,Electronic check,51.41,689.2,No
CUST-2322,Male,0,No,Yes,31,Yes,Yes,No,No internet service,No,No internet service,No,Yes,No,Two year,Yes,Bank transfer (automatic),114.95,3660.09,No
CUST-2323,Male,1,No,No,19,No,No phone service,Fiber optic,No internet service,No,No,Yes,No,Yes,One year,No,Mailed check,108.85,1987.62,Yes
CUST-2324,Male,0,No,No,14,Yes,No,Fiber optic,Yes,Yes,No,No,No internet service,No,Two year,Yes,Electronic check,45.42,693.98,No
CUST-2325,Female,0,No,No,47,Yes,Yes,Fiber optic,Yes,Yes,No,No,Yes,Yes,Two year,Yes,Bank transfer (automatic),99.01,4662.94,Yes
CUST-2326,Female,0,No,No,70,Yes,No,Fiber optic,No,No internet service,No,No,No,No,Month-to-month,No,Electronic check,118.31,8312.56,Yes
CUST-2327,Female,0,Yes,No,20,Yes,No,Fiber optic,Yes,No,No internet service,No,Yes,Yes,Month-to-month,No,Bank transfer (automatic),43.64,912.53,No
CUST-2328,Female,0,Yes,No,41,Yes,No,Fiber optic,No,No,No,Yes,Yes,Yes,Month-to-month,No,Mailed check,62.15,2575.93,Yes
CUST-2329,Female,0,No,Yes,25,Yes,No,Fiber optic,No,Yes,No internet service,No,No,No internet service,Month-to-month,No,Mailed check,70.53,1722.7,No
CUST-2330,Male,0,Yes,No,13,Yes,Yes,No,Yes,No,No internet service,Yes,No internet service,Yes,Two year,No,Mailed check,47.89,608.26,No
CUST-2331,Female,0,Yes,No,56,No,No,Fiber optic,No,No,No,No,No,No internet service,Two year,Yes,Electronic check,19.78,1035.1,Yes
CUST-2332,Female,0,Yes,No,36,Yes,No,DSL,Yes,No internet service,No,Yes,No,Yes,One year,Yes,Electronic check,40.37,1438.4,No
CUST-2333,Male,1,Yes,No,57,Yes,No phone service,Fiber optic,No,No,No,Yes,No internet service,Yes,Month-to-month,No,Credit card (automatic),46.58,2671.19,No
CUST-2334,Male,0,No,Yes,20,Yes,No,Fiber optic,No internet service,Yes,No,No internet service,Yes,No,Month-to-month,No,Bank transfer (automatic),62.83,1286.96,No
CUST-2335,Female,0,Yes,No,68,No,Yes,Fiber optic,Yes,Yes,No internet service,Yes,No internet service,No,Month-to-month,No,Electronic check,35.45,2430.17,Yes
CUST-2336,Female,0,No,Yes,2,Yes,Yes,No,No,No,No,No internet service,Yes,No,Month-to-month,Yes,Electronic check,106.01,124.27,Yes
CUST-2337,Female,0,Yes,Yes,36,Yes,No,Fiber optic,No,No,No,No internet service,Yes,No internet service,Month-to-month,Yes,Electronic check,89.09,3179.13,Yes
CUST-2338,Female,1,No,Yes,48,Yes,Yes,No,Yes,No,No,No,No,No,One year,No,Electronic check,26.81,1253.77,No
CUST-2339,Female,0,No,Yes,18,Yes,No,Fiber optic,Yes,Yes,No,No internet service,No,Yes,Month-to-month,No,Bank transfer (automatic),83.58,1438.93,Yes
CUST-2340,Male,0,Yes,No,11,Yes,No,Fiber optic,No internet service,No,Yes,No,No,Yes,Two year,Yes,Electronic check,83.94,881.54,Yes
CUST-2341,Female,0,No,No,60,Yes,No,Fiber optic,Yes,No,No,Yes,No,No internet service,Month-to-month,No,Mailed check,114.35,6861.06,Yes
CUST-2342,Male,0,Yes,Yes,40,Yes,Yes,DSL,Yes,Yes,No internet service,No,Yes,No,Two year,No,Bank transfer (automatic),18.55,812.69,No
CUST-2343,Male,0,Yes,No,32,Yes,Yes,DSL,No,No,No,No,Yes,No,Month-to-month,Yes,Electronic check,43.17,1333.79,No
CUST-2344,Female,1,Yes,Yes,49,Yes,No phone service,DSL,No internet service,No,No internet service,No,No,No,Month-to-month,Yes,Bank transfer (automatic),111.49,5406.57,Yes
CUST-2345,Male,0,No,No,67,Yes,Yes,Fiber optic,No,No,No internet service,No,No,Yes,Two year,No,Mailed check,111.93,7469.34,Yes
CUST-2346,Female,0,No,No,70,No,No phone service,DSL,No,No,No,No,No internet service,No internet service,One year,No,Electronic check,90.67,6363.77,Yes
CUST-2347,Female,0,No,No,32,Yes,Yes,No,Yes,No,Yes,No internet service,No internet service,No,Month-to-month,Yes,Mailed check,95.21,3107.91,Yes
CUST-2348,Male,0,No,Yes,23,No,No,Fiber optic,No,No,No,No internet service,Yes,Yes,Month-to-month,Yes,Electronic check,27.44,626.79,No
CUST-2349,Male,0,No,No,60,Yes,Yes,Fiber optic,No internet service,No,No,No internet service,Yes,No internet service,Month-to-month,Yes,Mailed check,69.89,4121.11,Yes
CUST-2350,Male,0,No,No,60,Yes,No,DSL,No,No,No,No,No,No,One year,Yes,Mailed check,41.52,2429.55,Yes
CUST-2351,Female,0,Yes,Yes,27,Yes,Yes,DSL,No,No,Yes,No,No,Yes,Two year,No,Electronic check,36.46,993.83,No
CUST-2352,Male,0,Yes,No,57,No,Yes,DSL,No,Yes,Yes,No internet service,No,No,Month-to-month,Yes,Bank transfer (automatic),99.69,5732.09,No
CUST-2353,Male,0,No,Yes,42,Yes,No,Fiber optic,No,No,No,No internet service,No internet service,No,Month-to-month,No,Bank transfer (automatic),31.82,1427.23,No
CUST-2354,Male,0,No,No,40,Yes,Yes,Fiber optic,No,No,No,No,No,No,Two year,No,Electronic check,65.35,2554.88,No
CUST-2355,Male,0,No,Yes,38,Yes,Yes,Fiber optic,No,Yes,No,No,Yes,No,Month-to-month,No,Electronic check,112.58,4285.03,Yes
CUST-2356,Male,0,No,Yes,48,Yes,No,Fiber optic,No,No,No,No,No internet service,No internet service,One year,Yes,Electronic check,36.93,1721.15,No
CUST-2357,Male,0,Yes,No,16,No,Yes,Fiber optic,No internet service,No,No,No,No,No,Month-to-month,Yes,Mailed check,116.54,1819.71,Yes
CUST-2358,Male,0,Yes,No,69,Yes,No phone service,DSL,No,Yes,No,Yes,No,No internet service,One year,No,Bank transfer (automatic),118.18,8105.25,Yes
CUST-2359,Male,1,No,No,69,Yes,Yes,Fiber optic,No,No internet service,No,No internet service,No internet service,No,Month-to-month,Yes,Mailed check,74.09,5095.5,Yes
CUST-2360,Female,0,No,Yes,64,Yes,No,Fiber optic,No internet service,No,Yes,No,Yes,No,Month-to-month,No,Bank transfer (automatic),35.35,2218.29,Yes
CUST-2361,Female,0,Yes,No,4,No,Yes,Fiber optic,No,Yes,No,No,Yes,No,Month-to-month,No,Mailed check,50.02,324.02,No
CUST-2362,Male,0,No,No,1,Yes,No,DSL,No,No internet service,Yes,Yes,Yes,No,One year,No,Mailed check,60.91,37.93,No
CUST-2363,Female,0,Yes,No,21,No,Yes,Fiber optic,No,No internet service,Yes,No,Yes,No,One year,Yes,Mailed check,49.34,1085.53,No
CUST-2364,Female,0,No,No,56,Yes,No,DSL,No internet service,Yes,No internet service,No,No,No,One year,No,Electronic check,46.45,2568.22,Yes
CUST-2365,Female,0,No,No,65,Yes,No,No,No internet service,Yes,Yes,No,No,No,One year,No,Credit card (automatic),115.96,7649.06,Yes
CUST-2366,Male,0,No,No,15,No,No,Fiber optic,No,No,No,No,No,No,Month-to-month,Yes,Credit card (automatic),33.66,521.85,No
CUST-2367,Female,0,No,Yes,50,Yes,No,No,Yes,No internet service,No,No,No,No,Month-to-month,Yes,Bank transfer (automatic),91.95,4639.35,Yes
CUST-2368,Female,0,Yes,No,38,Yes,No,Fiber optic,No,No,No internet service,No,No,No,Two year,Yes,Credit card (automatic),18.29,665.47,No
CUST-2369,Male,0,Yes,No,39,Yes,No,DSL,No,No internet service,No,Yes,No,No,Month-to-month,No,Bank transfer (automatic),78.17,3097.45,Yes
CUST-2370,Male,0,Yes,No,37,Yes,No,Fiber optic,No internet service,No,No,No,No,No internet service,Month-to-month,Yes,Credit card (automatic),110.3,4097.84,Yes
CUST-2371,Female,0,No,No,59,Yes,No,DSL,Yes,No internet service,No,No internet service,No internet service,No,Month-to-month,Yes,Mailed check,47.19,2765.26,Yes
CUST-2372,Female,0,Yes,No,58,No,Yes,No,Yes,Yes,No internet service,No internet service,Yes,No,Month-to-month,No,Bank transfer (automatic),36.9,2086.21,No
CUST-2373,Female,1,Yes,No,9,Yes,No,No,No,No internet service,Yes,No,No,No,Month-to-month,Yes,Electronic check,83.74,741.78,Yes
CUST-2374,Male,0,Yes,No,63,Yes,Yes,Fiber optic,Yes,Yes,No,No internet service,No,No,Two year,Yes,Mailed check,89.87,5645.65,Yes
CUST-2375,Male,0,Yes,No,62,Yes,Yes,Fiber optic,No,No,No internet service,No,Yes,No internet service,Two year,No,Bank transfer (automatic),87.4,5462.25,Yes
CUST-2376,Female,0,No,No,48,Yes,No phone service,Fiber optic,No,No internet service,No internet service,Yes,No,No,Two year,Yes,Credit card (automatic),50.34,2404.71,Yes
CUST-2377,Female,0,Yes,No,63,Yes,No phone service,No,Yes,No internet service,No,No,No internet service,No internet service,Two year,Yes,Electronic check,43.6,2650.72,No
CUST-2378,Male,0,No,Yes,31,Yes,Yes,DSL,No internet service,No internet service,Yes,No internet service,No,No,Two year,No,Credit card (automatic),114.32,3576.23,Yes
CUST-2379,Male,0,Yes,Yes,6,Yes,No,Fiber optic,Yes,No,No internet service,Yes,No internet service,No internet service,Month-to-month,No,Credit card (automatic),111.04,730.9,No
CUST-2380,Male,0,No,Yes,20,No,No,Fiber optic,Yes,No,Yes,No,No internet service,No,Month-to-month,No,Mailed check,64.21,1200.9,Yes
CUST-2381,Female,0,No,No,19,Yes,No phone service,No,No,Yes,No internet service,No,No,No,Two year,No,Electronic check,103.29,2052.75,Yes
CUST-2382,Female,0,No,No,25,Yes,Yes,No,No,No,No,No,No internet service,No internet service,Month-to-month,No,Mailed check,63.71,1662.58,Yes
CUST-2383,Male,0,Yes,No,67,Yes,No phone service,No,Yes,No internet service,Yes,No internet service,No,No internet service,Month-to-month,No,Mailed check,60.9,4048.76,Yes
CUST-2384,Male,0,No,Yes,14,Yes,No,Fiber optic,No,No,No,No,No internet service,Yes,Month-to-month,Yes,Mailed check,34.0,420.14,Yes
CUST-2385,Female,0,No,No,13,Yes,No,DSL,No,Yes,No,Yes,No internet service,No,Month-to-month,Yes,Credit card (automatic),61.1,846.95,No
CUST-2386,Female,1,Yes,No,26,Yes,Yes,Fiber optic,No internet service,Yes,Yes,No,No internet service,No,Month-to-month,Yes,Electronic check,72.26,1810.28,No
CUST-2387,Female,0,Yes,No,39,Yes,No,Fiber optic,Yes,No internet service,Yes,No internet service,No internet service,No internet service,Month-to-month,Yes,Electronic check,20.51,766.47,Yes
CUST-2388,Female,0,Yes,No,57,Yes,No,Fiber optic,No,Yes,No,No internet service,No,No internet service,Month-to-month,Yes,Electronic check,62.88,3518.4,Yes
CUST-2389,Female,0,No,No,27,Yes,No,DSL,No internet service,No internet service,No,No internet service,No,No internet service,Two year,Yes,Electronic check,96.78,2613.36,No
CUST-2390,Female,0,No,No,25,Yes,Yes,Fiber optic,No,Yes,Yes,Yes,No internet service,No internet service,One year,Yes,Credit card (automatic),86.59,2238.01,Yes
CUST-2391,Male,0,Yes,Yes,62,Yes,Yes,DSL,No internet service,No,No,Yes,No internet service,No,Two year,Yes,Bank transfer (automatic),82.08,5107.71,Yes
CUST-2392,Male,0,Yes,No,65,Yes,Yes,No,Yes,No,Yes,Yes,No,No,Month-to-month,No,Mailed check,109.66,7178.8,Yes
CUST-2393,Male,0,No,No,24,Yes,Yes,DSL,No internet service,Yes,No internet service,No,No,No,Month-to-month,Yes,Electronic check,20.06,463.85,No
CUST-2394,Female,0,Yes,No,2,Yes,Yes,Fiber optic,No,No internet service,No,No,No internet service,No,One year,No,Mailed check,74.23,153.33,No
CUST-2395,Female,0,No,No,71,No,No phone service,DSL,No internet service,No,Yes,No,No,No,Month-to-month,Yes,Credit card (automatic),97.38,6852.66,Yes
CUST-2396,Male,0,No,No,43,Yes,Yes,Fiber optic,Yes,No,No,Yes,No,No,One year,Yes,Electronic check,72.65,3119.11,Yes
CUST-2397,Female,0,No,Yes,41,Yes,No,No,Yes,No internet service,No,No internet service,No,No,Two year,Yes,Electronic check,50.8,2045.5,Yes
CUST-2398,Male,0,Yes,No,5,Yes,Yes,DSL,No,No,No,Yes,No internet service,No,One year,Yes,Electronic check,31.94,151.69,No
CUST-2399,Male,0,No,No,38,Yes,No,DSL,Yes,No,Yes,No internet service,No internet service,No,Two year,Yes,Credit card (automatic),107.45,4071.65,Yes
CUST-2400,Male,0,Yes,Yes,51,Yes,Yes,DSL,No internet service,No,No,No,Yes,No internet service,Month-to-month,No,Electronic check,65.56,3327.84,Yes
CUST-2401,Male,1,Yes,No,22,Yes,No,Fiber optic,No internet service,No,No,Yes,Yes,Yes,Month-to-month,No,Credit card (automatic),106.5,2448.38,No
CUST-2402,Male,0,No,No,49,No,Yes,Fiber optic,No,No,No,Yes,No,No internet service,One year,Yes,Electronic check,77.13,3867.75,Yes
CUST-2403,Female,0,No,No,42,No,Yes,DSL,No,No,No,No,No,No,Month-to-month,Yes,Bank transfer (automatic),86.01,3683.23,Yes
CUST-2404,Male,0,No,No,18,Yes,No,Fiber optic,No internet service,No,No internet service,No,No,No internet service,Month-to-month,No,Electronic check,99.08,1873.19,Yes
CUST-2405,Female,1,Yes,Yes,68,No,No,DSL,No,No,No,No,No,No,Month-to-month,Yes,Credit card (automatic),84.5,5816.97,Yes
CUST-2406,Female,0,No,No,50,Yes,Yes,No,Yes,No,No,No,Yes,Yes,Month-to-month,Yes,Electronic check,58.25,2911.38,Yes
CUST-2407,Male,0,Yes,Yes,10,Yes,No,No,No,Yes,No,No,No,No internet service,Month-to-month,Yes,Credit card (automatic),69.87,692.45,No
CUST-2408,Female,0,Yes,No,11,Yes,Yes,No,No,No,No internet service,Yes,No,No internet service,Month-to-month,Yes,Electronic check,98.96,1100.33,Yes
CUST-2409,Male,0,No,No,7,Yes,Yes,No,No,No,No,No,Yes,Yes,One year,No,Mailed check,55.8,380.07,No
CUST-2410,Female,0,No,Yes,23,Yes,Yes,Fiber optic,Yes,Yes,No internet service,Yes,No internet service,No,One year,Yes,Electronic check,57.26,1264.98,Yes
CUST-2411,Female,0,No,No,40,Yes,No phone service,Fiber optic,No,Yes,No internet service,No internet service,No internet service,No,One year,Yes,Electronic check,27.87,1129.63,Yes
CUST-2412,Female,0,No,No,35,Yes,No,Fiber optic,No,No,No internet service,No internet service,No,No,One year,Yes,Mailed check,110.17,3777.64,Yes
CUST-2413,Male,0,No,No,71,Yes,No,DSL,No,No internet service,No,Yes,Yes,No,Month-to-month,Yes,Electronic check,27.4,1952.28,Yes
CUST-2414,Female,0,Yes,Yes,54,Yes,No,DSL,No internet service,Yes,No,No internet service,No,No,Month-to-month,Yes,Mailed check,83.4,4453.86,Yes
CUST-2415,Male,0,No,No,8,Yes,Yes,DSL,No,No,No internet service,No,No,Yes,Month-to-month,Yes,Mailed check,59.78,474.19,Yes
CUST-2416,Female,0,Yes,No,46,Yes,No,Fiber optic,No,Yes,No internet service,No,No,No,Two year,Yes,Mailed check,59.01,2724.02,Yes
CUST-2417,Female,0,No,Yes,14,Yes,Yes,Fiber optic,No,No,Yes,No,No internet service,No,One year,Yes,Bank transfer (automatic),86.54,1193.92,No
CUST-2418,Female,0,No,No,47,Yes,Yes,DSL,Yes,No,Yes,Yes,Yes,No,Month-to-month,No,Bank transfer (automatic),24.99,1092.5,Yes
CUST-2419,Male,0,No,No,41,Yes,No phone service,DSL,No,No,No,Yes,Yes,No,Month-to-month,Yes,Credit card (automatic),77.92,3135.32,Yes
CUST-2420,Female,1,Yes,No,59,Yes,Yes,Fiber optic,Yes,No,No,No,No,No internet service,Two year,Yes,Electronic check,95.84,5677.47,Yes
CUST-2421,Female,1,Yes,No,69,Yes,No,DSL,No internet service,Yes,No,No internet service,No internet service,Yes,One year,No,Electronic check,101.49,6974.94,No
CUST-2422,Male,0,Yes,No,11,Yes,Yes,No,No,Yes,Yes,No,No,No,Two year,Yes,Electronic check,35.39,417.33,No
CUST-2423,Female,0,No,Yes,1,Yes,No,DSL,No,Yes,No,No,Yes,No,Month-to-month,No,Mailed check,108.44,108.93,No
CUST-2424,Male,1,No,No,6,Yes,No phone service,Fiber optic,Yes,No,No internet service,No internet service,No,Yes,Month-to-month,No,Mailed check,84.19,495.25,Yes
CUST-2425,Female,0,No,No,2,Yes,No,Fiber optic,No,No,Yes,No internet service,No,Yes,Two year,No,Credit card (automatic),106.88,231.14,No
CUST-2426,Female,0,Yes,No,2,Yes,No,DSL,Yes,No,No internet service,Yes,No,Yes,One year,Yes,Mailed check,67.02,100.3,Yes
CUST-2427,Male,0,No,No,26,Yes,No,Fiber optic,No,No,No internet service,Yes,No,No internet service,One year,Yes,Bank transfer (automatic),72.72,1910.74,Yes
CUST-2428,Female,0,No,No,39,Yes,Yes,Fiber optic,Yes,No,No,No,No,No,One year,Yes,Bank transfer (automatic),110.61,4292.81,Yes
CUST-2429,Male,1,Yes,Yes,32,Yes,Yes,No,Yes,No,No internet service,Yes,No,No,One year,Yes,Electronic check,108.69,3604.89,Yes
CUST-2430,Female,0,Yes,No,0,Yes,No,Fiber optic,No,No,No internet service,No,No,No,One year,Yes,Credit card (automatic),63.29, ,Yes
CUST-2431,Male,0,No,No,7,Yes,No,DSL,No,No internet service,Yes,Yes,No,No,Month-to-month,Yes,Bank transfer (automatic),45.83,302.95,No
CUST-2432,Male,0,No,Yes,31,Yes,No,DSL,No,No,No,No internet service,No,No internet service,Month-to-month,No,Mailed check,57.76,1774.71,Yes
CUST-2433,Male,0,Yes,No,47,Yes,Yes,DSL,No internet service,No,No internet service,No,No internet service,No,Two year,No,Mailed check,57.22,2621.75,No
CUST-2434,Female,0,No,No,3,No,Yes,DSL,No internet service,No,No,No,No internet service,No,Month-to-month,Yes,Mailed check,47.08,177.53,No
CUST-2435,Female,0,No,Yes,69,Yes,No phone service,Fiber optic,No,No,Yes,No,No internet service,No,Month-to-month,Yes,Electronic check,45.24,3100.12,Yes
CUST-2436,Male,0,No,No,18,Yes,Yes,No,Yes,No internet service,Yes,Yes,Yes,No,One year,No,Electronic check,104.79,1767.23,No
CUST-2437,Male,1,No,No,31,No,Yes,Fiber optic,No,Yes,No,No internet service,No internet service,No internet service,Two year,Yes,Electronic check,25.27,818.13,No
CUST-2438,Female,0,Yes,No,8,Yes,Yes,Fiber optic,No,Yes,Yes,No internet service,No,No internet service,Month-to-month,Yes,Mailed check,86.35,658.99,No
CUST-2439,Female,0,No,No,11,Yes,No,Fiber optic,No,Yes,Yes,No,No,No,Month-to-month,Yes,Credit card (automatic),35.62,386.57,Yes
CUST-2440,Female,0,No,Yes,10,Yes,No,No,No,Yes,No internet service,No,No internet service,No internet service,Two year,No,Bank transfer (automatic),52.87,562.54,No
CUST-2441,Female,0,No,No,45,Yes,Yes,DSL,No,No,Yes,Yes,No,No,Two year,Yes,Electronic check,24.44,1081.56,No
CUST-2442,Male,0,No,No,15,Yes,Yes,Fiber optic,Yes,No internet service,Yes,No,No,No internet service,One year,No,Bank transfer (automatic),45.38,662.06,Yes
CUST-2443,Male,0,No,No,0,Yes,No,No,Yes,No,No,Yes,No,Yes,Month-to-month,No,Electronic check,95.48, ,No
CUST-2444,Female,1,Yes,No,62,Yes,Yes,DSL,Yes,Yes,No internet service,Yes,Yes,No internet service,Month-to-month,Yes,Electronic check,107.19,6538.09,No
CUST-2445,Male,0,Yes,Yes,20,Yes,Yes,Fiber optic,No,No internet service,Yes,No internet service,No,No,One year,Yes,Bank transfer (automatic),40.51,745.9,No
CUST-2446,Male,0,No,No,29,Yes,No,No,No internet service,Yes,Yes,No internet service,No,No,Two year,Yes,Electronic check,64.84,1825.76,No
CUST-2447,Male,0,Yes,No,12,Yes,No,No,No,No,Yes,No,No,Yes,Two year,Yes,Bank transfer (automatic),65.52,875.69,No
CUST-2448,Female,0,No,No,33,Yes,Yes,DSL,Yes,No internet service,No,No,No,No,Month-to-month,Yes,Credit card (automatic),106.04,3467.09,Yes
CUST-2449,Female,0,No,No,3,Yes,No,Fiber optic,No,No internet service,No internet service,No,No,No,Month-to-month,No,Electronic check,94.91,296.74,Yes
CUST-2450,Female,0,Yes,No,27,Yes,No,Fiber optic,No,No,No,No,Yes,No,Month-to-month,No,Electronic check,69.81,1861.17,Yes
CUST-2451,Male,0,No,Yes,58,Yes,Yes,Fiber optic,No,No internet service,No,No,No,No internet service,Two year,Yes,Mailed check,85.66,4998.44,Yes
CUST-2452,Female,0,Yes,No,26,Yes,No phone service,Fiber optic,No,Yes,Yes,No,No,No internet service,One year,No,Electronic check,103.41,2688.02,Yes
CUST-2453,Female,0,Yes,No,68,Yes,No phone service,DSL,No internet service,No internet service,Yes,Yes,No,Yes,Month-to-month,Yes,Mailed check,19.21,1318.93,Yes
CUST-2454,Male,1,No,No,24,Yes,Yes,Fiber optic,No,No internet service,No,No,No,No internet service,Month-to-month,No,Bank transfer (automatic),58.74,1474.12,No
CUST-2455,Female,0,Yes,No,2,Yes,Yes,Fiber optic,No internet service,No,No,No,No,No,One year,No,Electronic check,109.43,240.87,No
CUST-2456,Male,1,Yes,Yes,67,No,Yes,No,Yes,No internet service,No,No,No,No,Month-to-month,No,Bank transfer (automatic),92.65,6170.8,Yes
CUST-2457,Male,1,No,No,24,Yes,Yes,DSL,Yes,No,No,No,No internet service,No internet service,Two year,No,Mailed check,72.81,1763.04,No
CUST-2458,Female,0,Yes,No,19,Yes,No,No,Yes,No,Yes,No,Yes,Yes,One year,No,Mailed check,71.48,1479.05,No
CUST-2459,Female,0,Yes,Yes,33,Yes,Yes,DSL,No,No,No,No,No,No,Month-to-month,Yes,Mailed check,53.2,1783.85,No
CUST-2460,Female,0,Yes,No,25,Yes,Yes,Fiber optic,Yes,No,No,No,No,Yes,Month-to-month,Yes,Credit card (automatic),70.56,1771.6,Yes
CUST-2461,Male,0,Yes,No,4,No,Yes,No,No internet service,No,No internet service,Yes,No internet service,Yes,Two year,Yes,Credit card (automatic),84.12,267.95,No
CUST-2462,Male,0,No,No,60,Yes,No,Fiber optic,No,No internet service,No internet service,No internet service,No internet service,No internet service,Month-to-month,No,Credit card (automatic),60.3,3654.22,No
CUST-2463,Female,0,Yes,No,8,Yes,Yes,DSL,Yes,Yes,No,No,Yes,No,Month-to-month,Yes,Electronic check,90.02,763.77,Yes
CUST-2464,Female,0,Yes,Yes,49,Yes,No,DSL,No,No,No,No,Yes,No internet service,Two year,Yes,Mailed check,104.8,5150.84,No
CUST-2465,Female,1,No,No,5,Yes,Yes,Fiber optic,No,No,No internet service,No,No,Yes,Two year,No,Bank transfer (automatic),33.8,174.7,No
CUST-2466,Male,0,Yes,No,59,Yes,Yes,Fiber optic,No,No,No,No internet service,No,Yes,Two year,Yes,Mailed check,63.63,3895.8,Yes
CUST-2467,Male,0,No,No,43,Yes,No phone service,No,No,Yes,Yes,No,No,No internet service,Month-to-month,No,Bank transfer (automatic),59.26,2590.95,Yes
CUST-2468,Male,0,Yes,No,10,Yes,No,No,Yes,No,No,No,Yes,No internet service,Month-to-month,Yes,Mailed check,87.34,935.4,Yes
CUST-2469,Male,1,No,No,65,Yes,Yes,No,No,No,No,No,No,No,Month-to-month,Yes,Bank transfer (automatic),43.36,2821.74,Yes
CUST-2470,Male,0,No,No,46,Yes,No,Fiber optic,Yes,No,No,No,No,Yes,Month-to-month,No,Electronic check,82.6,3793.02,Yes
CUST-2471,Male,0,No,Yes,72,Yes,Yes,No,No internet service,No,No,No,No,No,Two year,No,Mailed check,106.44,7695.28,Yes
CUST-2472,Female,1,Yes,Yes,2,Yes,Yes,DSL,No internet service,No internet service,No,Yes,Yes,No internet service,Month-to-month,Yes,Mailed check,60.27,113.91,No
CUST-2473,Female,1,Yes,No,29,Yes,No phone service,No,No,No internet service,No,No internet service,No,No,One year,Yes,Electronic check,109.81,3181.97,No
CUST-2474,Female,0,Yes,No,20,Yes,No,Fiber optic,Yes,No internet service,No,No internet service,No internet service,Yes,Month-to-month,Yes,Credit card (automatic),118.06,2384.36,Yes
CUST-2475,Male,1,No,No,27,Yes,Yes,No,No,No,No internet service,No,No,No,Month-to-month,No,Electronic check,28.91,754.93,Yes
CUST-2476,Male,0,No,No,61,Yes,No,DSL,Yes,No,No,No,No,No,Two year,Yes,Electronic check,41.67,2552.89,Yes
CUST-2477,Female,0,Yes,No,32,Yes,Yes,Fiber optic,No internet service,Yes,No,No,No internet service,No internet service,Month-to-month,Yes,Bank transfer (automatic),113.76,3644.32,Yes
CUST-2478,Male,0,No,No,34,Yes,Yes,Fiber optic,No,No,No,No internet service,No,No internet service,Month-to-month,No,Electronic check,114.56,3943.39,Yes
CUST-2479,Male,0,Yes,No,51,Yes,No,No,No internet service,No internet service,No internet service,No,No,No,Month-to-month,Yes,Mailed check,28.07,1401.0,No
CUST-2480,Male,0,No,Yes,33,Yes,Yes,Fiber optic,No,No,No internet service,No internet service,No internet service,Yes,Month-to-month,Yes,Credit card (automatic),19.76,552.08,Yes
CUST-2481,Female,0,No,No,40,Yes,Yes,Fiber optic,No,No internet service,No,Yes,Yes,No internet service,Month-to-month,Yes,Credit card (automatic),34.44,1362.07,Yes
CUST-2482,Female,1,Yes,Yes,50,Yes,No,Fiber optic,No,No,No internet service,Yes,No,No,Month-to-month,Yes,Electronic check,118.35,5937.36,Yes
CUST-2483,Female,0,Yes,Yes,46,Yes,No,Fiber optic,No,No internet service,No internet service,No internet service,No,No,One year,Yes,Electronic check,36.34,1719.85,Yes
CUST-2484,Male,0,Yes,Yes,57,Yes,No,DSL,No internet service,No,Yes,No,No,Yes,Two year,No,Bank transfer (automatic),68.76,3884.68,No
CUST-2485,Female,0,No,No,56,Yes,Yes,DSL,Yes,No,No internet service,No,Yes,No,Month-to-month,Yes,Credit card (automatic),103.52,5824.22,Yes
CUST-2486,Male,0,Yes,No,22,Yes,Yes,DSL,Yes,No internet service,No internet service,No,Yes,No,Month-to-month,Yes,Electronic check,20.3,503.36,No
CUST-2487,Female,0,Yes,No,47,No,Yes,Fiber optic,Yes,No,No internet service,Yes,No,No,One year,No,Credit card (automatic),79.0,3750.56,Yes
CUST-2488,Female,0,Yes,No,21,Yes,Yes,No,No internet service,No,No,No internet service,No internet service,No,Month-to-month,Yes,Electronic check,46.09,928.36,No
CUST-2489,Female,1,No,No,16,Yes,No,No,Yes,Yes,No,Yes,No internet service,No,One year,Yes,Bank transfer (automatic),104.91,1644.4,Yes
CUST-2490,Male,0,Yes,Yes,68,Yes,Yes,DSL,No,Yes,No,Yes,No,No,One year,No,Electronic check,46.74,3200.07,No
CUST-2491,Male,0,No,No,10,Yes,Yes,DSL,No,Yes,No internet service,No,No,No,Month-to-month,Yes,Electronic check,87.27,953.97,Yes
CUST-2492,Male,0,Yes,Yes,14,No,No,DSL,No,No,No,No,No internet service,No internet service,Two year,Yes,Mailed check,86.01,1204.85,No
CUST-2493,Male,0,Yes,Yes,34,Yes,No,DSL,Yes,No,No internet service,No internet service,No,No,Two year,No,Bank transfer (automatic),40.51,1369.07,No
CUST-2494,Male,0,Yes,Yes,32,Yes,No,DSL,No,No,No,No,Yes,No internet service,Two year,No,Credit card (automatic),21.75,627.52,No
CUST-2495,Male,0,No,No,15,Yes,Yes,Fiber optic,No internet service,Yes,No internet service,No,Yes,No,Month-to-month,No,Credit card (automatic),59.38,872.49,No
CUST-2496,Female,1,No,Yes,33,Yes,Yes,Fiber optic,Yes,Yes,No,No,No,No internet service,One year,Yes,Mailed check,47.31,1525.47,Yes
CUST-2497,Male,0,Yes,No,65,Yes,No,Fiber optic,No,No,No internet service,No,No,No,Two year,No,Mailed check,99.55,6472.11,Yes
CUST-2498,Female,0,No,No,39,Yes,Yes,Fiber optic,Yes,Yes,No,No,No,No,Month-to-month,Yes,Bank transfer (automatic),98.69,3773.27,Yes
CUST-2499,Female,0,No,No,27,Yes,No,DSL,Yes,No,No internet service,No,No,Yes,Two year,No,Electronic check,64.18,1716.43,Yes
CUST-2500,Female,0,Yes,Yes,46,Yes,Yes,Fiber optic,Yes,No internet service,No,Yes,Yes,No,Month-to-month,Yes,Mailed check,79.2,3592.75,Yes
CUST-2501,Female,1,No,No,38,Yes,No,No,No,No,No internet service,No,No internet service,No,Month-to-month,Yes,Bank transfer (automatic),78.98,3048.25,Yes
CUST-2502,Female,1,Yes,No,69,Yes,No,Fiber optic,No,No,No,No internet service,No,No internet service,One year,Yes,Credit card (automatic),101.38,6952.26,Yes
CUST-2503,Male,0,No,Yes,72,Yes,No phone service,DSL,No,No,No internet service,No,No,No internet service,Two year,No,Credit card (automatic),60.96,4360.5,Yes
CUST-2504,Male,0,No,No,19,Yes,No,DSL,No,No,Yes,No,No,No internet service,Two year,No,Electronic check,45.93,886.78,No
CUST-2505,Female,0,Yes,Yes,0,No,No,DSL,No,No,No internet service,No,No internet service,Yes,Two year,Yes,Bank transfer (automatic),44.89, ,No
CUST-2506,Male,0,No,No,71,No,No,Fiber optic,No,No,No,No,No,No,Month-to-month,No,Electronic check,72.14,5239.91,Yes
CUST-2507,Male,1,Yes,Yes,62,Yes,No phone service,DSL,No,No internet service,No,Yes,No,No,Month-to-month,No,Mailed check,63.39,3976.71,Yes
CUST-2508,Male,0,Yes,No,66,Yes,No,Fiber optic,No,No,Yes,No,No,Yes,Two year,No,Bank transfer (automatic),62.48,4124.54,Yes
CUST-2509,Female,0,Yes,No,3,No,No,DSL,No,No,No,No,No internet service,No,Month-to-month,No,Mailed check,27.41,100.64,No
CUST-2510,Male,1,No,No,57,Yes,Yes,Fiber optic,Yes,No,No,No internet service,No internet service,No,One year,No,Bank transfer (automatic),90.47,5039.02,No
CUST-2511,Female,0,Yes,Yes,24,Yes,Yes,DSL,No,Yes,No,No,Yes,No internet service,Month-to-month,Yes,Credit card (automatic),39.73,1015.11,Yes
CUST-2512,Female,1,Yes,No,46,Yes,No,Fiber optic,No,No,No internet service,No,No,No,Month-to-month,Yes,Mailed check,38.04,1775.43,No
CUST-2513,Female,0,No,No,37,Yes,No phone service,DSL,No,No,Yes,Yes,Yes,No internet service,Month-to-month,No,Bank transfer (automatic),59.73,2206.35,No
CUST-2514,Male,0,No,No,14,Yes,No phone service,DSL,Yes,Yes,No,No,Yes,Yes,Month-to-month,Yes,Electronic check,41.14,604.25,No
CUST-2515,Female,0,Yes,Yes,62,Yes,Yes,No,Yes,No,No,No internet service,No,Yes,Two year,No,Credit card (automatic),76.93,4804.05,Yes
CUST-2516,Male,0,No,Yes,20,Yes,No,Fiber optic,No,Yes,Yes,No,No internet service,No,One year,Yes,Bank transfer (automatic),55.58,1090.78,No
CUST-2517,Male,0,Yes,No,56,Yes,No,DSL,No internet service,No internet service,No,Yes,No,No,One year,No,Bank transfer (automatic),63.37,3567.73,Yes
CUST-2518,Female,0,No,No,52,Yes,Yes,Fiber optic,Yes,No,No,Yes,No internet service,No,Month-to-month,Yes,Credit card (automatic),72.24,3808.92,Yes
CUST-2519,Female,0,No,No,45,Yes,Yes,Fiber optic,No,No,No,Yes,Yes,No internet service,Month-to-month,No,Mailed check,38.71,1764.69,No
CUST-2520,Female,1,No,No,13,Yes,Yes,Fiber optic,No internet service,No,No,No,No,No,Month-to-month,No,Mailed check,33.9,428.07,No
CUST-2521,Female,0,No,No,16,Yes,No,Fiber optic,No,No,Yes,Yes,No,Yes,Month-to-month,Yes,Mailed check,106.73,1722.51,Yes
CUST-2522,Male,0,No,No,38,Yes,Yes,No,No,Yes,No,Yes,No,No,Month-to-month,No,Mailed check,61.84,2419.03,Yes
CUST-2523,Female,0,Yes,No,8,Yes,Yes,DSL,Yes,Yes,Yes,No,No internet service,No,Month-to-month,Yes,Electronic check,59.67,516.56,Yes
CUST-2524,Male,0,No,No,5,Yes,Yes,Fiber optic,No,No internet service,Yes,Yes,No,Yes,Month-to-month,Yes,Mailed check,21.83,51.0,No
CUST-2525,Female,0,No,Yes,22,Yes,Yes,DSL,Yes,No,No,Yes,No,Yes,Month-to-month,No,Electronic check,68.3,1531.93,Yes
CUST-2526,Female,1,Yes,No,58,Yes,No,Fiber optic,No,No,No,No,No,No,Month-to-month,No,Mailed check,73.94,4311.23,Yes
CUST-2527,Male,1,No,No,45,No,No,No,No,Yes,Yes,No,No,No internet service,One year,No,Electronic check,74.41,3406.66,No
CUST-2528,Male,0,Yes,No,37,Yes,Yes,No,No internet service,No internet service,No internet service,No internet service,Yes,No internet service,Month-to-month,No,Credit card (automatic),89.31,3306.11,Yes
CUST-2529,Male,0,Yes,No,13,Yes,Yes,No,No internet service,No,Yes,No,No,No internet service,Month-to-month,Yes,Electronic check,36.09,450.7,No
CUST-2530,Male,0,No,Yes,71,Yes,No,No,Yes,Yes,No internet service,No,No,Yes,Two year,Yes,Bank transfer (automatic),43.6,3027.19,No
CUST-2531,Female,0,Yes,No,61,Yes,No,Fiber optic,No internet service,No,No,No,No,No internet service,Month-to-month,Yes,Bank transfer (automatic),99.73,6048.8,Yes
CUST-2532,Female,0,Yes,No,34,No,No,Fiber optic,No,No,No,No,No,No,Two year,No,Electronic check,113.44,3917.36,Yes
CUST-2533,Female,0,Yes,No,18,Yes,Yes,No,Yes,Yes,No,No,Yes,No internet service,Month-to-month,Yes,Mailed check,31.91,584.28,Yes
CUST-2534,Male,0,No,No,29,Yes,No,DSL,Yes,No,Yes,No internet service,No internet service,No,Two year,Yes,Credit card (automatic),68.26,1974.55,Yes
CUST-2535,Female,0,No,No,24,Yes,No,Fiber optic,No,No,No,No,No internet service,No,Month-to-month,Yes,Credit card (automatic),39.77,1019.26,No
CUST-2536,Male,0,No,No,39,Yes,No,Fiber optic,No internet service,Yes,No,Yes,No,No,One year,No,Electronic check,24.29,1001.79,Yes
CUST-2537,Male,1,No,Yes,13,Yes,Yes,No,Yes,No,No,No,No,Yes,Month-to-month,No,Mailed check,50.96,625.69,No
CUST-2538,Female,1,No,No,25,Yes,Yes,No,No,No,No internet service,No,No,No,One year,No,Bank transfer (automatic),32.69,877.3,No
CUST-2539,Male,0,Yes,No,21,Yes,No,No,No,No,No,No,No internet service,Yes,Month-to-month,No,Credit card (automatic),89.6,1798.67,No
CUST-2540,Male,0,Yes,No,47,Yes,No phone service,No,No internet service,No,Yes,No,No internet service,No,Month-to-month,Yes,Electronic check,71.89,3401.81,No
CUST-2541,Male,0,Yes,Yes,50,No,Yes,Fiber optic,Yes,Yes,No,No,Yes,No,Two year,No,Electronic check,32.71,1652.57,No
CUST-2542,Male,0,Yes,No,2,Yes,No,DSL,No internet service,No internet service,Yes,No,Yes,No,Month-to-month,Yes,Electronic check,19.18,95.85,No
CUST-2543,Male,0,No,No,41,Yes,Yes,DSL,Yes,No,No internet service,No,Yes,No,Two year,Yes,Bank transfer (automatic),99.47,4097.32,No
CUST-2544,Male,0,No,No,18,Yes,No,Fiber optic,No internet service,Yes,No internet service,Yes,No,No,Month-to-month,No,Electronic check,35.96,635.05,Yes
CUST-2545,Female,0,No,No,72,Yes,No,Fiber optic,No,No,No,No,No,No internet service,Month-to-month,No,Mailed check,79.17,5691.96,Yes
CUST-2546,Male,1,No,No,27,Yes,No,Fiber optic,No,No internet service,No internet service,Yes,No,Yes,One year,Yes,Credit card (automatic),52.11,1541.63,No
CUST-2547,Female,0,Yes,No,44,Yes,No,Fiber optic,No internet service,No,No,No,No internet service,No internet service,Month-to-month,Yes,Credit card (automatic),77.09,3396.09,Yes
CUST-2548,Male,0,Yes,No,70,Yes,No phone service,No,No internet service,No,No,No,Yes,No,Month-to-month,No,Mailed check,49.97,3527.75,Yes
CUST-2549,Female,1,No,No,62,Yes,Yes,Fiber optic,No,No,No internet service,Yes,No,No,One year,Yes,Credit card (automatic),26.99,1572.32,Yes
CUST-2550,Female,0,Yes,No,72,Yes,No,No,No,No,No internet service,No,No,Yes,Two year,Yes,Electronic check,40.66,2886.15,Yes
CUST-2551,Female,1,No,Yes,18,Yes,No,No,No,Yes,No,No internet service,No,No,Two year,No,Mailed check,37.15,694.64,No
CUST-2552,Male,0,No,No,46,No,Yes,Fiber optic,No,No,No internet service,No,No,Yes,Month-to-month,No,Bank transfer (automatic),61.27,2737.69,Yes
CUST-2553,Female,0,No,No,13,Yes,No,Fiber optic,No,No,No,Yes,No,No,Month-to-month,Yes,Mailed check,84.41,1124.8,Yes
CUST-2554,Female,0,No,No,37,Yes,No,Fiber optic,No,No internet service,No,No,No,No,Month-to-month,Yes,Mailed check,44.76,1619.86,No
CUST-2555,Female,0,Yes,Yes,52,Yes,No,Fiber optic,No,Yes,No,No internet service,No internet service,No internet service,Month-to-month,No,Credit card (automatic),19.46,960.23,Yes
CUST-2556,Female,1,No,Yes,60,Yes,No,DSL,No,No,No,No internet service,No,No,One year,Yes,Electronic check,70.4,4187.56,Yes
CUST-2557,Female,0,No,Yes,35,Yes,Yes,DSL,No,No,No,No internet service,No,No,Month-to-month,No,Credit card (automatic),79.13,2845.93,Yes
CUST-2558,Male,1,No,No,39,Yes,No,DSL,No internet service,No,No,No,No internet service,No internet service,Month-to-month,Yes,Electronic check,115.02,4502.45,Yes
CUST-2559,Male,0,No,Yes,29,Yes,Yes,DSL,No,No internet service,Yes,No,No,No internet service,Month-to-month,Yes,Credit card (automatic),77.49,2201.69,Yes
CUST-2560,Male,0,No,No,8,Yes,No,DSL,No,No,No,No,No internet service,No internet service,One year,No,Electronic check,65.6,563.57,No
CUST-2561,Female,0,Yes,No,63,Yes,No,DSL,No,Yes,No internet service,Yes,No,No,Two year,No,Electronic check,75.88,4821.93,Yes
CUST-2562,Female,0,Yes,No,32,Yes,No,Fiber optic,Yes,No,No,No internet service,Yes,No,One year,Yes,Mailed check,111.5,3548.93,Yes
CUST-2563,Male,0,Yes,Yes,51,Yes,No phone service,No,No internet service,No,No internet service,No,No,No internet service,Month-to-month,Yes,Electronic check,101.5,5224.46,Yes
CUST-2564,Female,0,No,No,13,Yes,No,Fiber optic,Yes,No internet service,No,No internet service,No,Yes,Two year,Yes,Electronic check,50.71,709.57,No
CUST-2565,Female,0,Yes,No,52,Yes,No,No,Yes,Yes,No,Yes,No,Yes,One year,Yes,Credit card (automatic),42.09,2231.25,No
CUST-2566,Female,1,Yes,Yes,58,Yes,No,No,Yes,No,No,Yes,No,No,Month-to-month,No,Mailed check,44.64,2555.43,No
CUST-2567,Female,0,No,No,40,Yes,No,Fiber optic,No,No,Yes,Yes,Yes,No,Month-to-month,Yes,Electronic check,68.94,2698.65,No
CUST-2568,Female,0,No,No,67,Yes,No,Fiber optic,No,No,No,No,No,No,Month-to-month,Yes,Mailed check,93.03,6148.37,Yes
CUST-2569,Female,0,Yes,No,67,Yes,Yes,DSL,No internet service,No,No internet service,No,No,No,Month-to-month,Yes,Mailed check,68.82,4578.16,Yes
CUST-2570,Male,0,Yes,Yes,7,Yes,No,No,No,No,No internet service,No internet service,No,No internet service,Two year,No,Bank transfer (automatic),25.06,157.03,No
CUST-2571,Female,1,Yes,No,1,Yes,Yes,No,No internet service,No,No internet service,Yes,No,No internet service,Month-to-month,Yes,Credit card (automatic),90.97,76.65,No
CUST-2572,Female,0,Yes,No,40,Yes,No,Fiber optic,Yes,No,No internet service,No,No,No,Month-to-month,Yes,Credit card (automatic),99.25,3967.64,Yes
CUST-2573,Male,1,No,Yes,54,Yes,No,DSL,No,No internet service,No,No,No internet service,Yes,Two year,Yes,Bank transfer (automatic),47.34,2643.01,No
CUST-2574,Male,0,No,Yes,15,Yes,Yes,No,No,No internet service,Yes,No,Yes,No,Two year,Yes,Electronic check,84.99,1257.87,No
CUST-2575,Male,1,Yes,Yes,61,Yes,No,DSL,No,No,No internet service,No internet service,No,No,One year,Yes,Electronic check,61.12,3725.88,Yes
CUST-2576,Male,0,Yes,No,47,Yes,No,DSL,No internet service,No internet service,No,No internet service,Yes,No,Month-to-month,Yes,Credit card (automatic),107.61,4966.79,Yes
CUST-2577,Male,1,Yes,No,29,Yes,No,No,No,Yes,No,Yes,Yes,No internet service,Month-to-month,Yes,Electronic check,103.2,3104.2,Yes
CUST-2578,Male,0,Yes,Yes,11,Yes,Yes,Fiber optic,Yes,No internet service,Yes,No,No,No,Month-to-month,Yes,Electronic check,71.06,715.86,No
CUST-2579,Male,0,No,Yes,34,Yes,No,Fiber optic,Yes,No internet service,No,No,No internet service,No internet service,Month-to-month,Yes,Mailed check,87.75,2948.16,Yes
CUST-2580,Female,0,No,No,10,Yes,No,No,No internet service,Yes,No internet service,No,Yes,No,Month-to-month,Yes,Mailed check,107.03,1105.09,Yes
CUST-2581,Male,0,Yes,No,63,Yes,Yes,Fiber optic,Yes,No,No,No,No,No,One year,Yes,Mailed check,68.07,4300.72,Yes
CUST-2582,Male,0,No,Yes,49,Yes,Yes,Fiber optic,No internet service,No internet service,No,Yes,No,No,Month-to-month,Yes,Credit card (automatic),49.73,2518.93,Yes
CUST-2583,Male,0,Yes,No,20,No,Yes,DSL,Yes,No,No,Yes,No,No,Month-to-month,Yes,Mailed check,93.99,1915.8,Yes
CUST-2584,Male,0,Yes,Yes,68,Yes,Yes,DSL,No internet service,No internet service,Yes,No,No,No,Month-to-month,Yes,Electronic check,40.37,2741.1,No
CUST-2585,Female,0,Yes,No,47,Yes,No,No,No internet service,No,Yes,No internet service,No internet service,No,One year,Yes,Electronic check,57.3,2745.3,Yes
CUST-2586,Female,0,No,Yes,19,No,No,Fiber optic,Yes,No,No,No internet service,No,Yes,One year,No,Credit card (automatic),105.26,2058.01,Yes
CUST-2587,Female,1,No,Yes,66,Yes,No,DSL,No internet service,No internet service,No,No internet service,No internet service,No,One year,Yes,Credit card (automatic),91.05,5976.29,Yes
CUST-2588,Female,1,Yes,No,43,Yes,Yes,DSL,No,No internet service,No,No internet service,No,Yes,Month-to-month,Yes,Mailed check,58.83,2577.84,Yes
CUST-2589,Male,1,No,Yes,32,Yes,Yes,Fiber optic,Yes,Yes,Yes,Yes,No,No internet service,Month-to-month,No,Mailed check,39.83,1263.45,Yes
CUST-2590,Female,0,No,No,72,Yes,No,Fiber optic,Yes,Yes,No internet service,No,No internet service,No,Month-to-month,Yes,Credit card (automatic),54.02,3884.27,Yes
CUST-2591,Male,1,Yes,Yes,60,No,No,Fiber optic,No internet service,No,Yes,Yes,No,No,Month-to-month,Yes,Bank transfer (automatic),46.8,2815.15,No
CUST-2592,Female,0,No,No,8,Yes,No,Fiber optic,Yes,No,No,No,No,No,Two year,Yes,Electronic check,35.95,268.56,No
CUST-2593,Female,1,Yes,Yes,67,Yes,Yes,DSL,No,No internet service,No internet service,Yes,No,No,Two year,No,Bank transfer (automatic),92.95,6205.92,Yes
CUST-2594,Male,0,Yes,No,34,Yes,No,Fiber optic,No internet service,Yes,No internet service,No,Yes,No,One year,Yes,Bank transfer (automatic),43.58,1530.96,No
CUST-2595,Male,1,No,No,64,Yes,No,No,No,No,Yes,No,No,No,Two year,Yes,Electronic check,63.89,4012.51,Yes
CUST-2596,Female,0,Yes,No,7,Yes,No,DSL,No,No internet service,No,No internet service,No internet service,No internet service,One year,Yes,Mailed check,57.03,346.13,No
CUST-2597,Female,0,No,No,44,No,Yes,Fiber optic,No internet service,No internet service,No,No,No internet service,No,Month-to-month,No,Electronic check,116.95,5179.54,Yes
CUST-2598,Female,0,No,No,46,Yes,No phone service,Fiber optic,No,No internet service,No internet service,No,No,No,Two year,Yes,Electronic check,57.55,2643.66,Yes
CUST-2599,Female,0,Yes,No,39,Yes,Yes,Fiber optic,No,Yes,No,Yes,No,No internet service,Month-to-month,Yes,Electronic check,26.29,1074.89,No
CUST-2600,Female,0,No,No,53,No,No,DSL,No,No,No,No,No,No,One year,Yes,Mailed check,27.28,1463.74,Yes
CUST-2601,Male,0,Yes,Yes,45,Yes,No,No,No internet service,No,No,Yes,No,No,Month-to-month,Yes,Mailed check,77.62,3426.21,Yes
CUST-2602,Female,0,No,No,46,No,Yes,Fiber optic,No,No internet service,Yes,No internet service,Yes,Yes,Month-to-month,Yes,Bank transfer (automatic),78.49,3613.68,Yes
CUST-2603,Female,0,No,No,14,No,Yes,No,No,No,Yes,No internet service,No,Yes,One year,No,Bank transfer (automatic),60.34,871.49,No
CUST-2604,Female,0,No,Yes,18,No,No phone service,DSL,No,Yes,Yes,No,No internet service,No,Month-to-month,No,Electronic check,61.65,1121.4,Yes
CUST-2605,Male,0,Yes,Yes,25,Yes,Yes,Fiber optic,No,No,No internet service,No,No,No internet service,Month-to-month,No,Credit card (automatic),23.67,568.34,No
CUST-2606,Female,0,No,No,51,Yes,Yes,No,No internet service,No internet service,Yes,No,No,No internet service,Month-to-month,Yes,Mailed check,70.16,3564.46,No
CUST-2607,Male,0,Yes,No,21,Yes,No phone service,Fiber optic,No,Yes,No,No,No,No internet service,Month-to-month,Yes,Electronic check,68.98,1420.58,Yes
CUST-2608,Male,0,No,Yes,20,No,No,Fiber optic,No internet service,No,Yes,No,No,Yes,Two year,Yes,Electronic check,33.28,599.34,No
CUST-2609,Male,0,No,No,50,Yes,No,Fiber optic,No internet service,No internet service,No internet service,No,No,No internet service,Two year,No,Credit card (automatic),28.69,1361.36,No
CUST-2610,Female,1,Yes,No,37,No,Yes,DSL,No internet service,Yes,No,No internet service,No,No,Month-to-month,No,Credit card (automatic),30.67,1154.29,No
CUST-2611,Male,0,No,No,19,No,Yes,Fiber optic,Yes,No,No,No,No,No,Month-to-month,Yes,Credit card (automatic),28.4,496.03,No
CUST-2612,Female,0,No,No,28,Yes,No,DSL,Yes,Yes,No internet service,No,Yes,No,Two year,No,Bank transfer (automatic),79.53,2255.62,No
CUST-2613,Female,0,Yes,No,50,Yes,No phone service,DSL,No,Yes,No internet service,No,No,Yes,Month-to-month,Yes,Credit card (automatic),38.0,1870.25,Yes
CUST-2614,Female,0,Yes,No,3,Yes,Yes,Fiber optic,No,No,Yes,No internet service,No,Yes,Month-to-month,Yes,Mailed check,43.52,64.9,No
CUST-2615,Female,0,Yes,No,54,Yes,No,DSL,No,Yes,No,Yes,No,Yes,Month-to-month,No,Electronic check,35.69,1906.86,Yes
CUST-2616,Male,1,No,No,70,Yes,Yes,No,Yes,No internet service,No internet service,Yes,Yes,No,Two year,No,Bank transfer (automatic),114.51,8120.42,Yes
CUST-2617,Male,0,Yes,No,27,No,No,No,No,No internet service,Yes,No,No internet service,No,Month-to-month,Yes,Electronic check,104.14,2807.0,Yes
CUST-2618,Female,1,Yes,No,3,Yes,No,Fiber optic,No,No,No,No,No internet service,No internet service,Month-to-month,Yes,Electronic check,41.41,156.52,No
CUST-2619,Female,0,No,Yes,21,Yes,Yes,No,No,No,Yes,No,No internet service,No,Month-to-month,Yes,Bank transfer (automatic),51.17,1083.01,No
CUST-2620,Male,0,Yes,No,44,Yes,Yes,No,No internet service,No internet service,Yes,No,No,No internet service,Month-to-month,No,Electronic check,39.34,1660.7,Yes
CUST-2621,Male,1,No,No,66,Yes,Yes,DSL,No internet service,No,No internet service,No,Yes,No,One year,Yes,Bank transfer (automatic),67.68,4539.33,Yes
CUST-2622,Female,0,No,No,65,Yes,No,No,No internet service,Yes,No,No internet service,No,No,Month-to-month,No,Electronic check,20.22,1301.91,Yes
CUST-2623,Female,0,No,No,33,Yes,No,DSL,Yes,No,Yes,No,Yes,Yes,Month-to-month,Yes,Electronic check,85.72,2763.23,Yes
CUST-2624,Male,1,Yes,No,54,Yes,No,Fiber optic,No,No,No,Yes,No,No,Month-to-month,Yes,Electronic check,70.83,3799.21,Yes
CUST-2625,Female,1,Yes,No,0,Yes,No,Fiber optic,Yes,No,No internet service,Yes,Yes,No,Month-to-month,Yes,Credit card (automatic),108.56, ,Yes
CUST-2626,Male,0,Yes,No,71,No,Yes,Fiber optic,No internet service,No,No,No,Yes,No internet service,Two year,Yes,Electronic check,34.77,2506.14,No
CUST-2627,Female,0,Yes,No,37,No,No,DSL,No,No internet service,No internet service,No internet service,Yes,No,Two year,No,Mailed check,99.06,3631.18,No
CUST-2628,Female,0,Yes,No,5,Yes,Yes,DSL,No internet service,No,No,No,No,No,Month-to-month,No,Credit card (automatic),97.84,620.22,No
CUST-2629,Female,0,No,No,24,Yes,Yes,Fiber optic,No,No,No,No,No internet service,Yes,Month-to-month,Yes,Electronic check,31.03,697.86,Yes
CUST-2630,Female,0,Yes,Yes,16,Yes,Yes,Fiber optic,No,No,Yes,No,No,No,Month-to-month,No,Electronic check,58.31,963.56,No
CUST-2631,Female,0,No,No,60,Yes,No,Fiber optic,Yes,Yes,Yes,Yes,No,No,One year,Yes,Mailed check,35.35,2022.3,Yes
CUST-2632,Female,1,No,No,11,Yes,Yes,Fiber optic,No,No,No,No,Yes,No,One year,Yes,Electronic check,43.85,476.17,Yes
CUST-2633,Female,0,Yes,Yes,5,Yes,No,DSL,No,Yes,No,No,No internet service,No,Month-to-month,No,Electronic check,44.71,241.91,No
CUST-2634,Female,0,Yes,No,26,Yes,No,DSL,Yes,No,No,Yes,No internet service,Yes,One year,Yes,Electronic check,74.15,1871.92,Yes
CUST-2635,Male,0,Yes,No,7,No,No,Fiber optic,Yes,Yes,Yes,No,No,No internet service,One year,No,Electronic check,59.6,492.15,No
CUST-2636,Female,0,No,Yes,64,Yes,Yes,Fiber optic,No internet service,No internet service,No,No,No,No,Two year,Yes,Bank transfer (automatic),113.5,7285.72,Yes
CUST-2637,Male,0,No,No,56,Yes,No,DSL,No,No,No,No internet service,No internet service,No,Month-to-month,Yes,Bank transfer (automatic),30.95,1717.32,Yes
CUST-2638,Male,0,No,No,39,Yes,No phone service,DSL,No internet service,No,No internet service,No,No,No,Month-to-month,No,Credit card (automatic),116.11,4549.47,Yes
CUST-2639,Female,0,No,Yes,13,Yes,Yes,DSL,No,Yes,No,No,No,No,Month-to-month,Yes,Credit card (automatic),41.43,508.92,Yes
CUST-2640,Female,0,Yes,Yes,34,No,Yes,DSL,Yes,Yes,No,No internet service,No,No,Two year,Yes,Electronic check,95.92,3323.85,No
CUST-2641,Male,0,No,No,47,Yes,No phone service,Fiber optic,Yes,No,No,No internet service,No,No,Two year,Yes,Bank transfer (automatic),52.32,2509.8,Yes
CUST-2642,Female,0,No,No,55,Yes,No,Fiber optic,No,No,No internet service,No,No,No,One year,No,Credit card (automatic),32.63,1813.32,Yes
CUST-2643,Male,0,Yes,Yes,48,Yes,No,Fiber optic,No,No,Yes,No,No internet service,No,Month-to-month,Yes,Bank transfer (automatic),104.47,5045.14,Yes
CUST-2644,Male,0,No,No,12,Yes,No,No,No internet service,No internet service,No,No,No internet service,No,Month-to-month,Yes,Credit card (automatic),49.29,517.62,No
CUST-2645,Male,0,Yes,No,60,Yes,Yes,DSL,No,No internet service,No,No,No,Yes,Month-to-month,No,Credit card (automatic),84.46,5140.95,Yes
CUST-2646,Male,1,No,No,48,Yes,No,Fiber optic,No,No,No,Yes,No internet service,No,One year,No,Electronic check,75.18,3603.67,No
CUST-2647,Male,0,Yes,No,45,Yes,No,Fiber optic,No internet service,No,Yes,Yes,No,No,Month-to-month,Yes,Credit card (automatic),65.66,3005.95,Yes
CUST-2648,Female,1,No,No,61,No,Yes,Fiber optic,No,No,No,No,No internet service,No,Month-to-month,No,Bank transfer (automatic),68.08,4190.37,Yes
CUST-2649,Male,1,No,No,7,Yes,No,Fiber optic,No,No internet service,Yes,Yes,No internet service,No,One year,Yes,Mailed check,91.84,693.37,Yes
CUST-2650,Male,0,No,No,42,Yes,No,Fiber optic,No,No,Yes,No,No internet service,No,Month-to-month,Yes,Electronic check,27.07,1084.55,Yes
CUST-2651,Female,0,No,No,19,Yes,No,Fiber optic,No,Yes,No,No,Yes,No internet service,Month-to-month,Yes,Mailed check,85.4,1576.58,No
CUST-2652,Male,0,No,Yes,38,Yes,No,DSL,Yes,No,Yes,No internet service,No,No,Month-to-month,No,Credit card (automatic),108.28,4227.05,Yes
CUST-2653,Female,0,Yes,No,48,Yes,No,Fiber optic,No internet service,Yes,No internet service,Yes,No internet service,No,Two year,Yes,Mailed check,24.06,1078.91,No
CUST-2654,Female,0,Yes,Yes,63,Yes,Yes,Fiber optic,No,No,No internet service,No internet service,Yes,No,One year,Yes,Electronic check,32.39,1985.69,No
CUST-2655,Male,0,No,No,61,Yes,Yes,No,No internet service,No,No,No internet service,No internet service,Yes,Two year,No,Bank transfer (automatic),90.27,5508.63,Yes
CUST-2656,Female,0,No,No,53,Yes,No phone service,Fiber optic,No,No,No internet service,No,No internet service,No,Month-to-month,Yes,Mailed check,62.2,3298.85,Yes
CUST-2657,Male,1,Yes,No,8,Yes,No,Fiber optic,No,No,No internet service,No,No,No internet service,Two year,No,Mailed check,58.81,443.48,No
CUST-2658,Female,0,No,No,36,Yes,Yes,Fiber optic,No,No,No,No internet service,No,Yes,Two year,No,Electronic check,32.02,1183.52,No
CUST-2659,Female,0,Yes,Yes,48,Yes,Yes,No,No internet service,Yes,No internet service,No internet service,Yes,No,One year,Yes,Electronic check,69.18,3365.74,No
CUST-2660,Female,0,Yes,No,40,Yes,Yes,No,No,Yes,No internet service,Yes,Yes,No internet service,Two year,Yes,Mailed check,30.97,1237.89,No
CUST-2661,Male,0,Yes,No,16,Yes,No,Fiber optic,No,No,Yes,No,Yes,No,Month-to-month,No,Electronic check,66.15,1044.98,Yes
CUST-2662,Female,0,Yes,No,20,Yes,Yes,Fiber optic,No,No,No internet service,No,No,Yes,Month-to-month,No,Mailed check,94.99,1898.69,No
CUST-2663,Male,1,Yes,No,50,Yes,No,DSL,No internet service,No,Yes,No,Yes,No internet service,Month-to-month,Yes,Electronic check,44.21,2185.63,Yes
CUST-2664,Male,0,No,Yes,58,Yes,No,Fiber optic,No,Yes,No internet service,Yes,No internet service,No,One year,Yes,Bank transfer (automatic),66.57,3776.15,Yes
CUST-2665,Male,0,Yes,No,38,Yes,Yes,Fiber optic,No,No,No,No,No,Yes,One year,Yes,Credit card (automatic),117.95,4497.15,Yes
CUST-2666,Female,0,Yes,No,54,Yes,Yes,Fiber optic,No,Yes,No internet service,Yes,Yes,Yes,Two year,No,Credit card (automatic),87.26,4750.33,No
CUST-2667,Female,0,No,Yes,40,Yes,No,DSL,No internet service,No,No,No internet service,No,No,Month-to-month,Yes,Mailed check,102.81,4104.7,Yes
CUST-2668,Female,0,No,No,38,Yes,Yes,Fiber optic,No,No,No internet service,No,No,Yes,Month-to-month,Yes,Mailed check,59.94,2164.47,Yes
CUST-2669,Female,1,No,No,12,Yes,No,DSL,No internet service,Yes,No internet service,No internet service,No,No,Month-to-month,Yes,Electronic check,95.42,1116.45,Yes
CUST-2670,Female,1,No,No,63,Yes,No,Fiber optic,No,No internet service,No,Yes,No,No,One year,No,Electronic check,22.32,1451.45,Yes
CUST-2671,Female,0,Yes,No,10,Yes,Yes,DSL,Yes,No,No internet service,No internet service,No,No internet service,Month-to-month,Yes,Mailed check,30.6,234.09,No
CUST-2672,Female,0,Yes,No,18,Yes,No,Fiber optic,Yes,No,No,Yes,No internet service,Yes,Two year,No,Mailed check,38.66,730.67,No
CUST-2673,Female,0,No,Yes,10,Yes,Yes,DSL,No internet service,No,No,Yes,No,No internet service,Month-to-month,Yes,Mailed check,58.65,564.23,Yes
CUST-2674,Female,0,No,No,45,Yes,Yes,DSL,Yes,No,No internet service,No internet service,No,No,Month-to-month,Yes,Bank transfer (automatic),103.25,4645.31,Yes
CUST-2675,Female,0,No,No,44,Yes,Yes,Fiber optic,No,No,No,Yes,No,No,Two year,No,Credit card (automatic),53.05,2299.91,No
CUST-2676,Male,0,No,No,0,Yes,No,DSL,No,No internet service,No,Yes,No,No internet service,Month-to-month,Yes,Bank transfer (automatic),84.04, ,No
CUST-2677,Female,0,No,No,39,Yes,No,Fiber optic,No,No internet service,Yes,Yes,No,No,Month-to-month,Yes,Electronic check,89.54,3563.77,Yes
CUST-2678,Female,0,Yes,No,18,Yes,No,No,No,No internet service,No,Yes,No,No,Month-to-month,No,Bank transfer (automatic),77.16,1429.67,No
CUST-2679,Male,0,Yes,No,71,Yes,No,No,No,No,No,Yes,No,No,Month-to-month,No,Electronic check,54.15,3876.89,Yes
CUST-2680,Male,0,Yes,No,71,Yes,Yes,DSL,No,No internet service,No,No internet service,No,No,Two year,Yes,Electronic check,76.24,5458.47,Yes
CUST-2681,Female,0,Yes,No,60,Yes,Yes,No,Yes,No,No internet service,No,No internet service,No,One year,Yes,Credit card (automatic),52.65,3184.14,No
CUST-2682,Male,0,Yes,Yes,11,Yes,No,Fiber optic,Yes,No,No,No internet service,No,No,Month-to-month,Yes,Electronic check,26.68,340.69,Yes
CUST-2683,Female,0,Yes,No,60,Yes,No,No,Yes,No,No,No internet service,No,No internet service,One year,No,Electronic check,118.03,7048.6,Yes
CUST-2684,Male,0,Yes,No,32,Yes,No phone service,No,No,Yes,No internet service,No,No,No internet service,Month-to-month,No,Credit card (automatic),31.03,1061.84,No
CUST-2685,Male,0,No,No,44,Yes,No,DSL,Yes,Yes,Yes,Yes,No internet service,No,Two year,Yes,Bank transfer (automatic),25.52,1187.3,No
CUST-2686,Female,0,Yes,Yes,68,No,No phone service,Fiber optic,No,No,Yes,No,No,No,Two year,No,Mailed check,106.54,7263.74,Yes
CUST-2687,Male,0,Yes,No,7,Yes,No,DSL,No,No,No internet service,No,No,No internet service,Two year,Yes,Electronic check,48.58,325.66,No
CUST-2688,Female,0,Yes,Yes,24,Yes,Yes,No,No,No internet service,No internet service,No internet service,No internet service,No,Month-to-month,No,Credit card (automatic),83.6,1945.22,Yes
CUST-2689,Female,0,Yes,No,45,Yes,Yes,Fiber optic,No,No internet service,No,No,No,Yes,Month-to-month,Yes,Electronic check,51.32,2320.83,Yes
CUST-2690,Male,0,Yes,No,29,Yes,No phone service,Fiber optic,No,No,No internet service,No,No,Yes,Month-to-month,No,Credit card (automatic),57.59,1754.36,Yes
CUST-2691,Female,0,No,Yes,46,Yes,Yes,Fiber optic,No,Yes,No,No,No,Yes,One year,No,Electronic check,44.59,1993.1,Yes
CUST-2692,Male,0,No,Yes,48,Yes,Yes,No,No,No,Yes,No,No,No internet service,Month-to-month,Yes,Bank transfer (automatic),52.73,2581.94,Yes
CUST-2693,Female,1,Yes,No,46,Yes,Yes,No,No,No,No,No,No,No internet service,Month-to-month,Yes,Electronic check,59.53,2714.81,Yes
CUST-2694,Female,1,Yes,Yes,17,Yes,Yes,Fiber optic,No,No internet service,Yes,No,Yes,No,Two year,No,Mailed check,90.65,1521.75,No
CUST-2695,Male,0,No,No,65,Yes,No phone service,Fiber optic,No internet service,No,No,No internet service,No,Yes,Month-to-month,No,Credit card (automatic),69.66,4469.13,Yes
CUST-2696,Female,0,Yes,Yes,67,Yes,Yes,No,No internet service,No,Yes,No,No,No,Month-to-month,Yes,Bank transfer (automatic),113.08,7538.74,Yes
CUST-2697,Male,0,No,No,32,Yes,No,No,No,No,No internet service,No,No internet service,Yes,Month-to-month,Yes,Credit card (automatic),22.46,751.06,No
CUST-2698,Male,0,No,Yes,35,No,Yes,DSL,No,Yes,No,No,No,No,Month-to-month,Yes,Electronic check,68.81,2446.91,Yes
CUST-2699,Female,0,Yes,No,18,Yes,No,DSL,No,No,Yes,No,No internet service,Yes,Month-to-month,Yes,Electronic check,76.96,1397.07,Yes
CUST-2700,Male,0,No,No,27,Yes,No,DSL,No,No,No,No internet service,No,No,Month-to-month,No,Bank transfer (automatic),110.73,2964.67,Yes
CUST-2701,Female,0,Yes,No,39,Yes,No,Fiber optic,No internet service,Yes,No,No internet service,No,No,Month-to-month,Yes,Electronic check,23.19,849.23,Yes
CUST-2702,Female,0,Yes,Yes,14,Yes,No,DSL,Yes,No,No,No internet service,No internet service,No internet service,Month-to-month,No,Electronic check,75.89,1065.55,Yes
CUST-2703,Male,0,Yes,No,40,Yes,No,Fiber optic,No,No internet service,Yes,No,No,Yes,One year,Yes,Credit card (automatic),104.04,4143.35,Yes
CUST-2704,Male,1,Yes,No,38,No,Yes,Fiber optic,Yes,No internet service,Yes,Yes,No,No internet service,Month-to-month,No,Electronic check,42.56,1627.84,Yes
CUST-2705,Female,0,No,Yes,1,Yes,No,Fiber optic,No,No internet service,No,No,No,No internet service,One year,Yes,Bank transfer (automatic),106.32,90.26,No
CUST-2706,Female,0,No,No,62,Yes,No,Fiber optic,Yes,Yes,Yes,No,No internet service,Yes,Month-to-month,Yes,Bank transfer (automatic),20.16,1235.14,Yes
CUST-2707,Female,0,Yes,Yes,28,Yes,No,DSL,No,No internet service,Yes,Yes,No,No,Month-to-month,Yes,Bank transfer (automatic),91.86,2580.03,Yes
CUST-2708,Female,0,Yes,No,65,Yes,Yes,No,Yes,Yes,No,No internet service,No,No internet service,Two year,No,Mailed check,112.03,7299.56,Yes
CUST-2709,Male,0,Yes,No,50,Yes,No,No,Yes,No,No,Yes,No internet service,Yes,Month-to-month,Yes,Mailed check,84.3,4276.2,Yes
CUST-2710,Male,0,Yes,Yes,9,Yes,Yes,Fiber optic,No,No,Yes,Yes,No,Yes,Month-to-month,No,Bank transfer (automatic),62.37,544.48,Yes
CUST-2711,Female,0,No,Yes,13,Yes,No,No,No internet service,Yes,No,No,No internet service,No,Two year,No,Electronic check,22.76,323.15,No
CUST-2712,Male,0,No,No,50,Yes,No,DSL,No internet service,No internet service,No,No internet service,Yes,No,One year,No,Bank transfer (automatic),110.72,5626.18,No
CUST-2713,Male,1,Yes,No,72,Yes,Yes,No,Yes,No,No internet service,No,Yes,No,Month-to-month,No,Mailed check,65.51,4745.32,Yes
CUST-2714,Female,0,No,No,38,Yes,Yes,DSL,Yes,No,No,No internet service,Yes,No,Month-to-month,Yes,Bank transfer (automatic),21.16,862.29,No
CUST-2715,Male,0,Yes,No,27,Yes,No,Fiber optic,No internet service,No internet service,No,No internet service,Yes,Yes,One year,Yes,Credit card (automatic),87.58,2333.63,No
CUST-2716,Female,0,No,No,2,Yes,No,DSL,Yes,No,No,No,No,No internet service,Two year,Yes,Electronic check,66.67,97.32,No
CUST-2717,Male,0,Yes,Yes,69,No,Yes,Fiber optic,No,No,No,No,No internet service,No internet service,Month-to-month,Yes,Electronic check,30.75,2113.78,Yes
CUST-2718,Female,0,No,Yes,26,Yes,No,DSL,No internet service,Yes,No,No,No,No,Month-to-month,No,Mailed check,39.78,1031.63,Yes
CUST-2719,Male,0,No,Yes,1,Yes,No,Fiber optic,Yes,No internet service,No,No internet service,Yes,No,Month-to-month,Yes,Bank transfer (automatic),24.73,78.27,Yes
CUST-2720,Female,0,Yes,No,37,Yes,No,Fiber optic,Yes,No,No internet service,No internet service,No,Yes,Month-to-month,Yes,Electronic check,75.97,2774.41,Yes
CUST-2721,Female,0,Yes,No,2,Yes,No,No,Yes,No,Yes,No,No,Yes,Month-to-month,No,Mailed check,80.76,157.09,No
CUST-2722,Female,0,No,No,15,No,No,Fiber optic,No,No,No,No,Yes,Yes,Month-to-month,Yes,Bank transfer (automatic),69.08,1089.94,Yes
CUST-2723,Female,0,No,No,39,Yes,Yes,DSL,No internet service,No,No,No,No,No,Month-to-month,Yes,Electronic check,100.37,3925.21,No
CUST-2724,Female,0,No,No,1,Yes,No phone service,DSL,Yes,No,No internet service,No,No,No,Month-to-month,No,Electronic check,104.78,104.24,No
CUST-2725,Male,0,Yes,No,40,Yes,Yes,No,Yes,No,No internet service,No,No,Yes,Two year,Yes,Mailed check,80.12,3216.72,No
CUST-2726,Male,0,Yes,Yes,11,No,Yes,Fiber optic,Yes,No,Yes,Yes,No,No,Month-to-month,Yes,Electronic check,19.53,158.45,Yes
CUST-2727,Male,1,Yes,No,34,No,No,Fiber optic,Yes,No internet service,No,No internet service,No,No,Month-to-month,No,Credit card (automatic),88.12,2938.89,No
CUST-2728,Male,0,Yes,Yes,64,Yes,No,Fiber optic,Yes,No internet service,No,Yes,No,No,Month-to-month,No,Bank transfer (automatic),60.26,3777.23,Yes
CUST-2729,Female,0,No,Yes,54,Yes,No,Fiber optic,No,No,No,No,No,No internet service,Two year,No,Bank transfer (automatic),75.09,4065.19,No
CUST-2730,Female,0,Yes,No,44,Yes,No,DSL,No,No,No,No internet service,No internet service,No,One year,No,Bank transfer (automatic),83.48,3719.06,Yes
CUST-2731,Male,0,No,No,61,Yes,Yes,Fiber optic,No,No,Yes,Yes,No,No internet service,Two year,No,Electronic check,53.45,3298.73,No
CUST-2732,Female,0,No,No,48,Yes,No,DSL,No,No,Yes,No internet service,Yes,No internet service,Month-to-month,Yes,Bank transfer (automatic),110.42,5357.34,Yes
CUST-2733,Male,0,No,Yes,24,Yes,No phone service,DSL,Yes,No internet service,No,Yes,Yes,No internet service,Two year,No,Bank transfer (automatic),31.71,833.75,No
CUST-2734,Male,0,Yes,No,22,Yes,Yes,DSL,Yes,Yes,No,No,No,No internet service,Month-to-month,Yes,Credit card (automatic),85.74,1893.51,Yes
CUST-2735,Female,0,No,No,23,Yes,No phone service,DSL,Yes,No,No internet service,No,No,No,Month-to-month,Yes,Mailed check,18.69,426.64,No
CUST-2736,Male,0,No,No,37,Yes,Yes,DSL,No,No,Yes,Yes,No internet service,No,One year,No,Credit card (automatic),111.18,4187.46,Yes
CUST-2737,Male,0,Yes,Yes,27,Yes,No,No,No,No,No,No,No,No,Two year,No,Mailed check,29.56,763.07,Yes
CUST-2738,Male,0,No,Yes,20,Yes,No,Fiber optic,No,No internet service,No,No,Yes,No,Two year,Yes,Electronic check,27.79,496.87,No
CUST-2739,Female,0,No,No,53,Yes,No,No,No internet service,Yes,No,No,No,No,Two year,Yes,Credit card (automatic),51.72,2724.22,Yes
CUST-2740,Male,0,Yes,No,17,Yes,No,DSL,No,No,No,No,No,No,Two year,No,Bank transfer (automatic),55.79,925.64,No
CUST-2741,Male,0,Yes,No,35,Yes,Yes,DSL,Yes,No,No,Yes,No internet service,No,Month-to-month,Yes,Electronic check,39.79,1395.07,No
CUST-2742,Female,0,Yes,No,44,Yes,Yes,No,No,No,No,No,Yes,No,Month-to-month,Yes,Bank transfer (automatic),77.05,3347.7,Yes
CUST-2743,Female,0,No,Yes,72,Yes,No,Fiber optic,No,Yes,No internet service,No,Yes,No,Month-to-month,No,Mailed check,62.76,4537.21,Yes
CUST-2744,Female,0,Yes,No,52,Yes,Yes,DSL,Yes,No,No internet service,Yes,No,No,Two year,Yes,Electronic check,21.68,1098.9,No
CUST-2745,Female,0,No,No,29,No,No,Fiber optic,No,Yes,No,No internet service,Yes,No,Month-to-month,Yes,Credit card (automatic),50.38,1522.43,No
CUST-2746,Female,0,Yes,No,59,Yes,Yes,Fiber optic,No,No,No internet service,No,No,No,Two year,No,Electronic check,99.7,5822.57,Yes
CUST-2747,Female,0,No,No,31,Yes,Yes,No,No internet service,No internet service,Yes,No internet service,No,No,Month-to-month,Yes,Electronic check,87.57,2707.7,Yes
CUST-2748,Female,0,No,No,66,Yes,No,DSL,Yes,Yes,No,No internet service,Yes,No,Month-to-month,No,Bank transfer (automatic),91.1,5995.85,Yes
CUST-2749,Male,0,No,Yes,66,Yes,Yes,Fiber optic,No,No internet service,No,No internet service,No,No,Month-to-month,Yes,Bank transfer (automatic),88.41,5846.6,Yes
CUST-2750,Female,0,Yes,Yes,27,Yes,No,Fiber optic,No,No internet service,No,No,No,No,Month-to-month,Yes,Mailed check,49.5,1382.84,Yes
CUST-2751,Male,0,No,Yes,43,Yes,No,No,No,No,No,No,No,Yes,Two year,Yes,Electronic check,28.27,1228.92,No
CUST-2752,Male,0,Yes,Yes,40,Yes,Yes,No,No internet service,No,Yes,No internet service,No,No,Month-to-month,Yes,Electronic check,45.63,1818.77,Yes
CUST-2753,Female,0,No,No,62,Yes,No,DSL,No internet service,No,No internet service,No,No,No,Month-to-month,Yes,Bank transfer (automatic),101.84,6348.64,Yes
CUST-2754,Male,0,No,Yes,22,No,No,Fiber optic,Yes,No,No,No,No,Yes,Month-to-month,No,Electronic check,116.79,2611.53,Yes
CUST-2755,Male,0,No,Yes,47,Yes,No,Fiber optic,No,Yes,No,No internet service,No,No,Month-to-month,Yes,Mailed check,67.88,3203.82,Yes
CUST-2756,Female,1,No,No,31,Yes,No,Fiber optic,No,No internet service,Yes,No,Yes,No,Month-to-month,Yes,Credit card (automatic),19.22,615.2,No
CUST-2757,Male,1,No,No,56,Yes,No,No,No,Yes,No,No internet service,No internet service,Yes,Month-to-month,Yes,Credit card (automatic),32.32,1842.25,Yes
CUST-2758,Male,0,Yes,No,32,Yes,Yes,No,Yes,No,No internet service,No internet service,No,Yes,Two year,No,Electronic check,50.62,1537.64,No
CUST-2759,Male,0,Yes,Yes,23,Yes,Yes,DSL,Yes,No,No,No,No internet service,No internet service,Month-to-month,No,Bank transfer (automatic),76.4,1739.66,No
CUST-2760,Female,0,No,Yes,38,Yes,No,DSL,Yes,No internet service,No internet service,No,Yes,Yes,Month-to-month,Yes,Electronic check,25.8,999.21,No
CUST-2761,Female,0,No,No,33,Yes,Yes,No,No,Yes,Yes,No internet service,No internet service,No,One year,No,Electronic check,113.06,3716.4,Yes
CUST-2762,Female,1,No,No,55,Yes,No,DSL,No,No,Yes,No,No internet service,Yes,Month-to-month,No,Mailed check,54.94,3007.29,Yes
CUST-2763,Male,0,No,No,27,Yes,No phone service,DSL,No internet service,No internet service,No,No,No,Yes,Month-to-month,No,Electronic check,109.96,2987.67,Yes
CUST-2764,Male,0,No,No,36,Yes,Yes,Fiber optic,No internet service,No,No internet service,No,Yes,No internet service,Month-to-month,No,Electronic check,96.69,3500.72,Yes
CUST-2765,Female,0,Yes,No,6,Yes,No,No,No,No internet service,Yes,Yes,No,No,Month-to-month,No,Mailed check,94.17,588.37,Yes
CUST-2766,Female,0,Yes,No,67,Yes,No,DSL,No,No internet service,No,No internet service,No,Yes,One year,No,Bank transfer (automatic),79.23,5268.8,Yes
CUST-2767,Male,0,Yes,Yes,36,No,No,Fiber optic,No,No,No,No,No,No,Month-to-month,Yes,Bank transfer (automatic),81.24,2853.75,Yes
CUST-2768,Male,0,No,No,55,Yes,Yes,DSL,No,No internet service,No,No,Yes,Yes,Two year,Yes,Electronic check,82.37,4570.57,Yes
CUST-2769,Male,0,No,No,64,No,No,DSL,No,No,No,No,No,No,Two year,Yes,Electronic check,81.44,5175.04,Yes
CUST-2770,Male,0,Yes,No,64,Yes,No phone service,Fiber optic,No,No internet service,No,No,No,No,Month-to-month,No,Electronic check,73.9,4689.02,Yes
CUST-2771,Male,1,Yes,No,46,Yes,No phone service,DSL,No internet service,No,No,No,No,No internet service,Month-to-month,No,Electronic check,117.38,5354.39,Yes
CUST-2772,Female,0,No,Yes,19,Yes,No,No,No,No,No internet service,Yes,No,Yes,Month-to-month,No,Mailed check,91.85,1802.7,No
CUST-2773,Female,0,No,No,18,Yes,Yes,No,Yes,No,No,No,No,No,Month-to-month,Yes,Credit card (automatic),96.33,1744.54,Yes
CUST-2774,Male,0,Yes,No,28,Yes,No,Fiber optic,No,No,No,No internet service,No,No,Two year,Yes,Electronic check,105.93,2983.17,No
CUST-2775,Male,0,Yes,No,59,Yes,Yes,DSL,Yes,No internet service,No,Yes,No internet service,No,One year,Yes,Bank transfer (automatic),39.92,2389.76,Yes
CUST-2776,Male,0,No,No,17,Yes,No phone service,Fiber optic,Yes,Yes,No,No,Yes,No,Month-to-month,No,Electronic check,26.67,451.27,Yes
CUST-2777,Female,0,Yes,Yes,34,Yes,No,DSL,No,No,No,Yes,Yes,No internet service,Month-to-month,No,Bank transfer (automatic),66.78,2321.15,Yes
CUST-2778,Female,0,Yes,No,42,Yes,No phone service,DSL,Yes,No,Yes,No,No,No,Month-to-month,No,Credit card (automatic),69.92,2876.8,Yes
CUST-2779,Male,1,No,No,10,Yes,Yes,Fiber optic,No internet service,No internet service,Yes,No,No internet service,No,One year,Yes,Electronic check,101.58,961.52,Yes
CUST-2780,Male,1,No,No,48,Yes,Yes,Fiber optic,Yes,No,No internet service,No internet service,No,No,Two year,No,Credit card (automatic),62.85,2959.76,No
CUST-2781,Male,0,No,Yes,37,No,Yes,DSL,No internet service,Yes,No internet service,No,No,No,One year,Yes,Bank transfer (automatic),75.62,2819.02,No
CUST-2782,Female,0,No,No,63,No,No phone service,DSL,No internet service,No,No internet service,Yes,No internet service,Yes,Month-to-month,No,Mailed check,71.22,4512.18,Yes
CUST-2783,Female,1,No,No,68,Yes,No,No,Yes,No,No,No,Yes,No,One year,No,Mailed check,22.09,1478.49,Yes
CUST-2784,Female,0,Yes,No,7,No,Yes,Fiber optic,Yes,No internet service,Yes,No,No,Yes,Month-to-month,No,Credit card (automatic),80.08,548.94,No
CUST-2785,Male,0,Yes,Yes,33,Yes,Yes,No,No,No,No,No,Yes,No,Month-to-month,Yes,Electronic check,101.47,3411.91,Yes
CUST-2786,Male,0,Yes,No,47,Yes,No,No,Yes,No,No,No,No internet service,No,Month-to-month,Yes,Electronic check,34.08,1567.04,Yes
CUST-2787,Female,0,No,No,55,Yes,No,Fiber optic,Yes,No,No,No,No,Yes,Month-to-month,No,Credit card (automatic),77.98,4303.67,Yes
CUST-2788,Female,0,Yes,Yes,64,Yes,Yes,DSL,No,No,No internet service,No,Yes,Yes,One year,No,Bank transfer (automatic),77.91,4951.95,Yes
CUST-2789,Female,0,No,No,30,Yes,Yes,No,No,No,No,No internet service,No,No,Two year,Yes,Electronic check,34.75,1097.3,No
CUST-2790,Female,0,No,Yes,3,No,No,DSL,No,No,No internet service,No,No internet service,No internet service,Month-to-month,No,Bank transfer (automatic),30.66,123.4,No
CUST-2791,Male,0,Yes,Yes,49,Yes,Yes,DSL,No,Yes,No,No,Yes,Yes,Two year,Yes,Credit card (automatic),116.75,5650.8,Yes
CUST-2792,Male,0,Yes,Yes,68,Yes,Yes,No,No,No,No internet service,No,No internet service,No internet service,Month-to-month,No,Electronic check,57.82,3918.72,Yes
CUST-2793,Male,0,No,No,29,Yes,No,Fiber optic,No internet service,No internet service,No,No,No internet service,No internet service,One year,Yes,Bank transfer (automatic),41.11,1088.24,No
CUST-2794,Male,0,Yes,Yes,58,Yes,No,DSL,No,Yes,No,No,No internet service,No,Two year,Yes,Mailed check,35.47,2102.28,No
CUST-2795,Female,0,No,No,66,Yes,Yes,Fiber optic,Yes,No,No,No,No,No internet service,Month-to-month,No,Electronic check,85.34,5734.81,Yes
CUST-2796,Male,0,No,No,44,Yes,No phone service,Fiber optic,No,Yes,No,No,No,No,Two year,Yes,Mailed check,79.5,3388.98,Yes
CUST-2797,Female,0,Yes,No,3,Yes,No,DSL,No internet service,No,No,No internet service,No,Yes,Month-to-month,Yes,Credit card (automatic),82.93,177.44,Yes
CUST-2798,Female,0,Yes,No,25,Yes,No,DSL,Yes,No,No,No,Yes,No,Month-to-month,Yes,Electronic check,27.09,685.62,No
CUST-2799,Male,0,Yes,No,26,Yes,Yes,DSL,Yes,Yes,Yes,No,No,Yes,One year,Yes,Bank transfer (automatic),108.05,2808.38,No
CUST-2800,Female,1,No,No,45,Yes,Yes,Fiber optic,No,No,No,No,No,No,Two year,Yes,Electronic check,57.37,2561.11,No
CUST-2801,Female,0,Yes,No,63,Yes,Yes,Fiber optic,No,No,Yes,No,No,No,Two year,No,Mailed check,49.74,3046.74,Yes
CUST-2802,Male,0,Yes,No,50,Yes,No,Fiber optic,No,No internet service,Yes,Yes,No,No internet service,One year,Yes,Mailed check,64.72,3252.17,No
CUST-2803,Male,0,Yes,No,49,No,Yes,Fiber optic,Yes,Yes,Yes,No,No,No,Month-to-month,Yes,Credit card (automatic),57.45,2859.43,Yes
CUST-2804,Male,0,Yes,No,5,Yes,Yes,DSL,Yes,Yes,No,No,No internet service,No,Month-to-month,Yes,Mailed check,105.04,667.55,Yes
CUST-2805,Male,0,No,No,58,Yes,Yes,DSL,No,No,Yes,No,No,No internet service,Two year,No,Mailed check,111.64,6540.48,Yes
CUST-2806,Female,0,Yes,No,14,Yes,No,DSL,No internet service,No,No internet service,No,No,Yes,Month-to-month,No,Credit card (automatic),48.75,617.56,No
CUST-2807,Male,0,No,No,29,Yes,No,DSL,No,No,Yes,No,No internet service,Yes,One year,Yes,Mailed check,105.08,3046.73,Yes
CUST-2808,Male,0,No,No,41,Yes,Yes,DSL,No internet service,No,No internet service,No,No,No,Month-to-month,Yes,Credit card (automatic),96.79,3997.99,Yes
CUST-2809,Male,0,Yes,No,36,Yes,No,Fiber optic,No,No,No internet service,Yes,Yes,No,One year,Yes,Electronic check,111.8,3990.39,Yes
CUST-2810,Female,0,No,No,41,Yes,Yes,DSL,No,No,No,No,No,No,Month-to-month,Yes,Electronic check,42.95,1799.95,No
CUST-2811,Male,0,Yes,No,34,Yes,Yes,Fiber optic,No,Yes,No,Yes,No,No,Two year,No,Bank transfer (automatic),76.23,2626.99,No
CUST-2812,Female,0,Yes,Yes,5,Yes,No,No,No internet service,No internet service,No,No,No internet service,No internet service,One year,No,Bank transfer (automatic),45.84,291.07,No
CUST-2813,Female,0,No,No,67,Yes,No,Fiber optic,No,No,No internet service,No,No,No,Two year,Yes,Bank transfer (automatic),101.07,6811.8,Yes
CUST-2814,Female,0,Yes,No,17,Yes,No,DSL,No,No,No,Yes,No,Yes,Month-to-month,Yes,Mailed check,18.79,333.69,No
CUST-2815,Female,0,No,No,72,Yes,Yes,No,No internet service,No,No internet service,No internet service,No,No internet service,One year,No,Electronic check,75.01,5368.82,Yes
CUST-2816,Female,0,No,No,28,Yes,Yes,No,Yes,Yes,No internet service,No,No,No,One year,No,Electronic check,52.34,1400.87,No
CUST-2817,Male,0,No,Yes,58,Yes,Yes,DSL,No internet service,No internet service,No internet service,No internet service,Yes,Yes,One year,No,Electronic check,50.68,2950.39,No
CUST-2818,Male,0,Yes,No,46,Yes,Yes,Fiber optic,No,Yes,No,No,No,No,Two year,No,Mailed check,83.06,3800.57,No
CUST-2819,Female,0,No,No,16,Yes,No,No,No,Yes,Yes,No,No internet service,No,Month-to-month,No,Mailed check,103.82,1645.76,Yes
CUST-2820,Female,0,No,Yes,21,Yes,No,Fiber optic,No internet service,No internet service,No,No,Yes,No,Month-to-month,No,Electronic check,79.47,1724.96,Yes
CUST-2821,Female,1,Yes,Yes,67,Yes,Yes,DSL,No,No,No internet service,No,No internet service,No internet service,Month-to-month,Yes,Electronic check,103.99,7035.78,Yes
CUST-2822,Male,0,No,No,68,Yes,Yes,Fiber optic,No,Yes,No,No internet service,No,Yes,Month-to-month,Yes,Credit card (automatic),44.84,2987.35,Yes
CUST-2823,Male,0,Yes,No,36,Yes,Yes,Fiber optic,No,No internet service,No internet service,No,No internet service,No,Two year,Yes,Mailed check,70.46,2526.04,Yes
CUST-2824,Female,0,No,No,48,Yes,No,Fiber optic,No,No internet service,No internet service,No internet service,No,Yes,Month-to-month,No,Mailed check,63.53,3027.78,No
CUST-2825,Female,1,No,Yes,12,Yes,Yes,No,Yes,No,No,No,Yes,No,Month-to-month,No,Mailed check,19.42,248.79,No
CUST-2826,Female,1,Yes,No,33,Yes,No,Fiber optic,No,Yes,Yes,No,No internet service,Yes,Month-to-month,No,Electronic check,74.21,2335.62,Yes
CUST-2827,Male,0,Yes,No,52,Yes,No,DSL,No internet service,No,No internet service,No internet service,No,No,Month-to-month,Yes,Electronic check,84.73,4332.92,Yes
CUST-2828,Female,0,No,No,50,Yes,No,Fiber optic,Yes,No,Yes,No,No internet service,No,Month-to-month,No,Electronic check,77.74,3881.13,Yes
CUST-2829,Female,0,No,Yes,2,No,No,Fiber optic,No,Yes,No,No,No,No,Month-to-month,Yes,Bank transfer (automatic),92.25,223.81,Yes
CUST-2830,Female,0,Yes,No,41,Yes,Yes,DSL,No,No,Yes,No internet service,No,Yes,Month-to-month,No,Credit card (automatic),75.67,3106.23,Yes
CUST-2831,Male,0,Yes,No,31,Yes,No phone service,Fiber optic,Yes,Yes,Yes,No,No internet service,No,Month-to-month,Yes,Electronic check,24.96,807.34,No
CUST-2832,Female,0,No,Yes,50,Yes,No,No,No internet service,No,No,No,No internet service,No,Two year,Yes,Electronic check,29.95,1507.37,No
CUST-2833,Female,1,No,No,45,Yes,No,Fiber optic,No,No,Yes,Yes,No,Yes,Month-to-month,Yes,Mailed check,78.2,3582.81,Yes
CUST-2834,Female,0,Yes,No,20,Yes,No phone service,DSL,No,No,Yes,No,Yes,Yes,Month-to-month,Yes,Bank transfer (automatic),45.89,992.09,Yes
CUST-2835,Female,0,Yes,No,43,Yes,No,DSL,Yes,No,No,No,No,No,Two year,Yes,Mailed check,26.25,1090.73,No
CUST-2836,Male,0,Yes,No,10,Yes,No,Fiber optic,Yes,No,Yes,No,No,No,Two year,Yes,Mailed check,61.43,658.48,No
CUST-2837,Female,0,No,No,67,Yes,Yes,Fiber optic,Yes,No,No,No,Yes,No,Two year,Yes,Bank transfer (automatic),73.96,4980.73,No
CUST-2838,Female,0,No,Yes,0,Yes,Yes,DSL,No internet service,No,No,Yes,No,Yes,Two year,Yes,Credit card (automatic),51.29, ,No
CUST-2839,Female,0,No,No,62,Yes,No,Fiber optic,No internet service,No,Yes,No internet service,Yes,No,Month-to-month,No,Electronic check,90.65,5580.41,Yes
CUST-2840,Male,0,No,Yes,23,No,No,DSL,Yes,No,No,No,No,No internet service,One year,Yes,Credit card (automatic),82.95,1902.01,No
CUST-2841,Female,0,Yes,Yes,12,Yes,Yes,DSL,No,Yes,No,Yes,No,No,Month-to-month,No,Mailed check,51.7,568.79,Yes
CUST-2842,Female,0,No,No,10,Yes,Yes,Fiber optic,Yes,No,No,No internet service,No,Yes,Month-to-month,No,Electronic check,94.11,892.45,Yes
CUST-2843,Female,0,No,Yes,50,No,Yes,DSL,No,No,No,No,No,No,Two year,Yes,Mailed check,83.44,4191.28,Yes
CUST-2844,Male,0,No,Yes,16,Yes,No,No,Yes,No,Yes,No internet service,No,No,Month-to-month,No,Mailed check,82.31,1327.24,No
CUST-2845,Male,0,Yes,No,23,Yes,Yes,DSL,No internet service,No,No,No internet service,Yes,No,One year,Yes,Electronic check,73.87,1726.08,Yes
CUST-2846,Male,0,No,Yes,18,Yes,No,Fiber optic,Yes,No,No internet service,No,Yes,No,One year,Yes,Electronic check,19.39,375.01,No
CUST-2847,Male,0,Yes,No,36,Yes,Yes,Fiber optic,No,Yes,Yes,No,No internet service,No internet service,Month-to-month,Yes,Electronic check,88.25,3165.22,No
CUST-2848,Female,0,Yes,No,7,No,No,Fiber optic,No internet service,No,No internet service,No,Yes,No,Two year,Yes,Mailed check,56.04,380.15,No
CUST-2849,Female,0,Yes,No,27,Yes,No,Fiber optic,Yes,No,Yes,No,No internet service,No,Month-to-month,Yes,Credit card (automatic),112.98,3001.92,Yes
CUST-2850,Female,0,Yes,Yes,4,Yes,No,Fiber optic,Yes,No,No,No,No,No,Month-to-month,Yes,Mailed check,100.46,366.78,Yes
CUST-2851,Male,1,No,No,16,Yes,No,Fiber optic,Yes,No,No,No,No,No,Two year,No,Credit card (automatic),77.31,1234.12,No
CUST-2852,Male,0,Yes,No,35,Yes,Yes,Fiber optic,No,No,No internet service,No internet service,No,No,Month-to-month,Yes,Mailed check,43.59,1535.5,Yes
CUST-2853,Male,0,Yes,No,18,Yes,Yes,Fiber optic,Yes,No,Yes,No,No,No internet service,One year,Yes,Electronic check,38.72,732.5,No
CUST-2854,Male,0,No,No,63,Yes,No,Fiber optic,No,No,No,No,No,No internet service,Month-to-month,No,Mailed check,52.46,3335.42,Yes
CUST-2855,Male,0,No,Yes,10,Yes,Yes,Fiber optic,No,No,No internet service,No,No,No,Month-to-month,Yes,Electronic check,66.15,739.35,No
CUST-2856,Female,0,Yes,Yes,53,Yes,No phone service,Fiber optic,Yes,No internet service,No,No,No,No,Two year,No,Mailed check,48.0,2495.37,No
CUST-2857,Male,1,Yes,No,44,Yes,Yes,No,No,No internet service,No,No,No,No internet service,One year,No,Electronic check,70.0,3068.37,Yes
CUST-2858,Female,1,Yes,No,46,Yes,No,No,No internet service,No,Yes,No internet service,Yes,No,Month-to-month,Yes,Credit card (automatic),34.87,1559.75,No
CUST-2859,Male,1,No,Yes,11,Yes,Yes,Fiber optic,No,Yes,No,Yes,No internet service,Yes,Month-to-month,Yes,Mailed check,116.51,1345.47,Yes
CUST-2860,Male,0,No,No,20,Yes,No,Fiber optic,No internet service,No internet service,No,No,No,No,Two year,Yes,Bank transfer (automatic),29.1,556.88,No
CUST-2861,Female,0,Yes,No,10,Yes,Yes,DSL,No,No internet service,No,No internet service,No internet service,Yes,Month-to-month,Yes,Bank transfer (automatic),111.91,1176.85,No
CUST-2862,Female,0,Yes,No,4,No,Yes,Fiber optic,No internet service,Yes,No,No,No,No,Two year,Yes,Mailed check,110.06,512.88,Yes
CUST-2863,Female,0,Yes,No,55,Yes,No,Fiber optic,No,No,No,No,No,No,Month-to-month,Yes,Electronic check,71.05,3928.42,Yes
CUST-2864,Female,0,No,No,19,Yes,No,No,No internet service,Yes,No,Yes,No internet service,Yes,One year,No,Mailed check,91.1,1745.55,Yes
CUST-2865,Male,0,No,No,40,Yes,No,Fiber optic,No internet service,No internet service,No,Yes,No,No,Two year,Yes,Credit card (automatic),62.07,2484.73,Yes
CUST-2866,Male,0,Yes,No,45,Yes,Yes,Fiber optic,Yes,Yes,No,No,Yes,No,Month-to-month,No,Electronic check,81.57,3654.79,Yes
CUST-2867,Male,0,Yes,Yes,11,Yes,No,DSL,No,No,No internet service,No internet service,No,No,One year,Yes,Credit card (automatic),52.48,555.41,No
CUST-2868,Male,0,Yes,No,69,Yes,No,Fiber optic,No internet service,No internet service,Yes,Yes,Yes,No,Two year,No,Bank transfer (automatic),48.52,3340.51,Yes
CUST-2869,Male,0,No,No,16,Yes,No,No,Yes,No,Yes,Yes,No,No,One year,Yes,Electronic check,76.36,1312.98,No
CUST-2870,Male,0,No,No,18,Yes,Yes,DSL,Yes,No,No,No,No,Yes,Month-to-month,Yes,Mailed check,68.31,1177.49,Yes
CUST-2871,Male,0,Yes,No,25,Yes,No,DSL,No,No,No internet service,No internet service,No,No,One year,No,Electronic check,76.49,1922.48,Yes
CUST-2872,Female,0,No,No,47,Yes,Yes,Fiber optic,No internet service,Yes,No,Yes,No internet service,Yes,One year,Yes,Credit card (automatic),47.06,2247.39,Yes
CUST-2873,Male,0,Yes,No,51,Yes,Yes,Fiber optic,No internet service,Yes,No internet service,No,Yes,No,Two year,Yes,Electronic check,55.13,2797.41,Yes
CUST-2874,Female,0,No,Yes,69,No,Yes,Fiber optic,No,No,No,No,Yes,No,Two year,Yes,Mailed check,26.68,1861.72,Yes
CUST-2875,Female,0,No,Yes,54,No,Yes,Fiber optic,Yes,No internet service,No,No,No,Yes,Month-to-month,No,Bank transfer (automatic),23.5,1193.77,Yes
CUST-2876,Female,1,No,Yes,32,Yes,No,Fiber optic,No,No,No,No,No,Yes,Two year,Yes,Credit card (automatic),43.72,1465.29,No
CUST-2877,Male,1,No,No,61,Yes,Yes,DSL,No,No,No,No,No,No internet service,Month-to-month,No,Credit card (automatic),25.71,1624.87,No
CUST-2878,Female,1,Yes,No,22,No,No,Fiber optic,No,Yes,No internet service,No,Yes,No,Month-to-month,Yes,Mailed check,28.68,626.04,No
CUST-2879,Male,0,No,No,14,Yes,No,DSL,Yes,No,No,No internet service,No,No internet service,Month-to-month,No,Credit card (automatic),99.95,1355.31,Yes
CUST-2880,Female,0,No,No,26,Yes,No,Fiber optic,No,No,No internet service,No internet service,No,No internet service,Month-to-month,Yes,Bank transfer (automatic),22.16,615.8,No
CUST-2881,Female,0,Yes,Yes,63,Yes,No,Fiber optic,No,No,No,No internet service,No,No internet service,Month-to-month,No,Mailed check,84.47,5264.2,No
CUST-2882,Female,1,Yes,Yes,50,Yes,Yes,No,No,No,No,Yes,No,No internet service,Month-to-month,No,Electronic check,45.64,2231.77,No
CUST-2883,Female,0,Yes,Yes,52,Yes,Yes,No,No internet service,No internet service,No,Yes,No,No internet service,Month-to-month,Yes,Electronic check,105.84,5501.0,Yes
CUST-2884,Male,0,No,No,50,Yes,No,Fiber optic,Yes,No internet service,Yes,Yes,No,No,One year,Yes,Mailed check,66.99,3425.4,Yes
CUST-2885,Female,0,Yes,No,46,Yes,No phone service,Fiber optic,Yes,No internet service,Yes,No,No internet service,No,Month-to-month,Yes,Electronic check,48.96,2284.19,Yes
CUST-2886,Male,0,Yes,Yes,3,Yes,No,DSL,No,No,No,No,No,No internet service,Month-to-month,Yes,Electronic check,70.27,178.46,Yes
CUST-2887,Female,1,Yes,No,6,Yes,No,DSL,No,Yes,No internet service,No,No,No internet service,Month-to-month,Yes,Electronic check,56.64,255.74,No
CUST-2888,Female,0,No,Yes,34,Yes,Yes,No,No,No,No,No,No,No internet service,Month-to-month,Yes,Mailed check,74.96,2550.72,Yes
CUST-2889,Male,0,Yes,No,47,Yes,No,No,No,No internet service,Yes,No internet service,No,Yes,Month-to-month,Yes,Bank transfer (automatic),29.76,1411.29,Yes
CUST-2890,Female,0,No,Yes,72,Yes,No,No,Yes,Yes,No,No,Yes,No,One year,Yes,Electronic check,118.45,8524.76,Yes
CUST-2891,Female,0,No,No,71,Yes,Yes,DSL,No,No,Yes,No,No,No internet service,Two year,No,Electronic check,61.02,4422.74,Yes
CUST-2892,Female,0,Yes,No,44,Yes,No,Fiber optic,No,No internet service,Yes,No,No internet service,No,Two year,Yes,Electronic check,53.25,2336.4,No
CUST-2893,Male,1,Yes,No,71,Yes,Yes,Fiber optic,No,No,No internet service,No,No,No internet service,Two year,Yes,Electronic check,89.63,6249.62,Yes
CUST-2894,Male,0,No,Yes,18,Yes,No phone service,Fiber optic,No,Yes,No,No,No internet service,No,Month-to-month,No,Credit card (automatic),54.82,966.4,Yes
CUST-2895,Male,0,Yes,No,62,Yes,No phone service,Fiber optic,Yes,No,No,No,Yes,No,Month-to-month,Yes,Credit card (automatic),101.99,6346.11,Yes
CUST-2896,Female,0,Yes,No,37,Yes,No,Fiber optic,No,No,No,No internet service,No internet service,No,Month-to-month,Yes,Bank transfer (automatic),63.9,2383.64,Yes
CUST-2897,Female,1,Yes,Yes,66,Yes,No,Fiber optic,Yes,No,Yes,No,No internet service,No,Two year,No,Credit card (automatic),90.57,5968.79,Yes
CUST-2898,Male,0,Yes,No,58,Yes,Yes,DSL,No internet service,No,No internet service,No,No,No,Month-to-month,No,Mailed check,29.05,1667.79,Yes
CUST-2899,Female,0,No,No,68,Yes,Yes,DSL,No internet service,No,No,No,No,No,One year,No,Mailed check,103.28,6923.06,Yes
CUST-2900,Male,1,No,Yes,12,Yes,Yes,DSL,Yes,No,Yes,No internet service,No,No internet service,Month-to-month,No,Mailed check,92.19,1110.57,No
CUST-2901,Male,0,No,No,46,Yes,No,Fiber optic,No,Yes,No,No,No,No internet service,Month-to-month,Yes,Electronic check,39.53,1801.45,Yes
CUST-2902,Female,0,No,Yes,60,No,No phone service,DSL,Yes,No internet service,No,No internet service,No,No,Two year,Yes,Credit card (automatic),32.85,1983.46,No
CUST-2903,Male,0,No,No,30,Yes,Yes,DSL,No internet service,No,No,No,No,Yes,One year,No,Credit card (automatic),50.04,1525.76,No
CUST-2904,Female,0,No,No,21,No,No phone service,Fiber optic,No,No,Yes,No internet service,Yes,No,Two year,No,Electronic check,116.35,2505.4,No
CUST-2905,Female,1,No,No,42,Yes,No,No,No,Yes,No,Yes,No,Yes,One year,Yes,Credit card (automatic),44.06,1802.74,No
CUST-2906,Male,0,Yes,No,66,Yes,Yes,No,No,No,No,No,No,No,Two year,Yes,Electronic check,64.09,4165.24,Yes
CUST-2907,Male,0,Yes,No,53,Yes,No,DSL,No internet service,Yes,No,Yes,No internet service,No,One year,Yes,Mailed check,21.27,1098.61,No
CUST-2908,Male,0,Yes,No,9,Yes,No,DSL,No,No,No,No,No,No,Two year,Yes,Mailed check,58.17,486.75,No
CUST-2909,Female,0,No,No,41,Yes,Yes,DSL,No,Yes,Yes,No,No internet service,No,Month-to-month,No,Bank transfer (automatic),75.67,3061.2,Yes
CUST-2910,Male,0,No,No,63,Yes,No phone service,No,No internet service,No internet service,No internet service,No,No,Yes,One year,Yes,Electronic check,114.04,7256.77,Yes
CUST-2911,Female,0,No,Yes,20,Yes,No,Fiber optic,No internet service,Yes,Yes,Yes,No internet service,Yes,One year,Yes,Bank transfer (automatic),70.18,1411.02,Yes
CUST-2912,Male,0,Yes,No,65,Yes,Yes,DSL,No internet service,No,Yes,No,No,No internet service,Month-to-month,Yes,Bank transfer (automatic),100.57,6635.67,Yes
CUST-2913,Male,0,Yes,Yes,40,No,Yes,No,Yes,No,No,No internet service,No internet service,No,Two year,No,Mailed check,73.24,2929.45,Yes
CUST-2914,Male,0,No,No,23,Yes,No,Fiber optic,No,No internet service,No internet service,No,No internet service,No,Two year,No,Bank transfer (automatic),22.35,455.46,No
CUST-2915,Male,0,No,No,34,Yes,Yes,No,No,No internet service,No,Yes,Yes,No,Month-to-month,Yes,Bank transfer (automatic),49.91,1656.53,No
CUST-2916,Female,0,No,Yes,55,Yes,Yes,DSL,No internet service,No,Yes,Yes,No,No,Month-to-month,Yes,Credit card (automatic),76.09,4236.17,Yes
CUST-2917,Female,0,No,No,29,Yes,No,Fiber optic,Yes,No internet service,Yes,No internet service,No,No,Month-to-month,Yes,Credit card (automatic),113.78,3242.93,Yes
CUST-2918,Male,0,Yes,No,56,Yes,Yes,Fiber optic,Yes,No internet service,No,No,No,Yes,Two year,Yes,Credit card (automatic),104.59,5884.93,Yes
CUST-2919,Male,0,Yes,No,46,Yes,No,No,No,No,No,No internet service,No,No internet service,One year,Yes,Electronic check,41.2,1877.36,Yes
CUST-2920,Male,0,Yes,No,34,Yes,Yes,No,No,Yes,No internet service,No,Yes,No internet service,Month-to-month,No,Electronic check,40.37,1326.09,Yes
CUST-2921,Male,0,Yes,No,18,Yes,No,Fiber optic,Yes,No,Yes,No,No,No,Month-to-month,Yes,Credit card (automatic),38.47,761.79,Yes
CUST-2922,Male,0,Yes,No,7,Yes,No,DSL,No,No,No,No,No,No internet service,Month-to-month,No,Bank transfer (automatic),110.96,747.29,Yes
CUST-2923,Male,0,Yes,No,25,Yes,No phone service,Fiber optic,No,No,No,No,No internet service,No,Two year,No,Electronic check,103.94,2557.12,Yes
CUST-2924,Male,0,Yes,No,70,Yes,Yes,No,Yes,No,No internet service,No,Yes,No,Month-to-month,Yes,Electronic check,96.13,6725.16,Yes
CUST-2925,Male,0,Yes,No,29,Yes,Yes,Fiber optic,Yes,No,No,No internet service,No,Yes,Month-to-month,Yes,Electronic check,57.72,1648.47,No
CUST-2926,Male,0,Yes,Yes,6,Yes,No,No,No internet service,No,Yes,Yes,Yes,No,Two year,No,Mailed check,68.94,524.39,No
CUST-2927,Male,0,No,No,66,Yes,No,Fiber optic,No,No,No internet service,No,No,No,Month-to-month,Yes,Credit card (automatic),64.92,4337.74,Yes
CUST-2928,Female,0,No,No,64,Yes,Yes,Fiber optic,No,No,No internet service,No internet service,No,No,Month-to-month,No,Electronic check,43.72,2768.55,Yes
CUST-2929,Male,0,No,No,35,Yes,No,Fiber optic,No,No,No internet service,Yes,Yes,No,Month-to-month,Yes,Electronic check,69.01,2391.58,Yes
CUST-2930,Male,1,No,No,24,Yes,Yes,Fiber optic,No,No,No,No,No,No,Month-to-month,No,Electronic check,21.31,410.47,Yes
CUST-2931,Male,0,No,Yes,36,Yes,Yes,No,No,Yes,No internet service,No,No,No,Month-to-month,No,Bank transfer (automatic),31.5,1140.87,Yes
CUST-2932,Male,0,No,No,0,Yes,Yes,Fiber optic,Yes,No internet service,No,Yes,No internet service,No,Two year,No,Electronic check,107.35, ,No
CUST-2933,Female,0,No,No,14,Yes,No,Fiber optic,Yes,No,Yes,No,No,No internet service,Two year,No,Credit card (automatic),93.79,1317.46,No
CUST-2934,Female,0,Yes,No,36,Yes,No phone service,Fiber optic,No internet service,No internet service,No,Yes,No,No,Two year,No,Mailed check,60.75,2088.69,Yes
CUST-2935,Female,0,Yes,No,12,Yes,No,DSL,No,No,No internet service,No,No,No,Two year,No,Electronic check,70.22,841.3,No
CUST-2936,Female,0,No,No,7,Yes,No,No,No,Yes,No internet service,No internet service,No,No internet service,Month-to-month,No,Electronic check,55.43,472.94,No
CUST-2937,Female,1,Yes,No,4,Yes,No,DSL,No,No,No internet service,No internet service,No,No internet service,Month-to-month,Yes,Mailed check,92.7,373.51,Yes
CUST-2938,Female,0,Yes,Yes,59,Yes,No phone service,No,No,No,No,No,No,No,Month-to-month,Yes,Credit card (automatic),97.06,5687.81,Yes
CUST-2939,Female,0,No,No,72,Yes,Yes,Fiber optic,No internet service,No,Yes,No,No,Yes,Two year,Yes,Bank transfer (automatic),94.96,6836.1,Yes
CUST-2940,Male,1,Yes,No,0,Yes,Yes,No,No,Yes,Yes,No internet service,No internet service,No,One year,Yes,Bank transfer (automatic),90.87, ,No
CUST-2941,Male,0,Yes,No,35,Yes,No,No,No,No,Yes,No,No,No,Month-to-month,Yes,Bank transfer (automatic),38.8,1467.59,Yes
CUST-2942,Female,0,No,No,34,Yes,No,Fiber optic,Yes,No,No internet service,No,No internet service,No,Month-to-month,Yes,Credit card (automatic),52.22,1758.84,Yes
CUST-2943,Male,0,Yes,No,65,Yes,Yes,No,No,No internet service,No,Yes,No internet service,No,Month-to-month,No,Credit card (automatic),65.47,4195.39,Yes
CUST-2944,Male,0,Yes,No,62,Yes,No,DSL,No,No,No,No internet service,No,No,Month-to-month,Yes,Bank transfer (automatic),51.49,3193.45,Yes
CUST-2945,Female,0,No,No,22,Yes,No,Fiber optic,No,Yes,No,No,Yes,No,Two year,Yes,Credit card (automatic),94.12,2080.42,No
CUST-2946,Female,0,Yes,No,8,Yes,Yes,Fiber optic,No internet service,No,No,No,No internet service,No,Month-to-month,No,Bank transfer (automatic),51.35,438.91,Yes
CUST-2947,Male,1,No,No,33,Yes,Yes,DSL,No internet service,No internet service,No,Yes,No,No,Two year,No,Mailed check,32.14,1098.41,No
CUST-2948,Female,0,Yes,No,45,Yes,No,Fiber optic,No internet service,No,No,No internet service,No,No,Month-to-month,No,Electronic check,58.35,2723.53,No
CUST-2949,Female,0,No,Yes,3,Yes,Yes,Fiber optic,No,No,No internet service,No internet service,No internet service,Yes,One year,No,Mailed check,116.73,320.41,No
CUST-2950,Male,0,No,Yes,29,Yes,No,No,No,No internet service,No,No,Yes,No,Two year,Yes,Electronic check,40.95,1153.22,Yes
CUST-2951,Female,0,No,Yes,71,Yes,No phone service,DSL,No,Yes,No,No internet service,Yes,No,Two year,Yes,Bank transfer (automatic),79.77,5570.96,No
CUST-2952,Female,0,No,No,2,Yes,Yes,Fiber optic,No,No,No internet service,Yes,No,Yes,Month-to-month,Yes,Electronic check,61.76,156.6,No
CUST-2953,Female,0,No,Yes,13,Yes,Yes,DSL,Yes,Yes,No,No,No,No,Month-to-month,Yes,Electronic check,25.39,285.7,No
CUST-2954,Male,0,Yes,No,59,Yes,Yes,Fiber optic,No internet service,No,No,No internet service,No,No internet service,Month-to-month,Yes,Electronic check,67.28,4014.11,Yes
CUST-2955,Male,1,Yes,No,44,Yes,Yes,Fiber optic,No internet service,Yes,No internet service,No,No,No internet service,Month-to-month,No,Mailed check,88.82,3883.5,Yes
CUST-2956,Female,0,No,No,33,No,No,Fiber optic,No,No,No,No,Yes,No internet service,One year,Yes,Bank transfer (automatic),69.83,2390.69,Yes
CUST-2957,Female,0,No,No,44,Yes,Yes,Fiber optic,No,Yes,Yes,No internet service,No internet service,No,Two year,Yes,Credit card (automatic),105.9,4587.92,No
CUST-2958,Male,1,No,No,60,Yes,No,DSL,No,No,No internet service,No,No,No,Month-to-month,Yes,Mailed check,47.29,2888.55,Yes
CUST-2959,Female,0,No,No,15,Yes,No,DSL,No internet service,No,No,Yes,No,No,Month-to-month,Yes,Credit card (automatic),26.92,448.99,Yes
CUST-2960,Male,0,No,Yes,65,Yes,No phone service,DSL,No,No,No,No,No internet service,Yes,Month-to-month,Yes,Mailed check,112.37,7330.38,Yes
CUST-2961,Male,0,Yes,Yes,39,Yes,No phone service,Fiber optic,Yes,No,No internet service,No,Yes,No,Two year,No,Electronic check,56.26,2138.28,No
CUST-2962,Male,1,Yes,Yes,16,Yes,No,No,No,No,No,No internet service,Yes,Yes,Two year,No,Credit card (automatic),76.18,1245.44,Yes
CUST-2963,Male,0,No,Yes,33,Yes,No,DSL,No,Yes,No internet service,No internet service,No,Yes,Month-to-month,Yes,Bank transfer (automatic),97.85,3235.39,Yes
CUST-2964,Male,0,No,No,15,Yes,No,DSL,No,Yes,Yes,No internet service,No internet service,Yes,Month-to-month,Yes,Bank transfer (automatic),50.84,671.09,No
CUST-2965,Male,0,Yes,No,59,Yes,No phone service,Fiber optic,No,No internet service,No,Yes,Yes,No,Two year,No,Credit card (automatic),90.22,5400.89,Yes
CUST-2966,Male,0,Yes,No,65,Yes,No,Fiber optic,No,No internet service,Yes,No,No internet service,No,One year,Yes,Bank transfer (automatic),31.86,2053.62,Yes
CUST-2967,Male,1,Yes,No,65,No,Yes,DSL,No internet service,No,Yes,No,No,No,Month-to-month,No,Electronic check,47.53,3163.51,Yes
CUST-2968,Male,0,Yes,No,12,Yes,No,DSL,No,No internet service,No internet service,No,No,No,Two year,Yes,Electronic check,32.79,390.1,No
CUST-2969,Female,0,No,No,55,No,Yes,DSL,No,Yes,No internet service,No internet service,No,No internet service,Two year,Yes,Mailed check,99.78,5537.02,No
CUST-2970,Female,0,Yes,Yes,30,Yes,No phone service,Fiber optic,Yes,No internet service,No internet service,No,Yes,Yes,One year,No,Electronic check,40.63,1175.92,No
CUST-2971,Male,0,No,No,33,Yes,Yes,DSL,Yes,Yes,No,Yes,No,No internet service,One year,Yes,Mailed check,90.35,2992.27,No
CUST-2972,Female,0,No,No,38,Yes,No,Fiber optic,Yes,No,No,No,No,No internet service,Month-to-month,Yes,Electronic check,113.05,4303.1,Yes
CUST-2973,Female,1,No,No,66,Yes,No,Fiber optic,No internet service,No,No,No,No,No,One year,No,Credit card (automatic),71.29,4688.96,Yes
CUST-2974,Male,0,No,Yes,7,Yes,No,Fiber optic,No,No internet service,No,No,No internet service,Yes,Month-to-month,Yes,Electronic check,72.52,464.18,Yes
CUST-2975,Male,0,No,No,54,Yes,No,DSL,No internet service,No,No internet service,No,No internet service,No internet service,Month-to-month,No,Credit card (automatic),64.58,3333.98,Yes
CUST-2976,Male,0,No,Yes,26,No,No,Fiber optic,No,No,No,Yes,No,No,Month-to-month,Yes,Electronic check,51.0,1283.71,Yes
CUST-2977,Female,1,Yes,No,52,Yes,No,Fiber optic,No,Yes,No,No,No internet service,Yes,Month-to-month,Yes,Electronic check,66.05,3469.63,Yes
CUST-2978,Male,0,No,Yes,38,Yes,No,No,No,No,Yes,Yes,No,No,Month-to-month,Yes,Bank transfer (automatic),78.83,2925.78,Yes
CUST-2979,Male,1,Yes,Yes,64,Yes,Yes,DSL,No,No internet service,No,No internet service,No,No,Month-to-month,No,Bank transfer (automatic),117.34,7450.35,Yes
CUST-2980,Female,0,No,Yes,16,Yes,Yes,Fiber optic,Yes,No,No,No,No internet service,No,One year,No,Credit card (automatic),112.5,1728.26,Yes
CUST-2981,Female,1,Yes,No,29,Yes,No,Fiber optic,Yes,No internet service,No,No,Yes,No internet service,One year,Yes,Credit card (automatic),104.9,3052.54,Yes
CUST-2982,Female,0,No,Yes,52,Yes,Yes,DSL,No internet service,Yes,No,Yes,No,No internet service,Month-to-month,No,Bank transfer (automatic),107.61,5551.05,Yes
CUST-2983,Male,0,No,Yes,12,Yes,No phone service,No,No internet service,No,No,Yes,No,No internet service,Month-to-month,Yes,Credit card (automatic),65.27,844.26,No
CUST-2984,Female,0,Yes,No,20,Yes,No,Fiber optic,Yes,No,No,Yes,No,No,Two year,No,Mailed check,84.32,1723.13,Yes
CUST-2985,Male,0,Yes,Yes,18,Yes,No,Fiber optic,No,No internet service,No internet service,No,No,No internet service,Month-to-month,Yes,Electronic check,108.2,1957.61,Yes
CUST-2986,Female,1,No,Yes,52,Yes,No,DSL,No,No internet service,No,No internet service,Yes,No,Two year,Yes,Mailed check,57.74,3017.68,No
CUST-2987,Female,0,No,Yes,18,Yes,Yes,DSL,No,Yes,No internet service,No,No,No,Month-to-month,Yes,Credit card (automatic),114.91,2030.23,Yes
CUST-2988,Female,0,Yes,No,56,Yes,Yes,Fiber optic,No,No,No internet service,No internet service,No,No,One year,No,Bank transfer (automatic),60.04,3324.11,Yes
CUST-2989,Female,0,No,Yes,24,Yes,No,DSL,No,No,No,Yes,No,No internet service,Month-to-month,Yes,Bank transfer (automatic),78.66,1923.39,Yes
CUST-2990,Male,0,No,No,30,Yes,No phone service,Fiber optic,No internet service,No,No,No,No internet service,No,One year,No,Electronic check,89.59,2733.37,No
CUST-2991,Female,0,Yes,No,54,Yes,Yes,Fiber optic,Yes,No internet service,No,No internet service,No,No,Two year,Yes,Bank transfer (automatic),113.78,6179.23,Yes
CUST-2992,Male,1,Yes,No,22,Yes,No,Fiber optic,Yes,No,No internet service,No,No internet service,No,Two year,Yes,Electronic check,42.83,918.73,No
CUST-2993,Male,0,No,No,31,Yes,No phone service,Fiber optic,No,No,No,Yes,No,No,Two year,No,Bank transfer (automatic),93.24,2870.87,Yes
CUST-2994,Male,0,No,No,61,Yes,No phone service,DSL,Yes,No,No internet service,No,No internet service,No,Month-to-month,No,Bank transfer (automatic),70.59,4259.4,Yes
CUST-2995,Male,0,Yes,No,9,No,No,Fiber optic,Yes,No internet service,No,No,Yes,Yes,One year,Yes,Electronic check,45.24,445.57,No
CUST-2996,Male,0,Yes,No,71,Yes,Yes,Fiber optic,No internet service,No internet service,Yes,No internet service,No internet service,No internet service,Month-to-month,No,Mailed check,96.3,6739.23,Yes
CUST-2997,Male,1,No,No,53,Yes,Yes,Fiber optic,No,No,No,No internet service,No,No,One year,Yes,Credit card (automatic),73.75,3798.54,Yes
CUST-2998,Female,0,No,Yes,51,Yes,No,DSL,Yes,Yes,No,No,No,No,Month-to-month,Yes,Mailed check,84.68,4218.44,Yes
CUST-2999,Male,0,Yes,Yes,19,Yes,Yes,DSL,No,Yes,Yes,Yes,No,No internet service,Two year,Yes,Bank transfer (automatic),50.7,856.17,No
CUST-3000,Female,0,Yes,Yes,31,Yes,No,DSL,No,No,No,Yes,No,No,Two year,No,Bank transfer (automatic),66.62,2133.08,No
CUST-3001,Female,0,Yes,No,13,Yes,No,No,Yes,No internet service,No,No internet service,No internet service,No,Month-to-month,No,Electronic check,80.29,1083.11,No
CUST-3002,Male,0,Yes,No,49,Yes,Yes,Fiber optic,No,No internet service,No,No,No,No,Month-to-month,Yes,Electronic check,58.94,2828.13,Yes
CUST-3003,Female,0,No,Yes,27,No,Yes,DSL,No internet service,No internet service,No,No,No,Yes,Month-to-month,Yes,Bank transfer (automatic),38.19,1025.83,Yes
CUST-3004,Male,0,Yes,No,52,Yes,No,DSL,Yes,No,No,No,Yes,No,One year,Yes,Electronic check,114.89,6047.57,No
CUST-3005,Female,0,No,No,23,Yes,Yes,DSL,Yes,No,Yes,No,No,No,Month-to-month,Yes,Electronic check,69.65,1626.96,Yes
CUST-3006,Male,0,No,No,21,Yes,No,Fiber optic,No internet service,No,No,No internet service,No,No,Two year,Yes,Mailed check,92.01,2037.93,No
CUST-3007,Male,0,No,No,29,Yes,No,DSL,No internet service,No,No internet service,Yes,No internet service,No,One year,No,Mailed check,59.56,1721.53,Yes
CUST-3008,Female,0,No,Yes,62,Yes,No,Fiber optic,No internet service,No internet service,No,No,Yes,Yes,One year,Yes,Electronic check,53.94,3311.52,Yes
CUST-3009,Male,0,No,No,3,Yes,No,Fiber optic,No internet service,No internet service,Yes,No,Yes,No,One year,Yes,Electronic check,59.17,123.45,Yes
CUST-3010,Male,0,Yes,Yes,58,Yes,No phone service,No,No,No,No,No,No,No,Month-to-month,Yes,Bank transfer (automatic),59.37,3444.64,Yes
CUST-3011,Female,0,Yes,Yes,7,Yes,No,DSL,No,No,No internet service,Yes,No,No internet service,Two year,No,Credit card (automatic),72.94,557.38,No
CUST-3012,Male,0,Yes,No,11,No,No,Fiber optic,No,No,No internet service,No,No,No,One year,Yes,Credit card (automatic),72.87,806.53,No
CUST-3013,Female,0,No,Yes,30,Yes,Yes,Fiber optic,Yes,No,Yes,No,No,No,Two year,Yes,Mailed check,68.21,2028.39,Yes
CUST-3014,Male,0,Yes,No,33,Yes,No phone service,Fiber optic,No,No internet service,No,Yes,No,Yes,Month-to-month,No,Mailed check,31.8,1112.23,No
CUST-3015,Female,0,No,No,48,Yes,No,No,No,No internet service,No internet service,No,No,No internet service,One year,Yes,Bank transfer (automatic),68.11,3295.72,Yes
CUST-3016,Male,0,No,No,56,Yes,No phone service,Fiber optic,No internet service,No internet service,Yes,No,No,No,Month-to-month,No,Electronic check,35.24,1967.77,Yes
CUST-3017,Female,0,Yes,No,25,Yes,No,Fiber optic,No,No internet service,Yes,No internet service,No internet service,No,One year,Yes,Bank transfer (automatic),30.93,734.92,No
CUST-3018,Male,0,Yes,No,17,Yes,No,Fiber optic,No internet service,No,No,No,Yes,No,Two year,No,Electronic check,111.98,1890.94,Yes
CUST-3019,Male,0,No,No,37,Yes,No,No,No internet service,Yes,No,Yes,No,No,Two year,Yes,Bank transfer (automatic),79.05,2948.49,Yes
CUST-3020,Male,0,No,Yes,49,Yes,Yes,Fiber optic,No,Yes,No,No,No,No,Two year,Yes,Credit card (automatic),84.53,4102.95,No
CUST-3021,Female,0,Yes,No,7,Yes,No phone service,No,Yes,No,No,No,No,No,Month-to-month,Yes,Mailed check,58.63,348.73,No
CUST-3022,Male,1,Yes,Yes,40,No,Yes,DSL,No internet service,No internet service,No,Yes,No,No,Two year,Yes,Mailed check,109.6,4359.99,Yes
CUST-3023,Male,0,Yes,No,5,Yes,No phone service,Fiber optic,No internet service,Yes,No,Yes,No internet service,No,Two year,Yes,Credit card (automatic),82.36,409.34,Yes
CUST-3024,Female,0,Yes,No,68,Yes,No,No,No,No,No,No,Yes,No,Month-to-month,Yes,Mailed check,95.55,6565.56,Yes
CUST-3025,Female,0,No,Yes,43,Yes,No,DSL,No,No,No,No,No,No,Two year,No,Credit card (automatic),55.29,2319.47,Yes
CUST-3026,Male,0,Yes,Yes,63,Yes,Yes,No,No,No,No,No internet service,Yes,Yes,Month-to-month,No,Electronic check,114.73,7239.33,Yes
CUST-3027,Female,0,Yes,No,28,Yes,No,DSL,No,No internet service,No,No,No,No,One year,Yes,Bank transfer (automatic),100.71,2806.0,No
CUST-3028,Male,0,Yes,No,27,Yes,Yes,No,No,No,Yes,No,No internet service,No,Month-to-month,No,Credit card (automatic),104.07,2798.49,Yes
CUST-3029,Female,0,No,No,10,Yes,No,Fiber optic,No,No,No internet service,No internet service,No,No internet service,Two year,Yes,Mailed check,35.56,432.57,No
CUST-3030,Female,0,Yes,Yes,64,No,No,DSL,No internet service,No,No,No internet service,No,No internet service,Month-to-month,Yes,Bank transfer (automatic),45.48,2914.78,Yes
CUST-3031,Female,0,Yes,No,18,Yes,No,No,Yes,No internet service,Yes,No,Yes,No,Month-to-month,No,Mailed check,46.96,799.6,No
CUST-3032,Male,0,Yes,No,8,Yes,No phone service,DSL,No,Yes,No,No,No internet service,No internet service,Month-to-month,No,Bank transfer (automatic),45.48,408.28,No
CUST-3033,Male,0,Yes,No,26,Yes,Yes,DSL,No,No,Yes,No internet service,No internet service,No internet service,Month-to-month,No,Bank transfer (automatic),104.22,2750.48,Yes
CUST-3034,Male,0,No,No,33,Yes,Yes,DSL,No internet service,Yes,Yes,No,No,No,One year,Yes,Electronic check,21.45,657.79,No
CUST-3035,Male,0,Yes,No,43,Yes,Yes,Fiber optic,No,No,No,No,No,No internet service,Month-to-month,No,Electronic check,25.9,1054.05,Yes
CUST-3036,Female,1,Yes,No,67,Yes,Yes,No,No,No internet service,No internet service,No internet service,No,No,One year,No,Electronic check,45.78,3087.79,Yes
CUST-3037,Male,1,No,No,14,Yes,Yes,DSL,No,No internet service,Yes,No,No internet service,No internet service,Two year,Yes,Electronic check,38.34,535.11,No
CUST-3038,Male,0,No,No,50,Yes,No,Fiber optic,Yes,Yes,No internet service,No,Yes,No,Two year,Yes,Credit card (automatic),41.55,2053.97,No
CUST-3039,Male,0,Yes,No,12,Yes,No,DSL,No,Yes,Yes,No,Yes,No internet service,Two year,Yes,Electronic check,98.44,1234.09,No
CUST-3040,Female,0,Yes,No,48,Yes,No phone service,Fiber optic,No internet service,No internet service,No internet service,No,No,Yes,Month-to-month,Yes,Bank transfer (automatic),74.84,3562.71,Yes
CUST-3041,Female,0,No,No,69,Yes,Yes,DSL,No,No,Yes,No,No,No,Month-to-month,Yes,Electronic check,18.83,1320.35,Yes
CUST-3042,Male,0,Yes,No,55,Yes,Yes,DSL,No,Yes,No internet service,Yes,Yes,No,Month-to-month,No,Mailed check,61.4,3435.73,Yes
CUST-3043,Female,0,No,No,50,Yes,No,DSL,No,No,No internet service,No internet service,No internet service,No internet service,Month-to-month,Yes,Mailed check,59.24,2945.04,Yes
CUST-3044,Female,0,Yes,No,36,Yes,Yes,Fiber optic,No,No,No internet service,No,No,No,Two year,No,Mailed check,29.7,977.75,Yes
CUST-3045,Female,0,Yes,No,16,No,Yes,No,No,Yes,Yes,No internet service,No,No,Month-to-month,Yes,Bank transfer (automatic),86.2,1359.05,Yes
CUST-3046,Female,0,No,Yes,57,Yes,No,Fiber optic,No internet service,Yes,No,No,No internet service,No,Two year,Yes,Electronic check,88.81,5071.63,No
CUST-3047,Female,0,Yes,Yes,28,Yes,Yes,DSL,No,No,No internet service,No internet service,No,No,Month-to-month,Yes,Credit card (automatic),90.7,2589.75,No
CUST-3048,Male,0,Yes,No,32,No,Yes,Fiber optic,Yes,No,No,No internet service,No,Yes,Two year,Yes,Credit card (automatic),91.46,2900.66,No
CUST-3049,Female,0,No,No,59,Yes,No,No,Yes,No internet service,No,Yes,No,No internet service,Month-to-month,Yes,Electronic check,18.26,1163.49,No
CUST-3050,Female,0,Yes,No,54,Yes,Yes,DSL,No,No,No internet service,No internet service,No,No,Month-to-month,No,Bank transfer (automatic),114.12,6097.54,Yes
CUST-3051,Female,0,No,No,9,Yes,Yes,DSL,Yes,No,Yes,Yes,No,Yes,One year,Yes,Bank transfer (automatic),100.08,908.93,No
CUST-3052,Male,0,Yes,No,46,Yes,No,DSL,No,No internet service,No internet service,No internet service,Yes,No,Month-to-month,No,Electronic check,109.1,5006.64,Yes
CUST-3053,Female,0,Yes,Yes,22,Yes,No,Fiber optic,No,Yes,No,No,No internet service,Yes,One year,No,Electronic check,19.82,503.39,No
CUST-3054,Female,0,Yes,No,20,Yes,No,Fiber optic,No internet service,No,No,No,Yes,No,One year,Yes,Mailed check,112.1,2168.32,Yes
CUST-3055,Female,0,Yes,Yes,12,Yes,Yes,Fiber optic,No,No,No,No internet service,Yes,No,Month-to-month,No,Credit card (automatic),99.63,1216.84,Yes
CUST-3056,Female,0,No,No,32,Yes,No,DSL,No,No internet service,No,No,Yes,No,Two year,Yes,Electronic check,102.39,3264.27,Yes
CUST-3057,Male,0,No,Yes,23,Yes,Yes,DSL,Yes,No,No,No,No,No internet service,Month-to-month,Yes,Electronic check,27.63,711.95,No
CUST-3058,Male,0,Yes,Yes,10,Yes,Yes,No,No internet service,No,No,Yes,No internet service,No,One year,Yes,Credit card (automatic),92.5,883.57,No
CUST-3059,Male,0,Yes,No,16,Yes,Yes,DSL,No internet service,No,Yes,Yes,No,No,Month-to-month,Yes,Electronic check,114.72,1856.29,No
CUST-3060,Male,0,No,No,67,Yes,No,No,No internet service,No internet service,No,No,No,No internet service,One year,No,Electronic check,86.44,5749.57,No
CUST-3061,Female,0,Yes,No,46,Yes,No,Fiber optic,No internet service,No,No internet service,No,No,Yes,Month-to-month,Yes,Mailed check,75.59,3486.54,Yes
CUST-3062,Male,0,No,No,24,Yes,Yes,DSL,No internet service,No,No,No,No,No,Month-to-month,No,Credit card (automatic),113.29,2700.49,Yes
CUST-3063,Male,0,No,Yes,72,Yes,Yes,Fiber optic,Yes,Yes,No,Yes,Yes,No internet service,Month-to-month,Yes,Electronic check,62.77,4500.18,Yes
CUST-3064,Male,0,Yes,No,20,No,Yes,No,No,No internet service,Yes,No internet service,Yes,Yes,Month-to-month,Yes,Mailed check,78.48,1470.23,Yes
CUST-3065,Female,0,Yes,No,11,Yes,No phone service,Fiber optic,Yes,No internet service,No,No,No,No,Month-to-month,No,Electronic check,66.12,748.05,Yes
CUST-3066,Male,0,No,No,36,Yes,No,No,Yes,No,No,No internet service,No,No,One year,Yes,Electronic check,112.0,3977.89,Yes
CUST-3067,Female,0,No,No,41,Yes,No phone service,DSL,No,No,No,Yes,No,No internet service,One year,Yes,Mailed check,25.9,1006.07,Yes
CUST-3068,Female,1,No,Yes,16,Yes,No,Fiber optic,No internet service,No,No,No,No,No internet service,Month-to-month,No,Electronic check,68.61,1020.0,No
CUST-3069,Female,0,Yes,No,47,Yes,No,No,Yes,No,Yes,No,No internet service,No,Month-to-month,No,Bank transfer (automatic),87.29,4049.83,Yes
CUST-3070,Male,0,No,Yes,27,Yes,No,No,No internet service,Yes,No,No,No,No,Month-to-month,No,Electronic check,97.84,2666.7,Yes
CUST-3071,Male,0,No,Yes,40,No,Yes,Fiber optic,Yes,Yes,No internet service,Yes,Yes,No,Month-to-month,Yes,Bank transfer (automatic),76.84,3096.16,Yes
CUST-3072,Male,0,Yes,No,46,Yes,No,Fiber optic,Yes,Yes,Yes,No,Yes,Yes,Month-to-month,Yes,Bank transfer (automatic),109.6,5074.79,Yes
CUST-3073,Male,0,No,No,17,Yes,No,DSL,No,No internet service,No,No,Yes,No internet service,Month-to-month,Yes,Credit card (automatic),112.92,1868.29,Yes
CUST-3074,Female,0,Yes,No,70,Yes,Yes,DSL,No internet service,No,No,No internet service,Yes,Yes,Two year,Yes,Mailed check,24.71,1740.44,Yes
CUST-3075,Male,1,Yes,No,12,Yes,Yes,DSL,No,No,No internet service,No,No,No,One year,No,Credit card (automatic),58.69,673.51,No
CUST-3076,Male,0,Yes,Yes,12,Yes,Yes,DSL,No,No internet service,No,No,No,No,Month-to-month,Yes,Bank transfer (automatic),20.61,295.06,Yes
CUST-3077,Male,0,No,Yes,30,Yes,No,DSL,No,No,Yes,No,No internet service,No,Month-to-month,No,Electronic check,51.36,1562.1,No
CUST-3078,Female,0,Yes,No,1,Yes,No,DSL,No,No,No,No internet service,Yes,No,One year,No,Electronic check,72.21,39.38,Yes
CUST-3079,Female,0,No,No,15,Yes,No,No,No internet service,Yes,No,Yes,No internet service,No,Month-to-month,No,Credit card (automatic),109.78,1698.73,Yes
CUST-3080,Female,0,No,No,8,Yes,No,Fiber optic,No,No,No,No internet service,Yes,No,Two year,Yes,Electronic check,103.33,852.01,No
CUST-3081,Female,0,Yes,No,72,Yes,Yes,Fiber optic,No,No internet service,Yes,No,No internet service,No,Two year,No,Electronic check,31.06,2166.97,Yes
CUST-3082,Male,0,Yes,No,37,Yes,Yes,No,Yes,No,No,No,Yes,No internet service,One year,No,Bank transfer (automatic),27.6,937.62,No
CUST-3083,Female,0,Yes,No,53,Yes,Yes,DSL,Yes,No,No,No,Yes,No,Month-to-month,Yes,Bank transfer (automatic),77.47,4038.53,Yes
CUST-3084,Female,0,Yes,No,55,Yes,No,Fiber optic,No,No,Yes,No,No,No,Two year,No,Credit card (automatic),71.73,4027.61,Yes
CUST-3085,Male,0,No,No,44,Yes,No,Fiber optic,No,No,Yes,No,No,No,Two year,No,Electronic check,45.02,1930.11,Yes
CUST-3086,Male,0,Yes,No,33,Yes,No,DSL,No internet service,No,No,No,No internet service,No,One year,Yes,Electronic check,108.65,3679.26,No
CUST-3087,Male,0,Yes,No,8,Yes,No phone service,Fiber optic,No,No,No,No,Yes,No internet service,One year,Yes,Mailed check,111.45,838.23,Yes
CUST-3088,Female,0,Yes,No,7,Yes,Yes,DSL,No,No,No,No,No,No,Month-to-month,Yes,Credit card (automatic),58.71,352.28,Yes
CUST-3089,Female,0,Yes,No,6,Yes,Yes,DSL,No,No,No,Yes,No,Yes,Month-to-month,Yes,Electronic check,107.73,690.38,Yes
CUST-3090,Male,0,Yes,Yes,35,Yes,Yes,DSL,Yes,No,No,No,No internet service,No,One year,No,Mailed check,56.84,2035.68,No
CUST-3091,Female,0,Yes,No,17,No,No,No,No,No,Yes,No,Yes,Yes,Two year,Yes,Electronic check,92.3,1596.89,No
CUST-3092,Male,0,Yes,Yes,2,Yes,Yes,Fiber optic,Yes,No,No,No internet service,No internet service,No internet service,One year,Yes,Bank transfer (automatic),66.08,165.97,Yes
CUST-3093,Male,0,Yes,No,27,Yes,No,Fiber optic,No,No internet service,Yes,No,Yes,No,Two year,Yes,Electronic check,30.57,785.31,No
CUST-3094,Female,0,Yes,No,69,Yes,No,Fiber optic,Yes,No internet service,No,No,No internet service,No internet service,Month-to-month,Yes,Electronic check,111.51,7735.84,Yes
CUST-3095,Male,0,No,No,43,Yes,No,DSL,No,No,No,No internet service,No internet service,No,Month-to-month,Yes,Mailed check,63.89,2759.27,Yes
CUST-3096,Male,0,Yes,No,20,Yes,No,Fiber optic,No,No internet service,No,No,Yes,No,Month-to-month,No,Bank transfer (automatic),92.07,1823.14,Yes
CUST-3097,Female,1,No,No,27,Yes,No,Fiber optic,No,Yes,No,No internet service,No,Yes,Month-to-month,Yes,Credit card (automatic),55.15,1493.78,No
CUST-3098,Female,0,Yes,No,53,Yes,No,DSL,No,No internet service,No,No internet service,No internet service,Yes,One year,Yes,Electronic check,20.15,1120.98,No
CUST-3099,Female,0,No,Yes,53,Yes,Yes,Fiber optic,No,Yes,No internet service,No,No,No,Month-to-month,Yes,Bank transfer (automatic),28.35,1522.14,Yes
CUST-3100,Female,0,Yes,No,64,Yes,Yes,DSL,No,No internet service,No,No,No,No,Two year,No,Electronic check,68.12,4251.79,No
CUST-3101,Male,0,No,No,20,Yes,Yes,DSL,No,Yes,Yes,No,Yes,Yes,Two year,Yes,Bank transfer (automatic),87.59,1796.36,No
CUST-3102,Female,0,No,Yes,12,Yes,No phone service,No,No,Yes,No internet service,Yes,No,Yes,Month-to-month,Yes,Electronic check,51.89,663.41,No
CUST-3103,Female,0,No,No,56,Yes,Yes,Fiber optic,Yes,No internet service,No,No,Yes,No,Month-to-month,Yes,Electronic check,88.15,4917.45,Yes
CUST-3104,Male,0,No,No,48,Yes,No,Fiber optic,No,Yes,Yes,No,Yes,Yes,One year,Yes,Electronic check,88.46,4251.92,Yes
CUST-3105,Male,0,No,No,53,Yes,Yes,Fiber optic,No,No internet service,No,Yes,Yes,No,Two year,Yes,Mailed check,89.0,4722.64,Yes
CUST-3106,Male,0,No,No,9,Yes,No,Fiber optic,No,Yes,Yes,Yes,No,Yes,One year,No,Electronic check,67.75,510.78,No
CUST-3107,Male,1,No,No,52,Yes,No,Fiber optic,No,No,No,No internet service,No internet service,Yes,Month-to-month,Yes,Electronic check,110.2,5710.32,Yes
CUST-3108,Female,0,No,No,43,Yes,Yes,Fiber optic,Yes,Yes,No,Yes,No internet service,No internet service,Month-to-month,Yes,Electronic check,67.41,2880.48,Yes
CUST-3109,Female,0,Yes,No,46,No,No phone service,Fiber optic,No,No internet service,No,No,No,No,Month-to-month,No,Electronic check,63.5,2913.06,Yes
CUST-3110,Female,0,Yes,No,52,Yes,No,No,No,No,Yes,No,No,Yes,Month-to-month,No,Credit card (automatic),38.29,1964.79,No
CUST-3111,Male,1,No,No,45,Yes,Yes,No,No,No,No,No,Yes,Yes,Two year,Yes,Mailed check,49.17,2245.79,Yes
CUST-3112,Male,0,Yes,Yes,12,No,No,Fiber optic,No,Yes,No,No,No,No,Two year,Yes,Mailed check,22.5,229.54,No
CUST-3113,Male,0,Yes,No,36,Yes,No,No,No,Yes,Yes,No,No internet service,Yes,Month-to-month,No,Bank transfer (automatic),81.92,2994.62,Yes
CUST-3114,Male,0,Yes,No,23,Yes,No,Fiber optic,No internet service,Yes,No,No,No,No,Month-to-month,Yes,Electronic check,43.23,1025.08,Yes
CUST-3115,Male,0,No,No,1,Yes,Yes,Fiber optic,No,Yes,No internet service,Yes,No internet service,No,Month-to-month,Yes,Credit card (automatic),48.82,116.84,No
CUST-3116,Female,0,Yes,No,13,Yes,Yes,DSL,No internet service,Yes,No,No internet service,No,No,Two year,Yes,Electronic check,95.72,1331.05,Yes
CUST-3117,Female,0,No,No,9,Yes,No,Fiber optic,No,No internet service,Yes,No,No internet service,No internet service,Month-to-month,No,Mailed check,51.14,547.28,Yes
CUST-3118,Male,0,Yes,No,34,Yes,No,No,No,No,No internet service,No internet service,No,No internet service,One year,Yes,Bank transfer (automatic),42.59,1388.78,No
CUST-3119,Male,0,Yes,No,24,Yes,No,No,No,Yes,No,No,Yes,Yes,Month-to-month,No,Mailed check,35.24,862.97,No
CUST-3120,Female,0,No,No,2,Yes,Yes,No,No internet service,Yes,No,No,No,No,One year,No,Mailed check,96.12,156.35,No
CUST-3121,Female,0,Yes,No,16,Yes,Yes,DSL,No internet service,No,No,No,No,No,Month-to-month,No,Bank transfer (automatic),31.29,664.65,No
CUST-3122,Female,0,Yes,No,11,Yes,No,Fiber optic,Yes,Yes,Yes,No,Yes,No,Month-to-month,Yes,Credit card (automatic),63.85,733.05,Yes
CUST-3123,Male,0,No,No,53,Yes,No,DSL,No,Yes,No,No,No,No,One year,Yes,Bank transfer (automatic),69.2,3738.42,No
CUST-3124,Male,0,No,No,23,Yes,No phone service,DSL,Yes,No internet service,No internet service,Yes,Yes,No,One year,No,Electronic check,87.33,2030.36,Yes
CUST-3125,Male,1,Yes,Yes,28,Yes,No,Fiber optic,No,No internet service,Yes,No,No,No,Month-to-month,No,Bank transfer (automatic),81.89,2161.15,Yes
CUST-3126,Female,0,Yes,No,42,Yes,No,Fiber optic,Yes,No,No internet service,No,No,No,Month-to-month,No,Credit card (automatic),99.73,4149.48,Yes
CUST-3127,Female,0,No,No,24,Yes,No,Fiber optic,No,No internet service,No,No,Yes,No,Month-to-month,No,Mailed check,22.75,511.72,Yes
CUST-3128,Female,0,Yes,No,59,Yes,No,Fiber optic,Yes,No,Yes,No internet service,No,No internet service,Month-to-month,No,Mailed check,48.04,2814.85,Yes
CUST-3129,Male,0,Yes,Yes,64,Yes,Yes,DSL,No internet service,Yes,Yes,No internet service,No,No,One year,Yes,Bank transfer (automatic),46.4,2987.58,Yes
CUST-3130,Female,0,Yes,No,27,No,No phone service,DSL,No,No,No internet service,No,No,Yes,Two year,No,Electronic check,32.92,913.91,Yes
CUST-3131,Male,0,Yes,No,15,Yes,No,No,No internet service,Yes,No,No,No internet service,Yes,Month-to-month,No,Bank transfer (automatic),47.31,578.28,No
CUST-3132,Male,1,Yes,No,46,Yes,Yes,DSL,No,No,No,No,No,No,Month-to-month,Yes,Electronic check,49.38,2259.63,No
CUST-3133,Male,0,Yes,Yes,57,Yes,No,DSL,Yes,No internet service,No,No,No internet service,No,Month-to-month,No,Electronic check,70.7,4005.61,Yes
CUST-3134,Male,0,No,No,26,Yes,No,No,No internet service,No,No,No,Yes,No,Month-to-month,No,Bank transfer (automatic),84.95,2277.75,Yes
CUST-3135,Female,0,Yes,No,52,Yes,No,No,Yes,No,No,Yes,No internet service,Yes,Month-to-month,Yes,Electronic check,56.55,2970.21,Yes
CUST-3136,Male,0,Yes,Yes,41,Yes,No phone service,Fiber optic,No,No internet service,Yes,Yes,No,No,One year,Yes,Electronic check,90.56,3703.81,Yes
CUST-3137,Female,0,No,No,58,Yes,No,DSL,No,No,Yes,Yes,No internet service,Yes,Month-to-month,No,Electronic check,52.03,3028.92,No
CUST-3138,Male,0,No,No,46,Yes,Yes,DSL,Yes,No internet service,No,No,No,No,One year,Yes,Electronic check,47.42,2096.97,No
CUST-3139,Female,0,Yes,Yes,33,Yes,No,No,No internet service,No,No internet service,No,No,No,Two year,Yes,Mailed check,72.64,2430.19,Yes
CUST-3140,Female,0,Yes,No,36,Yes,Yes,No,Yes,No internet service,No internet service,No,No,Yes,Two year,No,Credit card (automatic),20.63,722.9,Yes
CUST-3141,Male,1,Yes,No,5,Yes,No phone service,Fiber optic,No,No,No internet service,No internet service,No,No,Two year,Yes,Credit card (automatic),26.27,90.98,No
CUST-3142,Male,0,No,No,6,Yes,Yes,DSL,No internet service,No,No internet service,Yes,No,No,Two year,Yes,Electronic check,60.26,427.27,No
CUST-3143,Male,1,Yes,No,24,Yes,No,DSL,No internet service,Yes,Yes,No,No,No internet service,Two year,Yes,Electronic check,113.01,2725.92,No
CUST-3144,Female,0,Yes,No,32,Yes,No,DSL,No,No internet service,No internet service,No,No,No,Month-to-month,No,Mailed check,90.76,2871.05,Yes
CUST-3145,Female,0,No,No,54,No,No phone service,Fiber optic,No internet service,No,Yes,No,No,No internet service,Month-to-month,No,Mailed check,27.11,1433.72,Yes
CUST-3146,Male,0,No,No,57,Yes,Yes,DSL,No,No internet service,No,No internet service,No,No internet service,Month-to-month,No,Credit card (automatic),103.3,5906.4,Yes
CUST-3147,Male,0,No,No,6,Yes,Yes,No,No,No,No,No,No,No,One year,No,Electronic check,91.85,565.51,No
CUST-3148,Female,0,No,No,56,Yes,No,DSL,No,No internet service,No,No,No,No,Two year,Yes,Bank transfer (automatic),79.65,4461.87,No
CUST-3149,Male,0,No,No,11,Yes,No,Fiber optic,Yes,No internet service,No internet service,No,No internet service,No,Month-to-month,Yes,Bank transfer (automatic),100.69,1047.42,No
CUST-3150,Male,1,No,Yes,15,Yes,No,DSL,Yes,Yes,No,No,No,No,One year,No,Mailed check,58.86,830.13,No
CUST-3151,Male,0,Yes,Yes,42,Yes,Yes,Fiber optic,No,No,No,No internet service,No,No,One year,Yes,Bank transfer (automatic),40.51,1664.0,No
CUST-3152,Male,1,Yes,No,6,Yes,Yes,DSL,No internet service,Yes,No,No,No,Yes,Two year,Yes,Credit card (automatic),69.71,408.45,No
CUST-3153,Female,0,No,Yes,50,Yes,No,Fiber optic,No internet service,Yes,No,No,No internet service,Yes,One year,No,Electronic check,73.41,3668.43,Yes
CUST-3154,Female,0,No,No,72,Yes,Yes,Fiber optic,No,Yes,Yes,No,No internet service,No,Two year,Yes,Electronic check,72.35,5201.2,Yes
CUST-3155,Male,0,No,No,31,Yes,Yes,DSL,No internet service,Yes,No internet service,No,No,No,Month-to-month,No,Bank transfer (automatic),75.04,2320.53,Yes
CUST-3156,Male,0,Yes,No,7,Yes,No,No,Yes,No,No internet service,No,No,No,Month-to-month,Yes,Bank transfer (automatic),113.59,889.19,No
CUST-3157,Female,0,No,No,71,Yes,Yes,Fiber optic,No,No,No,Yes,No,No,Month-to-month,Yes,Electronic check,108.93,7776.49,Yes
CUST-3158,Male,1,Yes,No,44,Yes,Yes,No,No,No,No internet service,No,No internet service,No,Month-to-month,Yes,Electronic check,106.26,4734.85,Yes
CUST-3159,Male,0,No,No,58,Yes,Yes,No,No internet service,Yes,No,No,Yes,No,Month-to-month,Yes,Electronic check,98.79,5753.03,Yes
CUST-3160,Female,0,No,No,3,Yes,Yes,No,Yes,No,No,No,No,No,One year,No,Bank transfer (automatic),113.06,342.8,No
CUST-3161,Female,0,Yes,No,66,Yes,No,DSL,No,No,No internet service,Yes,No internet service,No,One year,Yes,Credit card (automatic),28.15,1878.4,Yes
CUST-3162,Female,0,No,No,28,Yes,No,DSL,Yes,No,No,No,No,No,One year,Yes,Credit card (automatic),44.89,1268.21,No
CUST-3163,Female,0,No,Yes,28,Yes,No phone service,No,No,No,No internet service,Yes,No internet service,No,Month-to-month,Yes,Mailed check,68.0,1944.4,No
CUST-3164,Female,0,No,No,27,No,Yes,Fiber optic,No internet service,No,No internet service,No,No,No,Month-to-month,Yes,Electronic check,103.33,2741.15,No
CUST-3165,Female,0,Yes,No,43,Yes,No phone service,DSL,No,No internet service,No,No,No,No,Month-to-month,No,Electronic check,69.02,3004.1,Yes
CUST-3166,Female,0,Yes,No,3,Yes,No,Fiber optic,No internet service,No internet service,Yes,No internet service,Yes,No,Month-to-month,No,Mailed check,93.43,288.64,Yes
CUST-3167,Male,0,No,Yes,8,No,No,DSL,No,No,No,No,Yes,No,One year,No,Electronic check,32.22,167.41,No
CUST-3168,Male,0,No,No,4,Yes,Yes,Fiber optic,No,No internet service,Yes,No,No,No,Month-to-month,No,Credit card (automatic),43.62,178.77,No
CUST-3169,Female,0,No,No,55,Yes,No phone service,No,No,No,No,No internet service,Yes,No internet service,Month-to-month,Yes,Mailed check,91.79,4983.14,Yes
CUST-3170,Male,0,Yes,No,49,Yes,Yes,No,Yes,Yes,No,No,No,No,One year,Yes,Credit card (automatic),34.81,1678.94,No
CUST-3171,Female,0,Yes,No,14,Yes,No,DSL,Yes,No,No internet service,No,No,No,Month-to-month,Yes,Electronic check,53.56,741.88,Yes
CUST-3172,Female,0,Yes,No,31,Yes,No phone service,Fiber optic,Yes,No internet service,No,Yes,No internet service,No internet service,Two year,Yes,Mailed check,44.87,1315.61,No
CUST-3173,Female,0,Yes,Yes,27,Yes,No,Fiber optic,No,Yes,No,No,Yes,Yes,Month-to-month,Yes,Credit card (automatic),53.41,1439.38,Yes
CUST-3174,Male,0,Yes,Yes,21,Yes,Yes,Fiber optic,Yes,No,Yes,No,Yes,No internet service,Two year,Yes,Electronic check,89.44,1881.66,No
CUST-3175,Female,0,No,No,16,Yes,No,DSL,No,Yes,No,No internet service,Yes,Yes,Month-to-month,Yes,Mailed check,55.22,921.27,Yes
CUST-3176,Female,0,No,No,58,Yes,No,Fiber optic,No,No,No,No,No,No,One year,Yes,Credit card (automatic),74.05,4272.21,Yes
CUST-3177,Male,0,No,No,70,Yes,Yes,Fiber optic,No,No internet service,No,No,Yes,No,Month-to-month,Yes,Bank transfer (automatic),28.29,1994.02,Yes
CUST-3178,Female,0,Yes,No,56,Yes,No,Fiber optic,Yes,No internet service,No,No,No,No internet service,Two year,No,Bank transfer (automatic),99.15,5547.63,Yes
CUST-3179,Male,0,No,No,25,Yes,No,No,Yes,Yes,No,No,No,No internet service,Month-to-month,Yes,Bank transfer (automatic),55.42,1364.59,No
CUST-3180,Male,0,No,Yes,24,Yes,No,Fiber optic,No internet service,No,No,No,No internet service,No internet service,Month-to-month,Yes,Mailed check,83.43,1918.79,Yes
CUST-3181,Female,0,Yes,No,9,Yes,No,DSL,No internet service,No,No,No internet service,Yes,No,Two year,Yes,Mailed check,91.15,814.77,No
CUST-3182,Female,0,Yes,No,44,Yes,No,Fiber optic,No internet service,No,No,No,No internet service,No,Month-to-month,Yes,Electronic check,39.32,1767.31,Yes
CUST-3183,Male,0,Yes,Yes,10,Yes,No,No,Yes,No,No internet service,No internet service,No,No internet service,Month-to-month,No,Mailed check,107.16,1024.91,No
CUST-3184,Female,0,No,No,52,Yes,No phone service,DSL,Yes,Yes,No,No,No internet service,Yes,Month-to-month,Yes,Mailed check,80.18,4158.47,Yes
CUST-3185,Female,1,No,No,71,Yes,Yes,Fiber optic,Yes,Yes,No,No internet service,No internet service,Yes,One year,Yes,Credit card (automatic),61.34,4351.62,Yes
CUST-3186,Female,0,Yes,No,67,Yes,No,DSL,No internet service,No internet service,No,No,Yes,No,Month-to-month,No,Electronic check,36.57,2505.31,Yes
CUST-3187,Male,0,Yes,Yes,27,Yes,No,Fiber optic,No internet service,No,No,No,No internet service,No,Month-to-month,Yes,Electronic check,112.95,3051.16,No
CUST-3188,Female,0,Yes,No,64,Yes,Yes,No,No,Yes,No,No,No internet service,No,Month-to-month,Yes,Electronic check,94.13,6038.72,No
CUST-3189,Female,0,No,No,48,Yes,Yes,No,Yes,No,Yes,No internet service,No internet service,No internet service,One year,Yes,Mailed check,39.16,1879.25,No
CUST-3190,Female,1,No,No,46,Yes,No,Fiber optic,No internet service,No,No,Yes,Yes,No,One year,No,Electronic check,52.19,2376.12,No
CUST-3191,Male,0,No,Yes,51,Yes,Yes,Fiber optic,No,No,No internet service,No internet service,No internet service,No,Month-to-month,Yes,Bank transfer (automatic),99.62,5023.9,Yes
CUST-3192,Female,0,No,No,53,Yes,Yes,No,No internet service,Yes,No internet service,No,Yes,Yes,Month-to-month,Yes,Mailed check,88.17,4658.76,Yes
CUST-3193,Male,0,No,Yes,59,Yes,Yes,No,No,No,No,No,No internet service,No,Month-to-month,No,Mailed check,95.21,5637.06,Yes
CUST-3194,Male,0,Yes,No,56,Yes,Yes,Fiber optic,Yes,No,No,No,No,No,Month-to-month,Yes,Mailed check,62.59,3511.19,Yes
CUST-3195,Male,0,Yes,Yes,46,Yes,No phone service,Fiber optic,No internet service,Yes,No internet service,No,No internet service,No internet service,Month-to-month,Yes,Bank transfer (automatic),90.26,4225.94,Yes
CUST-3196,Male,0,Yes,No,30,Yes,No,Fiber optic,No,No internet service,No,No,No,No,Month-to-month,No,Bank transfer (automatic),57.09,1759.99,Yes
CUST-3197,Male,0,Yes,No,45,Yes,Yes,DSL,No,Yes,No,No,No,No,Month-to-month,No,Bank transfer (automatic),39.48,1838.63,Yes
CUST-3198,Male,0,No,No,25,Yes,No phone service,Fiber optic,Yes,No,No,No,No,No internet service,Two year,Yes,Bank transfer (automatic),81.83,1944.14,No
CUST-3199,Male,0,No,Yes,4,Yes,No,No,No,Yes,No internet service,No,No internet service,Yes,Month-to-month,No,Electronic check,116.34,544.33,Yes
CUST-3200,Male,0,Yes,No,51,Yes,No,No,Yes,No internet service,No,Yes,No,No internet service,One year,No,Credit card (automatic),49.47,2536.31,Yes
CUST-3201,Male,1,No,Yes,53,Yes,No phone service,No,No,No,No,No,No,Yes,Month-to-month,No,Electronic check,64.58,3443.19,Yes
CUST-3202,Female,0,No,Yes,32,Yes,No,DSL,No,No,Yes,No internet service,No,Yes,Month-to-month,Yes,Bank transfer (automatic),85.99,2796.48,Yes
CUST-3203,Male,1,Yes,Yes,49,Yes,No,Fiber optic,No,Yes,No,Yes,No internet service,No internet service,Two year,No,Bank transfer (automatic),72.67,3561.9,Yes
CUST-3204,Male,0,No,No,37,No,Yes,DSL,No,No internet service,No,No,No,No,Month-to-month,No,Mailed check,103.01,3757.85,Yes
CUST-3205,Female,0,Yes,No,26,Yes,Yes,DSL,No,No,No,No,Yes,Yes,Month-to-month,Yes,Electronic check,94.81,2537.43,Yes
CUST-3206,Female,1,Yes,No,14,Yes,No,No,No internet service,Yes,Yes,Yes,No internet service,Yes,One year,Yes,Electronic check,24.11,299.13,No
CUST-3207,Male,0,Yes,Yes,60,Yes,Yes,Fiber optic,No internet service,No,No,No,No internet service,Yes,Month-to-month,Yes,Credit card (automatic),118.59,7066.11,Yes
CUST-3208,Female,0,Yes,No,20,No,Yes,Fiber optic,No,No internet service,No internet service,Yes,No,No,Month-to-month,Yes,Mailed check,93.87,1865.68,No
CUST-3209,Female,0,No,Yes,45,Yes,No,DSL,No,No,No internet service,No internet service,No,Yes,Month-to-month,Yes,Mailed check,105.07,4708.85,Yes
CUST-3210,Male,0,No,No,68,Yes,No,Fiber optic,No internet service,No internet service,No,No internet service,No internet service,Yes,Month-to-month,No,Credit card (automatic),83.7,5691.79,Yes
CUST-3211,Male,1,Yes,Yes,5,Yes,No phone service,Fiber optic,Yes,No internet service,Yes,No internet service,No internet service,No internet service,One year,Yes,Electronic check,104.31,516.64,No
CUST-3212,Male,1,No,No,37,Yes,Yes,DSL,No internet service,Yes,No internet service,No internet service,No internet service,No,Month-to-month,No,Mailed check,29.54,1160.34,No
CUST-3213,Male,0,No,Yes,61,Yes,No phone service,DSL,No internet service,No,No,No,No,No,Month-to-month,Yes,Mailed check,53.2,3268.17,Yes
CUST-3214,Male,0,No,No,61,Yes,Yes,DSL,No,Yes,No,No internet service,No,Yes,Month-to-month,No,Electronic check,106.33,6443.24,Yes
CUST-3215,Male,0,Yes,No,45,Yes,No,Fiber optic,Yes,Yes,No,No,No,No,Month-to-month,No,Mailed check,38.52,1697.37,Yes
CUST-3216,Male,0,Yes,No,12,Yes,Yes,No,Yes,Yes,No,No internet service,Yes,No internet service,Two year,No,Mailed check,26.11,293.91,No
CUST-3217,Male,0,No,No,2,Yes,No,No,Yes,No internet service,No,No internet service,No,No,Month-to-month,Yes,Bank transfer (automatic),97.46,175.71,No
CUST-3218,Male,0,No,No,5,Yes,No,No,Yes,Yes,No,No,Yes,No internet service,Two year,No,Credit card (automatic),102.22,485.36,No
CUST-3219,Female,0,No,No,7,Yes,Yes,No,No,No,No,No internet service,No,No internet service,One year,Yes,Credit card (automatic),34.6,187.11,No
CUST-3220,Female,1,No,Yes,43,Yes,No,No,No,No,No,No,No internet service,No,Two year,Yes,Electronic check,104.11,4491.25,No
CUST-3221,Female,0,Yes,Yes,32,Yes,Yes,Fiber optic,No,No internet service,Yes,No,No,No internet service,Month-to-month,Yes,Electronic check,87.27,2769.86,Yes
CUST-3222,Female,0,Yes,No,49,Yes,No,Fiber optic,No,No,Yes,No internet service,No,Yes,Month-to-month,No,Credit card (automatic),70.52,3407.89,Yes
CUST-3223,Female,0,No,No,10,Yes,No phone service,Fiber optic,No internet service,No internet service,No,No internet service,Yes,No,Two year,Yes,Electronic check,101.69,1041.17,Yes
CUST-3224,Male,0,Yes,No,27,Yes,No,No,No,No internet service,No internet service,No,No,No,Two year,No,Bank transfer (automatic),60.38,1672.65,No
CUST-3225,Male,0,Yes,Yes,69,No,No,DSL,No,No,No internet service,No,No internet service,Yes,Month-to-month,Yes,Bank transfer (automatic),37.75,2592.47,Yes
CUST-3226,Male,0,Yes,Yes,40,Yes,Yes,DSL,No,No internet service,No,Yes,No internet service,No internet service,Month-to-month,No,Bank transfer (automatic),46.88,1964.27,No
CUST-3227,Male,0,Yes,No,15,Yes,No,No,No,No,No,No internet service,No,No internet service,Month-to-month,No,Credit card (automatic),69.02,1146.08,No
CUST-3228,Female,0,Yes,No,67,Yes,No,DSL,No,No,No,No,No internet service,No,Two year,Yes,Electronic check,71.65,4825.39,No
CUST-3229,Male,0,No,No,47,Yes,Yes,No,No,No,No internet service,Yes,No,No,Month-to-month,Yes,Bank transfer (automatic),99.21,4639.43,No
CUST-3230,Male,0,No,No,55,Yes,Yes,Fiber optic,No internet service,No internet service,No internet service,No internet service,No,No,One year,Yes,Credit card (automatic),97.78,5391.35,Yes
CUST-3231,Female,0,Yes,Yes,63,No,No,DSL,Yes,No,Yes,No,Yes,No,One year,Yes,Credit card (automatic),76.68,4769.62,Yes
CUST-3232,Male,0,No,No,58,No,Yes,Fiber optic,Yes,No,No internet service,No internet service,No internet service,Yes,Two year,No,Mailed check,96.72,5566.17,Yes
CUST-3233,Female,1,No,No,61,Yes,Yes,No,No internet service,No internet service,No,No,No internet service,No,One year,No,Credit card (automatic),37.52,2204.59,Yes
CUST-3234,Male,0,No,Yes,10,Yes,No,DSL,Yes,Yes,No,No internet service,No,Yes,Month-to-month,No,Mailed check,23.28,201.38,No
CUST-3235,Female,0,No,No,17,Yes,No,Fiber optic,No internet service,No,No,No internet service,No internet service,No internet service,Two year,Yes,Electronic check,106.05,1741.22,No
CUST-3236,Female,0,Yes,Yes,18,Yes,No,No,Yes,Yes,No,No,No,No,One year,Yes,Electronic check,25.84,496.32,No
CUST-3237,Male,0,Yes,Yes,54,Yes,Yes,DSL,No internet service,No,No,No,No,No,One year,Yes,Electronic check,43.04,2286.7,Yes
CUST-3238,Male,0,No,No,25,Yes,Yes,DSL,No,No,No,No,No internet service,No internet service,Month-to-month,No,Electronic check,88.13,2217.08,Yes
CUST-3239,Male,0,No,No,5,Yes,Yes,DSL,No internet service,No,Yes,No internet service,No,No internet service,One year,No,Electronic check,59.4,334.4,No
CUST-3240,Male,0,Yes,No,3,Yes,No,DSL,No,No internet service,No,Yes,No,No,Month-to-month,Yes,Electronic check,106.32,377.53,No
CUST-3241,Male,0,No,Yes,28,Yes,No,DSL,Yes,No,Yes,No,No,No,Month-to-month,Yes,Bank transfer (automatic),48.2,1331.93,No
CUST-3242,Female,1,No,Yes,58,Yes,Yes,Fiber optic,No internet service,No,Yes,No,No internet service,No internet service,One year,Yes,Credit card (automatic),19.44,1143.05,No
CUST-3243,Female,0,Yes,No,16,Yes,Yes,Fiber optic,No internet service,No,No,Yes,No,No internet service,Month-to-month,No,Bank transfer (automatic),48.47,792.65,No
CUST-3244,Female,0,Yes,No,42,Yes,Yes,No,Yes,No internet service,No,No,No,No internet service,One year,No,Credit card (automatic),76.35,3270.3,Yes
CUST-3245,Female,0,Yes,No,65,Yes,Yes,DSL,No,No internet service,No,No,No,Yes,Month-to-month,Yes,Mailed check,56.03,3681.13,Yes
CUST-3246,Male,1,Yes,Yes,33,Yes,No,Fiber optic,No,No internet service,Yes,No,No internet service,No,One year,Yes,Electronic check,72.0,2441.17,No
CUST-3247,Female,0,Yes,No,7,Yes,Yes,Fiber optic,Yes,Yes,No,No internet service,No,No internet service,Month-to-month,Yes,Electronic check,106.35,661.22,No
CUST-3248,Male,0,Yes,Yes,12,Yes,No,No,No,Yes,Yes,No internet service,No internet service,No,One year,No,Credit card (automatic),109.95,1286.19,No
CUST-3249,Female,0,Yes,No,7,Yes,No,Fiber optic,No,No internet service,No,Yes,No,No,Month-to-month,Yes,Electronic check,44.98,366.45,Yes
CUST-3250,Male,0,Yes,No,64,Yes,No,Fiber optic,Yes,No,No internet service,No internet service,No internet service,No internet service,One year,No,Electronic check,64.7,4169.84,Yes
CUST-3251,Male,0,Yes,Yes,42,Yes,No phone service,No,No,Yes,Yes,Yes,No,No,Two year,Yes,Electronic check,73.44,3078.23,Yes
CUST-3252,Male,0,No,No,38,Yes,No,DSL,Yes,No internet service,No,No,No,No,Month-to-month,Yes,Credit card (automatic),113.64,4294.62,No
CUST-3253,Male,1,Yes,Yes,58,Yes,Yes,DSL,No,No,Yes,No,No,No,Month-to-month,Yes,Credit card (automatic),118.61,6918.81,Yes
CUST-3254,Female,1,Yes,Yes,43,Yes,No,Fiber optic,No,No,No internet service,No,Yes,No internet service,One year,No,Mailed check,41.91,1703.15,Yes
CUST-3255,Female,0,Yes,No,8,No,No,No,No,Yes,No,No,Yes,Yes,One year,No,Mailed check,91.31,770.09,Yes
CUST-3256,Female,0,No,Yes,36,Yes,No,DSL,No,No internet service,Yes,No internet service,No internet service,Yes,One year,No,Electronic check,56.24,2029.17,No
CUST-3257,Female,0,Yes,Yes,35,No,Yes,Fiber optic,No,No,Yes,No,Yes,No,One year,No,Credit card (automatic),19.06,642.66,No
CUST-3258,Female,0,Yes,No,27,Yes,Yes,Fiber optic,No internet service,No,No,No,No,No,Month-to-month,Yes,Mailed check,19.18,542.98,No
CUST-3259,Female,0,Yes,Yes,41,Yes,No,No,No internet service,No internet service,No internet service,No,No internet service,No,Month-to-month,No,Credit card (automatic),64.54,2626.84,Yes
CUST-3260,Male,0,No,Yes,42,Yes,Yes,DSL,No internet service,No internet service,No,No,No,No,Month-to-month,No,Mailed check,67.33,2829.31,Yes
CUST-3261,Female,0,No,Yes,41,Yes,No,DSL,Yes,No,No,No,No internet service,No internet service,Month-to-month,Yes,Electronic check,20.52,839.01,Yes
CUST-3262,Male,0,Yes,Yes,65,Yes,No,Fiber optic,Yes,No,No,No internet service,Yes,No,One year,No,Electronic check,87.29,5711.08,No
CUST-3263,Male,0,No,No,54,Yes,No,Fiber optic,Yes,No,No,No,No,No,Month-to-month,No,Credit card (automatic),47.8,2589.16,Yes
CUST-3264,Male,0,No,Yes,71,Yes,No,Fiber optic,No internet service,No,No,No,No,No,Two year,Yes,Bank transfer (automatic),74.52,5195.46,Yes
CUST-3265,Female,1,Yes,No,47,Yes,Yes,Fiber optic,No,No,No,No,No,No internet service,Two year,Yes,Credit card (automatic),48.49,2209.43,Yes
CUST-3266,Male,0,Yes,No,21,Yes,Yes,Fiber optic,Yes,No,Yes,No,Yes,No internet service,Two year,Yes,Electronic check,35.05,681.84,No
CUST-3267,Female,0,Yes,No,26,Yes,No,No,No,No,No internet service,No,No,No internet service,Two year,Yes,Credit card (automatic),59.17,1561.25,No
CUST-3268,Female,0,No,No,66,Yes,No,No,No,Yes,No,Yes,No,No,Month-to-month,Yes,Mailed check,41.59,2772.78,Yes
CUST-3269,Female,0,Yes,Yes,12,Yes,Yes,Fiber optic,No internet service,No,No,Yes,No internet service,Yes,Two year,Yes,Electronic check,72.0,947.52,Yes
CUST-3270,Male,0,Yes,No,44,Yes,Yes,No,Yes,No internet service,Yes,No,No,No,Month-to-month,No,Electronic check,38.23,1631.4,No
CUST-3271,Male,0,No,Yes,9,No,Yes,DSL,No,Yes,No,No,Yes,No,Month-to-month,Yes,Credit card (automatic),69.34,689.52,No
CUST-3272,Female,0,No,No,8,Yes,No,Fiber optic,No,No,No,Yes,Yes,Yes,Two year,No,Mailed check,34.07,175.67,No
CUST-3273,Female,0,No,Yes,53,Yes,Yes,Fiber optic,No,No,No internet service,Yes,No internet service,No,Month-to-month,No,Mailed check,85.68,4541.93,Yes
CUST-3274,Male,1,Yes,No,26,Yes,No,No,No,No internet service,No,Yes,No internet service,Yes,Two year,No,Bank transfer (automatic),94.02,2456.78,No
CUST-3275,Female,0,Yes,No,33,Yes,No,Fiber optic,Yes,Yes,No,No internet service,No,No,One year,Yes,Electronic check,29.34,980.3,Yes
CUST-3276,Female,0,Yes,Yes,0,Yes,Yes,No,No,No,No,Yes,No,No,One year,Yes,Credit card (automatic),65.26, ,Yes
CUST-3277,Male,0,Yes,Yes,31,No,No,No,Yes,No,No,Yes,No internet service,Yes,Month-to-month,Yes,Electronic check,25.37,792.36,Yes
CUST-3278,Female,0,No,No,70,Yes,No,Fiber optic,No internet service,No,Yes,No,No,No,One year,No,Credit card (automatic),78.37,5424.14,Yes
CUST-3279,Female,0,No,No,66,No,No phone service,Fiber optic,Yes,Yes,No internet service,No internet service,No,No,Month-to-month,Yes,Bank transfer (automatic),44.82,3001.38,Yes
CUST-3280,Female,0,Yes,No,19,Yes,Yes,DSL,No internet service,No,No,No,No,No internet service,Two year,No,Credit card (automatic),71.28,1366.81,Yes
CUST-3281,Female,1,Yes,No,34,Yes,No,DSL,No,No internet service,No internet service,Yes,No internet service,No internet service,Month-to-month,No,Bank transfer (automatic),70.25,2406.61,No
CUST-3282,Female,0,No,No,16,Yes,Yes,No,Yes,No,No,No,No internet service,No,One year,Yes,Electronic check,111.15,1764.45,Yes
CUST-3283,Female,0,Yes,No,17,Yes,No,Fiber optic,No,No,No,No,No,No,Month-to-month,Yes,Credit card (automatic),73.43,1231.91,Yes
CUST-3284,Female,0,No,No,44,Yes,Yes,Fiber optic,Yes,No internet service,No,No,No,Yes,Month-to-month,Yes,Electronic check,76.84,3407.2,Yes
CUST-3285,Male,0,No,Yes,52,Yes,No,Fiber optic,No internet service,No,No,No,Yes,No,Month-to-month,Yes,Electronic check,58.62,3127.74,Yes
CUST-3286,Male,0,No,Yes,67,Yes,Yes,DSL,No,Yes,No,Yes,Yes,No internet service,Month-to-month,Yes,Mailed check,113.63,7543.53,Yes
CUST-3287,Female,0,Yes,No,64,Yes,No,Fiber optic,Yes,No internet service,No internet service,No,No,No internet service,One year,No,Credit card (automatic),96.36,6094.84,Yes
CUST-3288,Male,0,No,No,0,No,No,Fiber optic,No internet service,No internet service,No,No,No,Yes,Month-to-month,Yes,Bank transfer (automatic),46.93, ,Yes
CUST-3289,Female,0,No,No,57,Yes,Yes,DSL,No,No internet service,No internet service,No,No,No,Month-to-month,No,Electronic check,103.09,5859.52,Yes
CUST-3290,Female,1,No,No,25,Yes,No,DSL,No,No,Yes,No internet service,Yes,No,One year,Yes,Credit card (automatic),61.71,1548.96,Yes
CUST-3291,Male,0,No,Yes,19,No,Yes,Fiber optic,No,Yes,No,No internet service,Yes,Yes,Month-to-month,No,Bank transfer (automatic),101.53,1927.88,Yes
CUST-3292,Male,0,No,No,9,Yes,Yes,Fiber optic,No,No internet service,Yes,No,No,No,Month-to-month,Yes,Credit card (automatic),100.95,939.65,Yes
CUST-3293,Female,1,No,No,58,Yes,Yes,DSL,No internet service,No internet service,No,Yes,No,No,Two year,Yes,Bank transfer (automatic),37.23,2145.03,Yes
CUST-3294,Male,0,No,No,40,Yes,No phone service,Fiber optic,No,No,No,No,No,No,Month-to-month,No,Electronic check,88.71,3487.99,Yes
CUST-3295,Male,0,Yes,Yes,4,Yes,No,No,No,No,No internet service,No,No,No internet service,Month-to-month,Yes,Mailed check,47.46,150.35,No
CUST-3296,Male,0,Yes,No,64,Yes,Yes,Fiber optic,Yes,No,No,No,No internet service,No internet service,Month-to-month,Yes,Electronic check,48.15,3073.58,Yes
CUST-3297,Female,0,No,Yes,16,Yes,Yes,No,No,No,Yes,No,Yes,No internet service,Month-to-month,Yes,Mailed check,48.03,705.73,No
CUST-3298,Female,1,No,No,21,Yes,No,No,Yes,No,No internet service,Yes,No,Yes,Month-to-month,No,Electronic check,91.17,1912.73,Yes
CUST-3299,Male,0,Yes,No,40,Yes,No,DSL,No,No,Yes,No,No internet service,No,Month-to-month,Yes,Credit card (automatic),41.35,1657.04,No
CUST-3300,Female,0,No,No,67,Yes,No,DSL,No,No,No,No internet service,No,No,Two year,Yes,Electronic check,18.34,1210.89,No
CUST-3301,Female,0,Yes,No,68,Yes,No,Fiber optic,No,No,No,No internet service,No,No internet service,Month-to-month,No,Mailed check,90.13,6139.3,Yes
CUST-3302,Male,0,Yes,No,10,Yes,No,Fiber optic,No,No,No,Yes,No,Yes,Month-to-month,No,Credit card (automatic),35.45,273.79,No
CUST-3303,Female,0,No,Yes,55,Yes,Yes,Fiber optic,Yes,No,No internet service,No,Yes,No,Month-to-month,Yes,Electronic check,28.75,1533.59,Yes
CUST-3304,Male,1,Yes,No,50,Yes,No,DSL,No,No,No,Yes,No,No,One year,Yes,Electronic check,42.12,2048.87,No
CUST-3305,Male,0,Yes,Yes,20,Yes,No,Fiber optic,No,Yes,No,No,No,No,Two year,Yes,Bank transfer (automatic),56.43,1172.59,No
CUST-3306,Male,1,No,No,25,Yes,No,DSL,No,No,No,Yes,No internet service,No internet service,Month-to-month,Yes,Mailed check,66.08,1767.31,Yes
CUST-3307,Female,0,No,Yes,18,No,No,No,No,Yes,No internet service,No,Yes,No,Two year,Yes,Electronic check,22.73,365.1,No
CUST-3308,Female,1,No,No,59,Yes,Yes,DSL,No internet service,No,Yes,No,No internet service,No,Month-to-month,No,Mailed check,115.79,6819.85,Yes
CUST-3309,Female,0,No,No,70,Yes,No,No,No internet service,No,No internet service,No,No,Yes,Month-to-month,Yes,Mailed check,90.21,6280.03,Yes
CUST-3310,Female,1,Yes,No,46,Yes,No,DSL,No,No,No,No internet service,No,Yes,Month-to-month,Yes,Bank transfer (automatic),50.73,2344.64,No
CUST-3311,Female,0,Yes,No,70,Yes,No phone service,DSL,No,No,No,No,Yes,No internet service,Month-to-month,No,Electronic check,50.28,3489.18,Yes
CUST-3312,Male,0,Yes,No,25,Yes,No,DSL,Yes,No,No,No internet service,No,No internet service,Month-to-month,No,Electronic check,63.33,1597.39,No
CUST-3313,Male,1,No,Yes,39,Yes,Yes,No,Yes,No,Yes,No internet service,No,Yes,Month-to-month,Yes,Electronic check,81.19,3199.66,Yes
CUST-3314,Female,0,Yes,Yes,4,Yes,No,DSL,Yes,No internet service,No internet service,No,No internet service,No,Month-to-month,Yes,Credit card (automatic),32.96,70.65,No
CUST-3315,Female,0,Yes,No,20,Yes,No,Fiber optic,No internet service,No,No,No,No,Yes,Month-to-month,No,Mailed check,37.24,758.38,Yes
CUST-3316,Female,0,Yes,No,3,Yes,No,No,No,Yes,Yes,No,No,No,Month-to-month,Yes,Bank transfer (automatic),104.62,224.16,Yes
CUST-3317,Male,0,Yes,No,22,No,No,Fiber optic,No,No,No,Yes,No internet service,No,Month-to-month,No,Electronic check,44.0,955.17,No
CUST-3318,Female,1,No,Yes,14,Yes,Yes,Fiber optic,Yes,No,Yes,No,No,No,Two year,Yes,Electronic check,56.46,774.26,No
CUST-3319,Female,0,No,No,7,No,No,No,No,No,No,No,No,Yes,Month-to-month,Yes,Bank transfer (automatic),105.81,729.21,No
CUST-3320,Female,0,Yes,No,40,Yes,No phone service,No,No,No internet service,No internet service,No,No,No,One year,No,Credit card (automatic),84.9,3380.4,Yes
CUST-3321,Female,1,No,Yes,18,No,No,Fiber optic,No,No internet service,No,Yes,No,No,One year,No,Credit card (automatic),52.59,921.87,Yes
CUST-3322,Male,0,Yes,Yes,45,Yes,Yes,Fiber optic,No,No,Yes,No,No,No internet service,Month-to-month,No,Mailed check,86.96,3899.91,Yes
CUST-3323,Female,0,Yes,Yes,27,No,Yes,No,Yes,No,No internet service,No internet service,No,No internet service,Month-to-month,No,Mailed check,20.23,558.12,Yes
CUST-3324,Female,1,No,No,67,Yes,Yes,No,No,No,No internet service,No,No,No,Month-to-month,No,Bank transfer (automatic),92.18,6189.37,No
CUST-3325,Female,0,Yes,Yes,14,Yes,No,Fiber optic,No internet service,No,No,No internet service,No internet service,No,One year,No,Credit card (automatic),67.2,946.56,No
CUST-3326,Male,0,Yes,No,36,Yes,No,No,No,No internet service,Yes,No,No internet service,No internet service,Month-to-month,Yes,Credit card (automatic),99.97,3570.24,No
CUST-3327,Female,0,No,No,0,Yes,Yes,DSL,No,Yes,No,No,Yes,No,Month-to-month,Yes,Credit card (automatic),114.19, ,Yes
CUST-3328,Male,1,Yes,No,66,Yes,No,Fiber optic,No,No,No internet service,No,No internet service,No,Month-to-month,No,Electronic check,111.29,7421.41,Yes
CUST-3329,Female,1,No,No,23,No,Yes,DSL,No,No,No,No,No,No,Two year,Yes,Electronic check,109.63,2457.07,Yes
CUST-3330,Female,0,No,Yes,26,No,No,DSL,Yes,No internet service,No,No,Yes,Yes,Month-to-month,Yes,Mailed check,69.72,1820.93,Yes
CUST-3331,Female,0,No,No,39,No,Yes,Fiber optic,No,Yes,No internet service,No,No,No,One year,No,Mailed check,54.44,2099.75,Yes
CUST-3332,Female,0,No,No,62,Yes,No,Fiber optic,No,No internet service,Yes,No,Yes,No,Month-to-month,Yes,Credit card (automatic),64.99,4075.66,Yes
CUST-3333,Female,0,Yes,No,60,Yes,No,DSL,No,No,No,Yes,No,No,Two year,Yes,Mailed check,87.58,5254.17,Yes
CUST-3334,Male,0,No,No,35,Yes,No,Fiber optic,No,No internet service,No,No internet service,No,No,Month-to-month,Yes,Electronic check,107.09,3750.81,Yes
CUST-3335,Female,0,No,No,23,Yes,Yes,Fiber optic,No,No,No internet service,No,Yes,No internet service,Month-to-month,Yes,Bank transfer (automatic),39.05,922.9,Yes
CUST-3336,Male,0,No,No,23,Yes,No,No,Yes,No,Yes,Yes,No,No internet service,Two year,Yes,Mailed check,110.53,2527.31,Yes
CUST-3337,Female,0,No,No,3,Yes,Yes,No,Yes,No internet service,No,Yes,Yes,No internet service,One year,Yes,Credit card (automatic),100.18,384.41,No
CUST-3338,Female,1,Yes,Yes,66,Yes,No,Fiber optic,No,No,No,Yes,No,No internet service,Month-to-month,Yes,Credit card (automatic),116.63,7723.07,Yes
CUST-3339,Female,0,No,No,33,Yes,Yes,No,Yes,Yes,No,No,No internet service,Yes,Month-to-month,Yes,Credit card (automatic),106.72,3568.34,Yes
CUST-3340,Female,0,No,No,56,Yes,Yes,Fiber optic,Yes,No,Yes,Yes,No internet service,Yes,Two year,Yes,Electronic check,46.38,2586.25,Yes
CUST-3341,Female,0,No,No,48,Yes,No,Fiber optic,No,No,No,Yes,No,No,Two year,Yes,Electronic check,28.9,1381.06,Yes
CUST-3342,Female,0,No,Yes,52,Yes,Yes,No,No,No,No,Yes,Yes,No internet service,Month-to-month,No,Bank transfer (automatic),29.53,1576.14,Yes
CUST-3343,Male,0,No,No,22,Yes,No,Fiber optic,No,Yes,No,Yes,No internet service,No,One year,No,Mailed check,47.52,1081.0,Yes
CUST-3344,Female,0,Yes,No,68,Yes,Yes,Fiber optic,No,Yes,No,No,No,No,One year,No,Bank transfer (automatic),79.98,5376.21,No
CUST-3345,Female,0,No,No,52,Yes,Yes,DSL,No internet service,No,No internet service,No,Yes,No,Month-to-month,Yes,Mailed check,99.08,5158.54,Yes
CUST-3346,Male,0,Yes,No,61,Yes,No,DSL,No,No,No,No,No,No internet service,One year,Yes,Electronic check,108.62,6649.51,Yes
CUST-3347,Female,0,No,No,40,Yes,Yes,Fiber optic,No,Yes,No,No,No internet service,Yes,Month-to-month,Yes,Electronic check,80.94,3231.08,Yes
CUST-3348,Female,0,Yes,No,56,No,No,No,Yes,No,No,No,Yes,Yes,Two year,No,Bank transfer (automatic),18.82,1072.87,No
CUST-3349,Female,1,No,No,59,Yes,Yes,Fiber optic,Yes,No internet service,No,No,Yes,No,One year,No,Mailed check,36.97,2176.83,No
CUST-3350,Male,0,No,No,53,Yes,Yes,No,No,No,No internet service,No,No,Yes,One year,Yes,Electronic check,28.27,1385.97,Yes
CUST-3351,Male,0,Yes,Yes,69,Yes,No,No,Yes,No,No,No internet service,No,No internet service,Month-to-month,Yes,Electronic check,54.76,3712.9,Yes
CUST-3352,Female,0,No,No,56,Yes,No,DSL,No,Yes,No internet service,Yes,No,No,Month-to-month,Yes,Bank transfer (automatic),68.64,3892.59,Yes
CUST-3353,Female,0,Yes,No,9,Yes,No,Fiber optic,No,No internet service,No,No internet service,Yes,No,Month-to-month,No,Electronic check,22.61,191.27,No
CUST-3354,Female,0,Yes,Yes,39,No,No,Fiber optic,No internet service,No,No,No,No internet service,No internet service,One year,Yes,Credit card (automatic),53.27,2087.01,Yes
CUST-3355,Female,0,Yes,No,6,No,No phone service,Fiber optic,No,No,No,No,No,No,One year,No,Bank transfer (automatic),36.26,217.38,Yes
CUST-3356,Male,0,Yes,Yes,37,Yes,Yes,DSL,No internet service,Yes,No,No internet service,No internet service,No,Month-to-month,Yes,Mailed check,83.28,3040.1,Yes
CUST-3357,Female,0,Yes,No,60,Yes,No,No,No,No,No,No,No internet service,No,One year,Yes,Electronic check,64.91,3871.25,Yes
CUST-3358,Male,0,Yes,No,2,Yes,Yes,Fiber optic,No,No,No internet service,No,No,No,Two year,Yes,Electronic check,68.03,152.51,No
CUST-3359,Male,1,No,No,50,Yes,Yes,Fiber optic,Yes,Yes,No,No,No,No,Month-to-month,Yes,Electronic check,61.23,3083.05,Yes
CUST-3360,Male,0,No,No,46,Yes,Yes,Fiber optic,Yes,No,Yes,No internet service,No,No,Month-to-month,No,Credit card (automatic),114.33,5368.6,Yes
CUST-3361,Male,0,Yes,Yes,67,Yes,Yes,DSL,No internet service,No,No,No internet service,No,No,One year,Yes,Credit card (automatic),39.83,2644.72,Yes
CUST-3362,Male,1,Yes,No,37,Yes,Yes,Fiber optic,No internet service,Yes,Yes,No internet service,Yes,No internet service,Month-to-month,Yes,Mailed check,70.17,2679.82,Yes
CUST-3363,Female,0,Yes,No,35,Yes,No,No,No internet service,No internet service,No internet service,No internet service,No,Yes,One year,Yes,Bank transfer (automatic),92.22,3184.68,Yes
CUST-3364,Female,0,Yes,Yes,40,Yes,No,No,Yes,No,No,Yes,No,No,Month-to-month,Yes,Credit card (automatic),74.21,2992.83,No
CUST-3365,Female,0,No,Yes,68,Yes,No phone service,DSL,Yes,Yes,Yes,No,No,Yes,Two year,Yes,Electronic check,111.62,7599.05,Yes
CUST-3366,Female,1,Yes,Yes,12,Yes,Yes,Fiber optic,Yes,No,No,No,No internet service,No internet service,Month-to-month,No,Bank transfer (automatic),56.24,668.59,No
CUST-3367,Male,0,No,No,57,Yes,No,Fiber optic,Yes,Yes,No internet service,No internet service,No internet service,Yes,Month-to-month,Yes,Bank transfer (automatic),64.85,3696.17,Yes
CUST-3368,Female,0,No,No,49,Yes,No,Fiber optic,No internet service,No internet service,No,Yes,Yes,Yes,Month-to-month,Yes,Credit card (automatic),27.15,1299.22,Yes
CUST-3369,Female,0,Yes,Yes,29,Yes,No,DSL,Yes,No,No internet service,No,Yes,No,Month-to-month,No,Electronic check,79.45,2349.25,Yes
CUST-3370,Female,0,Yes,No,61,Yes,No phone service,Fiber optic,No,Yes,No,Yes,Yes,Yes,Month-to-month,Yes,Electronic check,47.22,2838.29,Yes
CUST-3371,Male,0,No,No,24,Yes,Yes,Fiber optic,Yes,No,Yes,No internet service,No internet service,No internet service,Month-to-month,Yes,Electronic check,34.36,840.52,No
CUST-3372,Female,1,No,No,26,Yes,No,DSL,No,No,No internet service,No,No,Yes,Two year,Yes,Electronic check,72.98,1935.27,No
CUST-3373,Female,0,No,No,50,Yes,Yes,DSL,Yes,No,No internet service,No,No,No,Two year,No,Bank transfer (automatic),71.75,3656.71,No
CUST-3374,Female,0,Yes,No,56,Yes,No phone service,DSL,No,No,No,No,Yes,No internet service,Month-to-month,Yes,Electronic check,25.88,1497.87,Yes
CUST-3375,Male,0,No,Yes,46,Yes,No phone service,Fiber optic,Yes,No,No,No,No,No,One year,Yes,Bank transfer (automatic),88.42,4095.94,Yes
CUST-3376,Male,0,No,No,38,Yes,Yes,Fiber optic,Yes,No,No,No internet service,No,Yes,Month-to-month,No,Mailed check,80.94,3043.83,No
CUST-3377,Female,1,Yes,Yes,15,Yes,Yes,DSL,No,Yes,No,No internet service,No internet service,No,Two year,Yes,Mailed check,37.25,519.46,No
CUST-3378,Female,0,No,No,21,Yes,Yes,DSL,No,No internet service,Yes,No,No,No,One year,Yes,Mailed check,65.43,1317.1,No
CUST-3379,Female,0,No,No,53,Yes,No,No,Yes,No internet service,No,No,No internet service,No,Month-to-month,Yes,Mailed check,90.64,4742.21,Yes
CUST-3380,Male,0,Yes,Yes,20,Yes,No phone service,DSL,No internet service,No,No,No,No internet service,No,Two year,Yes,Credit card (automatic),71.46,1429.13,No
CUST-3381,Female,0,No,Yes,71,Yes,No,Fiber optic,No,Yes,No,Yes,No,No,One year,No,Credit card (automatic),58.0,4081.63,No
CUST-3382,Male,0,Yes,No,15,Yes,Yes,No,No,No,No,No,No,No,Month-to-month,No,Electronic check,50.65,819.71,No
CUST-3383,Female,0,No,Yes,58,Yes,Yes,Fiber optic,No,No internet service,No,No,No internet service,No,Two year,Yes,Electronic check,79.59,4587.27,No
CUST-3384,Male,1,No,No,30,Yes,No,Fiber optic,No internet service,No,No,No internet service,No,No internet service,Two year,No,Electronic check,112.63,3383.61,Yes
CUST-3385,Female,0,Yes,No,41,Yes,No phone service,Fiber optic,No,Yes,No,No,No,No,Month-to-month,Yes,Mailed check,85.76,3502.93,No
CUST-3386,Male,0,No,No,31,Yes,Yes,DSL,Yes,No,No,Yes,Yes,No,One year,Yes,Credit card (automatic),25.76,728.37,No
CUST-3387,Male,0,Yes,No,58,Yes,Yes,Fiber optic,Yes,No,No internet service,No internet service,No internet service,No,Two year,Yes,Mailed check,64.55,3798.37,Yes
CUST-3388,Male,0,Yes,No,33,Yes,Yes,Fiber optic,No internet service,No,No,Yes,Yes,Yes,Month-to-month,Yes,Credit card (automatic),107.78,3591.51,Yes
CUST-3389,Female,1,Yes,No,8,Yes,Yes,DSL,Yes,No,No,No,No,No internet service,Month-to-month,No,Credit card (automatic),27.74,262.45,No
CUST-3390,Male,1,No,No,10,Yes,No,Fiber optic,No,No,No internet service,No,No,No,Month-to-month,No,Bank transfer (automatic),117.63,1206.05,Yes
CUST-3391,Female,1,No,Yes,9,Yes,No,No,Yes,Yes,Yes,Yes,Yes,No internet service,Two year,Yes,Credit card (automatic),113.63,984.7,No
CUST-3392,Female,1,No,Yes,16,Yes,No,DSL,No internet service,No,No,No,No,No,One year,No,Bank transfer (automatic),26.12,380.92,No
CUST-3393,Male,0,Yes,Yes,67,No,No,Fiber optic,No internet service,No,Yes,No,Yes,No internet service,Month-to-month,No,Credit card (automatic),112.06,7530.62,Yes
CUST-3394,Male,0,Yes,No,47,Yes,No,Fiber optic,No,Yes,No,No,Yes,No,Two year,Yes,Electronic check,54.74,2649.93,Yes
CUST-3395,Male,0,Yes,No,51,Yes,No,No,No,No internet service,No,No,Yes,No,One year,Yes,Mailed check,103.14,5279.44,Yes
CUST-3396,Female,1,Yes,Yes,24,Yes,Yes,No,Yes,No,No,No,Yes,No,Two year,Yes,Electronic check,60.3,1496.12,No
CUST-3397,Female,1,No,No,20,No,Yes,Fiber optic,No,No,No,Yes,No,Yes,Month-to-month,Yes,Bank transfer (automatic),62.56,1224.91,Yes
CUST-3398,Male,0,Yes,Yes,64,Yes,No,Fiber optic,Yes,No,Yes,No,Yes,Yes,Month-to-month,Yes,Electronic check,81.99,5302.25,Yes
CUST-3399,Female,0,Yes,No,62,Yes,No phone service,DSL,No internet service,No,No,No internet service,No,No,One year,No,Bank transfer (automatic),96.08,5935.99,Yes
CUST-3400,Male,0,Yes,No,50,No,No,Fiber optic,No,No,No,No,Yes,No,Month-to-month,Yes,Bank transfer (automatic),21.65,1094.51,Yes
CUST-3401,Male,0,No,Yes,35,Yes,Yes,Fiber optic,No,Yes,Yes,No internet service,No internet service,No,One year,No,Credit card (automatic),77.86,2706.79,No
CUST-3402,Female,1,No,No,65,Yes,Yes,Fiber optic,No,No internet service,Yes,No internet service,No,No internet service,Two year,No,Credit card (automatic),37.02,2450.76,Yes
CUST-3403,Male,0,No,No,14,Yes,No,No,No,No internet service,No internet service,No internet service,No,Yes,Month-to-month,No,Electronic check,53.02,787.42,Yes
CUST-3404,Male,0,No,No,38,Yes,No,Fiber optic,Yes,Yes,No,No,No,No,Two year,No,Electronic check,53.22,1948.52,No
CUST-3405,Female,0,Yes,No,69,No,Yes,Fiber optic,Yes,No,Yes,No,Yes,No internet service,Month-to-month,No,Bank transfer (automatic),65.39,4578.17,Yes
CUST-3406,Female,0,No,No,0,Yes,Yes,Fiber optic,No,Yes,No,No,Yes,No internet service,Month-to-month,No,Credit card (automatic),51.83, ,Yes
CUST-3407,Male,0,Yes,No,22,Yes,Yes,DSL,Yes,No,No internet service,No,No internet service,Yes,Month-to-month,Yes,Electronic check,29.04,621.11,Yes
CUST-3408,Female,0,No,No,38,Yes,Yes,Fiber optic,No,No,No internet service,No internet service,Yes,Yes,Month-to-month,No,Mailed check,32.89,1243.48,Yes
CUST-3409,Male,0,No,No,56,Yes,No,Fiber optic,No internet service,Yes,No internet service,No,No,Yes,Month-to-month,Yes,Credit card (automatic),21.61,1272.13,No
CUST-3410,Female,0,Yes,Yes,33,Yes,No,No,No,No,No,Yes,No,No,Two year,No,Mailed check,65.51,2165.17,No
CUST-3411,Male,0,No,No,40,Yes,Yes,Fiber optic,No,No internet service,No internet service,No internet service,No,No,One year,Yes,Electronic check,114.17,4566.6,Yes
CUST-3412,Female,0,No,No,72,Yes,Yes,No,No,No,No,Yes,No,No internet service,Month-to-month,No,Bank transfer (automatic),29.88,2246.21,Yes
CUST-3413,Female,0,No,No,12,Yes,No,Fiber optic,No,No,No,No,No,Yes,One year,Yes,Bank transfer (automatic),113.35,1292.49,No
CUST-3414,Female,0,Yes,No,69,Yes,No,DSL,Yes,Yes,No,No,No internet service,No,Month-to-month,No,Electronic check,91.95,6305.1,Yes
CUST-3415,Male,0,Yes,Yes,5,Yes,Yes,DSL,No,No,No internet service,No internet service,Yes,Yes,Month-to-month,Yes,Credit card (automatic),82.32,432.49,Yes
CUST-3416,Female,0,No,No,51,Yes,No,DSL,No,No internet service,Yes,Yes,No,No,One year,No,Mailed check,83.1,4157.12,Yes
CUST-3417,Male,0,No,Yes,2,Yes,No phone service,Fiber optic,No internet service,No,No,Yes,No,No,One year,No,Electronic check,101.34,184.03,No
CUST-3418,Male,0,Yes,No,62,Yes,Yes,DSL,No,No,No,No,No,No,Two year,No,Electronic check,29.0,1778.89,No
CUST-3419,Male,0,No,Yes,48,Yes,No,Fiber optic,No,No,No,Yes,No internet service,No,Month-to-month,Yes,Mailed check,68.98,3359.13,Yes
CUST-3420,Male,0,No,Yes,46,Yes,No,No,No internet service,No,Yes,No,No internet service,No,One year,No,Bank transfer (automatic),88.31,4096.9,Yes
CUST-3421,Female,0,Yes,No,54,Yes,Yes,Fiber optic,No,No,No,No,No internet service,Yes,One year,No,Bank transfer (automatic),77.23,4086.26,Yes
CUST-3422,Male,0,Yes,No,63,Yes,No,Fiber optic,Yes,No,No internet service,No internet service,No internet service,No,Two year,Yes,Bank transfer (automatic),101.94,6387.56,Yes
CUST-3423,Female,0,No,No,64,Yes,No,DSL,Yes,No,No,No,No,No,Month-to-month,Yes,Credit card (automatic),25.51,1598.14,Yes
CUST-3424,Male,0,Yes,Yes,66,Yes,No,Fiber optic,No internet service,No,No,No,No,No,One year,Yes,Mailed check,87.67,5775.39,Yes
CUST-3425,Female,0,Yes,No,14,Yes,Yes,DSL,Yes,Yes,Yes,Yes,No,Yes,One year,Yes,Mailed check,71.92,952.0,No
CUST-3426,Female,0,No,No,31,Yes,No,No,Yes,No,No,No,No internet service,No,Two year,No,Bank transfer (automatic),56.36,1769.74,No
CUST-3427,Male,1,Yes,No,67,Yes,No,DSL,No internet service,No,No internet service,No,No,No,Month-to-month,Yes,Mailed check,52.45,3479.44,Yes
CUST-3428,Female,0,No,Yes,17,Yes,No,Fiber optic,No internet service,No,No internet service,No internet service,Yes,No,Month-to-month,Yes,Credit card (automatic),80.64,1400.31,Yes
CUST-3429,Male,0,No,No,42,Yes,No,Fiber optic,No,Yes,No internet service,No,No internet service,No,Month-to-month,Yes,Electronic check,107.8,4527.46,Yes
CUST-3430,Female,0,No,No,34,Yes,No,Fiber optic,Yes,No,No internet service,No,No,No internet service,Month-to-month,No,Bank transfer (automatic),68.12,2267.43,Yes
CUST-3431,Male,0,No,No,57,Yes,No,No,Yes,No internet service,No internet service,No,No,Yes,Month-to-month,Yes,Electronic check,101.13,5833.82,Yes
CUST-3432,Male,0,No,No,32,Yes,No,DSL,No,Yes,Yes,No internet service,Yes,No internet service,Month-to-month,Yes,Electronic check,58.67,1948.33,No
CUST-3433,Male,0,Yes,No,13,Yes,No,Fiber optic,No internet service,Yes,Yes,No,No,No,One year,Yes,Electronic check,28.54,385.54,No
CUST-3434,Female,0,No,Yes,33,No,No,No,No internet service,No,No,No,Yes,No,Month-to-month,No,Electronic check,24.43,794.23,Yes
CUST-3435,Female,1,No,No,60,Yes,No,Fiber optic,No,Yes,No,Yes,No,No internet service,Month-to-month,No,Electronic check,23.41,1351.79,Yes
CUST-3436,Female,0,Yes,No,3,Yes,No,Fiber optic,No,No internet service,No internet service,No internet service,Yes,No,Month-to-month,Yes,Mailed check,56.46,222.94,No
CUST-3437,Female,0,No,No,58,Yes,Yes,DSL,No,Yes,No,No internet service,No,Yes,Month-to-month,No,Electronic check,52.14,3065.25,Yes
CUST-3438,Male,0,Yes,No,28,Yes,Yes,Fiber optic,Yes,No,No,Yes,Yes,Yes,Two year,Yes,Electronic check,90.4,2490.5,No
CUST-3439,Female,1,No,No,5,Yes,Yes,No,Yes,No,No internet service,No internet service,No,No internet service,One year,Yes,Electronic check,92.9,430.16,Yes
CUST-3440,Female,0,No,No,48,Yes,No phone service,Fiber optic,No,No,Yes,No,No,No,Two year,Yes,Credit card (automatic),23.36,1144.13,Yes
CUST-3441,Female,0,Yes,No,39,Yes,Yes,No,Yes,No,No,No,Yes,Yes,Month-to-month,No,Mailed check,40.47,1519.56,Yes
CUST-3442,Female,0,Yes,No,64,Yes,No,Fiber optic,No internet service,No,Yes,No,No internet service,No internet service,Two year,No,Bank transfer (automatic),45.81,2900.56,Yes
CUST-3443,Male,0,No,No,68,Yes,No,DSL,Yes,No internet service,No internet service,Yes,No,No internet service,Month-to-month,Yes,Bank transfer (automatic),73.29,4931.69,No
CUST-3444,Female,0,Yes,Yes,26,Yes,No,DSL,No,No,No,No,No,No internet service,One year,Yes,Credit card (automatic),32.77,801.6,No
CUST-3445,Female,1,No,No,5,Yes,No,Fiber optic,No,No internet service,No,No,No,No,Month-to-month,No,Mailed check,31.71,122.55,No
CUST-3446,Male,0,No,Yes,12,Yes,Yes,Fiber optic,No,No,No,Yes,No,Yes,One year,Yes,Electronic check,113.1,1402.5,No
CUST-3447,Female,0,No,No,63,Yes,No phone service,No,Yes,No,No,No,No,No,One year,Yes,Electronic check,99.07,6153.68,Yes
CUST-3448,Male,1,Yes,Yes,61,Yes,No,Fiber optic,Yes,No,No internet service,Yes,No,No,Month-to-month,No,Mailed check,36.41,2242.68,Yes
CUST-3449,Female,1,No,No,18,Yes,No,No,Yes,No,Yes,No internet service,No internet service,No,Month-to-month,No,Mailed check,59.11,1076.88,No
CUST-3450,Female,1,No,No,42,Yes,Yes,Fiber optic,No,No,Yes,Yes,No,No internet service,One year,Yes,Electronic check,53.99,2316.0,Yes
CUST-3451,Female,0,Yes,No,19,Yes,Yes,Fiber optic,No,No,No,No,Yes,No,Month-to-month,Yes,Electronic check,97.75,1870.1,Yes
CUST-3452,Male,0,No,Yes,67,Yes,Yes,DSL,No,Yes,No,No,Yes,No,Month-to-month,Yes,Bank transfer (automatic),69.53,4639.57,Yes
CUST-3453,Male,0,No,Yes,43,Yes,No,Fiber optic,No,Yes,No internet service,No,No internet service,No,Month-to-month,Yes,Credit card (automatic),31.1,1296.53,No
CUST-3454,Male,0,No,No,22,Yes,Yes,No,No internet service,No,No,Yes,No internet service,No,Month-to-month,Yes,Electronic check,92.52,2084.96,No
CUST-3455,Female,0,Yes,No,1,Yes,Yes,DSL,Yes,No internet service,No,No,No,No,Two year,Yes,Credit card (automatic),58.14,82.99,No
CUST-3456,Female,0,No,No,21,Yes,Yes,No,No,No,No internet service,No,No,No,Month-to-month,Yes,Electronic check,44.67,913.41,No
CUST-3457,Male,0,No,Yes,56,Yes,No,No,Yes,No,No internet service,Yes,No,No,Month-to-month,Yes,Electronic check,55.99,3180.89,Yes
CUST-3458,Female,0,No,No,71,Yes,No,Fiber optic,Yes,No,No,Yes,No internet service,Yes,Two year,Yes,Mailed check,68.27,4824.88,No
CUST-3459,Male,0,No,No,6,Yes,No,DSL,No,No,No,No internet service,Yes,No,One year,Yes,Bank transfer (automatic),52.73,316.33,No
CUST-3460,Male,0,Yes,Yes,55,Yes,Yes,DSL,No,No internet service,No,Yes,No internet service,Yes,Month-to-month,Yes,Electronic check,42.56,2310.58,Yes
CUST-3461,Female,1,No,No,66,Yes,No phone service,DSL,Yes,Yes,No internet service,No,No,No,Two year,No,Mailed check,58.3,3874.49,No
CUST-3462,Female,0,No,No,15,Yes,No phone service,DSL,No,Yes,No,No internet service,Yes,No,Month-to-month,Yes,Bank transfer (automatic),20.18,252.99,Yes
CUST-3463,Male,0,Yes,No,50,Yes,Yes,Fiber optic,Yes,Yes,No internet service,No internet service,No internet service,No internet service,Month-to-month,No,Mailed check,95.89,4779.57,Yes
CUST-3464,Male,0,No,No,71,Yes,No,DSL,No,Yes,No,No,No,No,Two year,Yes,Electronic check,35.43,2482.8,No
CUST-3465,Female,0,Yes,No,11,Yes,No,Fiber optic,No internet service,Yes,No,No,No internet service,No,Two year,No,Mailed check,22.66,262.45,No
CUST-3466,Female,0,No,No,52,Yes,Yes,Fiber optic,No internet service,No internet service,No,No,No,No,Month-to-month,Yes,Credit card (automatic),83.95,4384.82,Yes
CUST-3467,Male,0,Yes,No,4,No,No,DSL,No internet service,No,No,Yes,No,No,Month-to-month,No,Electronic check,96.03,328.91,No
CUST-3468,Female,0,No,No,26,Yes,No,Fiber optic,No,No,No,No internet service,No,No,Month-to-month,No,Credit card (automatic),100.04,2621.36,Yes
CUST-3469,Male,0,Yes,Yes,11,Yes,No,No,No internet service,No internet service,Yes,No,No,No,Month-to-month,Yes,Bank transfer (automatic),67.85,672.51,No
CUST-3470,Female,0,No,No,16,Yes,Yes,Fiber optic,No,No internet service,Yes,No,Yes,Yes,Month-to-month,Yes,Bank transfer (automatic),38.89,731.84,No
CUST-3471,Male,0,No,No,5,Yes,No,Fiber optic,No,No,Yes,No internet service,No,No,Month-to-month,No,Mailed check,92.34,436.13,Yes
CUST-3472,Female,1,No,Yes,4,Yes,Yes,Fiber optic,No internet service,No internet service,No,No internet service,Yes,No,Two year,Yes,Bank transfer (automatic),88.57,406.74,No
CUST-3473,Female,0,Yes,Yes,56,Yes,No,Fiber optic,Yes,Yes,No,No,No,No,Two year,No,Electronic check,43.0,2418.06,No
CUST-3474,Female,1,Yes,Yes,27,No,No,No,No internet service,No,Yes,No,No internet service,No,Month-to-month,No,Bank transfer (automatic),109.04,2956.17,Yes
CUST-3475,Female,0,No,No,68,Yes,No,DSL,No internet service,Yes,Yes,Yes,No internet service,No,One year,No,Electronic check,28.74,1896.02,Yes
CUST-3476,Female,0,Yes,No,58,Yes,Yes,No,No internet service,Yes,No internet service,Yes,No,No,Month-to-month,Yes,Bank transfer (automatic),117.01,6828.75,Yes
CUST-3477,Male,1,No,Yes,32,Yes,Yes,DSL,No internet service,No internet service,No,No,No,Yes,Month-to-month,No,Mailed check,104.7,3352.83,Yes
CUST-3478,Female,0,Yes,No,61,Yes,No,No,Yes,No,Yes,No,No,No,Month-to-month,No,Mailed check,87.38,5353.69,Yes
CUST-3479,Female,0,Yes,No,49,Yes,No,DSL,Yes,No,No,No,Yes,No internet service,One year,Yes,Credit card (automatic),112.59,5512.37,Yes
CUST-3480,Male,0,No,No,18,Yes,Yes,No,No,No,No,No,Yes,No,Month-to-month,No,Mailed check,90.84,1641.62,Yes
CUST-3481,Female,0,Yes,Yes,68,Yes,No,No,No,No,No,Yes,Yes,No,Two year,No,Electronic check,37.39,2498.16,Yes
CUST-3482,Male,0,No,No,65,Yes,No,DSL,No,Yes,No,No,No internet service,Yes,One year,Yes,Electronic check,62.69,4067.21,No
CUST-3483,Female,0,No,No,46,Yes,Yes,No,No,No internet service,No internet service,No,No internet service,No,Month-to-month,No,Mailed check,25.44,1149.25,No
CUST-3484,Female,0,Yes,No,38,Yes,Yes,DSL,No internet service,No,No,No,No,No internet service,Month-to-month,Yes,Electronic check,57.41,2146.3,Yes
CUST-3485,Male,0,Yes,Yes,67,Yes,No,DSL,No,No,No,No internet service,No,No,One year,Yes,Bank transfer (automatic),92.78,6222.99,No
CUST-3486,Male,1,Yes,No,32,No,No phone service,Fiber optic,No internet service,No,No,No,No internet service,No,Two year,No,Electronic check,57.09,1845.05,No
CUST-3487,Female,0,Yes,No,12,Yes,No,No,No,No internet service,No internet service,No internet service,No internet service,No,One year,Yes,Bank transfer (automatic),51.44,629.82,No
CUST-3488,Female,0,No,No,53,No,No,Fiber optic,No,Yes,Yes,No internet service,Yes,No internet service,Month-to-month,No,Mailed check,78.08,4133.13,Yes
CUST-3489,Male,0,Yes,No,6,Yes,No,Fiber optic,No,No internet service,No,No internet service,No,No,One year,Yes,Electronic check,105.91,656.02,Yes
CUST-3490,Male,0,Yes,No,13,Yes,No,Fiber optic,No internet service,No internet service,No,Yes,No,No,Month-to-month,Yes,Mailed check,23.03,311.5,Yes
CUST-3491,Female,0,No,No,18,Yes,No,No,No,No,No,Yes,No,No,Two year,Yes,Mailed check,56.99,1030.7,No
CUST-3492,Female,0,No,Yes,53,Yes,Yes,No,No,No internet service,No,No,No,No,One year,Yes,Electronic check,34.15,1818.26,Yes
CUST-3493,Male,0,Yes,Yes,19,Yes,No,DSL,No internet service,No,No,No,No,No internet service,One year,Yes,Electronic check,88.13,1733.62,Yes
CUST-3494,Male,0,No,Yes,28,Yes,Yes,DSL,No,No,No,No,No internet service,No internet service,Month-to-month,Yes,Electronic check,28.88,748.39,No
CUST-3495,Female,0,Yes,No,23,Yes,No,DSL,No internet service,No internet service,Yes,No,Yes,No,One year,Yes,Bank transfer (automatic),85.06,1940.45,Yes
CUST-3496,Male,0,No,No,62,Yes,No phone service,Fiber optic,No,Yes,No,No,No,No,Month-to-month,No,Credit card (automatic),47.01,2931.53,Yes
CUST-3497,Female,0,Yes,No,56,Yes,No,DSL,No,No internet service,No,No,No,No,Month-to-month,Yes,Credit card (automatic),38.24,2062.3,Yes
CUST-3498,Female,0,No,No,7,Yes,Yes,DSL,No,No,No internet service,Yes,No internet service,Yes,Month-to-month,No,Bank transfer (automatic),112.35,855.58,Yes
CUST-3499,Male,0,No,No,61,Yes,No,No,No,No,Yes,No internet service,No internet service,No internet service,Two year,Yes,Bank transfer (automatic),20.11,1239.45,No
CUST-3500,Female,0,Yes,No,28,Yes,No phone service,DSL,Yes,No,No,No,Yes,No internet service,One year,Yes,Electronic check,62.25,1790.85,Yes
CUST-3501,Male,0,No,No,16,Yes,No phone service,Fiber optic,Yes,Yes,No,No,No,No,Month-to-month,Yes,Credit card (automatic),20.42,382.71,Yes
CUST-3502,Female,0,Yes,No,65,Yes,No phone service,Fiber optic,No internet service,No,No,No internet service,No,Yes,Two year,Yes,Credit card (automatic),66.85,4365.87,Yes
CUST-3503,Male,0,No,No,5,Yes,No,DSL,No,No internet service,No,No,Yes,No,Month-to-month,No,Mailed check,68.61,231.42,No
CUST-3504,Male,0,No,Yes,57,Yes,No phone service,Fiber optic,Yes,Yes,Yes,No,No internet service,No,Month-to-month,Yes,Mailed check,50.58,2890.44,Yes
CUST-3505,Male,0,No,No,68,Yes,Yes,Fiber optic,No,No,Yes,No,Yes,Yes,Month-to-month,Yes,Electronic check,31.53,2154.63,Yes
CUST-3506,Female,0,Yes,No,27,Yes,Yes,No,No,Yes,No,No,Yes,No,One year,No,Mailed check,56.08,1459.82,No
CUST-3507,Male,0,Yes,No,61,Yes,No,DSL,No,No internet service,No,No,No internet service,Yes,Month-to-month,Yes,Bank transfer (automatic),85.81,5144.93,Yes
CUST-3508,Female,0,No,No,40,No,Yes,Fiber optic,Yes,No,No,No,No,Yes,Month-to-month,Yes,Credit card (automatic),96.88,3898.28,Yes
CUST-3509,Female,0,Yes,No,68,Yes,Yes,No,No,No,Yes,No,No,No,One year,Yes,Mailed check,71.59,4805.66,No
CUST-3510,Female,1,No,No,40,Yes,No,Fiber optic,No internet service,No,Yes,Yes,No,No,Month-to-month,Yes,Electronic check,77.53,3204.27,No
CUST-3511,Male,0,No,No,48,Yes,No,No,No internet service,No,No,No,No internet service,No,Two year,Yes,Electronic check,38.41,1856.84,No
CUST-3512,Female,0,No,Yes,48,Yes,Yes,No,No,Yes,Yes,No,No internet service,No,Month-to-month,Yes,Electronic check,47.13,2329.82,Yes
CUST-3513,Female,0,Yes,No,70,Yes,Yes,No,No internet service,Yes,No,No,No,No,Two year,No,Credit card (automatic),34.52,2417.96,No
CUST-3514,Female,0,No,Yes,2,Yes,No,Fiber optic,No,No,No,No,No,No,One year,Yes,Electronic check,43.3,124.18,No
CUST-3515,Female,0,No,No,9,Yes,Yes,No,No,No,No,No,Yes,No internet service,One year,No,Electronic check,40.85,370.31,No
CUST-3516,Female,0,Yes,Yes,34,Yes,No,Fiber optic,Yes,Yes,No,Yes,No,No internet service,Month-to-month,Yes,Credit card (automatic),70.45,2445.58,Yes
CUST-3517,Male,0,No,No,1,No,No,DSL,No,No,No,No,No internet service,Yes,One year,No,Electronic check,74.8,-27.12,No
CUST-3518,Male,0,No,No,23,Yes,No,DSL,No,No internet service,No,No,Yes,No,Month-to-month,Yes,Bank transfer (automatic),113.22,2648.47,Yes
CUST-3519,Female,0,Yes,No,37,No,Yes,DSL,No,No,No,No,Yes,Yes,Two year,Yes,Credit card (automatic),37.9,1435.74,No
CUST-3520,Male,0,No,Yes,21,No,Yes,DSL,Yes,No,No internet service,No,Yes,Yes,Month-to-month,Yes,Bank transfer (automatic),82.74,1729.83,Yes
CUST-3521,Male,0,No,No,25,Yes,Yes,DSL,No internet service,No,No,Yes,No,No,Month-to-month,Yes,Credit card (automatic),100.38,2489.04,No
CUST-3522,Female,1,No,No,42,Yes,Yes,DSL,No internet service,Yes,No,No,No,Yes,One year,Yes,Bank transfer (automatic),74.55,3116.14,No
CUST-3523,Male,0,Yes,No,54,Yes,Yes,No,No,No internet service,Yes,Yes,Yes,No,One year,Yes,Bank transfer (automatic),43.88,2383.66,Yes
CUST-3524,Male,0,Yes,No,38,Yes,No phone service,No,Yes,Yes,No,Yes,No,No,Month-to-month,Yes,Electronic check,44.64,1757.02,No
CUST-3525,Male,0,Yes,No,28,No,Yes,Fiber optic,No internet service,No,No,No,No internet service,No,Two year,Yes,Mailed check,22.19,594.61,No
CUST-3526,Male,0,Yes,No,19,Yes,No,No,No,No,No internet service,No internet service,No,No internet service,Two year,Yes,Electronic check,48.95,844.96,No
CUST-3527,Female,0,Yes,No,40,Yes,No,DSL,Yes,No internet service,No,No,Yes,No,One year,Yes,Bank transfer (automatic),93.08,3847.43,No
CUST-3528,Male,0,No,Yes,53,Yes,Yes,No,No internet service,No internet service,No internet service,No,No,No,Month-to-month,Yes,Electronic check,23.03,1254.17,Yes
CUST-3529,Male,0,Yes,No,19,Yes,No,Fiber optic,No,No,No,Yes,No,Yes,One year,No,Bank transfer (automatic),40.29,745.95,No
CUST-3530,Female,0,Yes,No,18,Yes,Yes,DSL,No,Yes,No internet service,No,No,No internet service,Month-to-month,Yes,Bank transfer (automatic),89.23,1665.58,Yes
CUST-3531,Male,0,Yes,No,65,Yes,No,DSL,Yes,Yes,No,No,No,No,Month-to-month,Yes,Electronic check,96.91,6345.83,Yes
CUST-3532,Female,0,No,No,29,Yes,No,DSL,Yes,No,No,No internet service,Yes,No internet service,Two year,No,Credit card (automatic),64.01,1880.9,Yes
CUST-3533,Male,1,No,Yes,52,Yes,Yes,DSL,No,Yes,No,No,No,No,Two year,Yes,Credit card (automatic),88.41,4573.47,Yes
CUST-3534,Male,0,Yes,No,33,Yes,No,DSL,No,No internet service,Yes,Yes,No,No,Two year,Yes,Electronic check,57.24,1922.29,No
CUST-3535,Male,0,Yes,No,21,Yes,Yes,DSL,No,Yes,No,No,Yes,No,Month-to-month,Yes,Mailed check,34.32,775.2,Yes
CUST-3536,Male,0,No,No,66,Yes,No,DSL,Yes,No,No,No internet service,No,No,Month-to-month,Yes,Bank transfer (automatic),58.26,3759.16,Yes
CUST-3537,Female,0,No,No,5,No,No,DSL,Yes,No,No,No,No,No,Month-to-month,Yes,Mailed check,76.54,393.92,No
CUST-3538,Female,1,No,No,26,No,Yes,No,No,No,No,No internet service,No internet service,No,Month-to-month,No,Mailed check,113.53,2966.69,No
CUST-3539,Male,0,No,No,9,Yes,No,DSL,No internet service,No,No internet service,Yes,Yes,No,Month-to-month,No,Credit card (automatic),25.16,239.74,Yes
CUST-3540,Female,0,Yes,No,72,Yes,No,DSL,Yes,No,No,No,No internet service,No,Month-to-month,No,Mailed check,69.24,4987.59,Yes
CUST-3541,Female,0,No,No,47,Yes,Yes,Fiber optic,No,No,No,No,Yes,Yes,One year,No,Credit card (automatic),51.31,2470.87,No
CUST-3542,Male,0,No,No,69,Yes,Yes,No,No internet service,No,No,No,No internet service,No,Two year,No,Mailed check,69.34,4773.89,No
CUST-3543,Female,0,Yes,Yes,58,No,No phone service,Fiber optic,No,No,No,Yes,No,No,One year,No,Bank transfer (automatic),20.66,1198.14,No
CUST-3544,Female,0,No,No,58,Yes,No,No,No,No,Yes,No,No,No internet service,Two year,No,Electronic check,49.71,2898.96,No
CUST-3545,Female,0,Yes,No,1,No,No,Fiber optic,No,No,No,No,No,No,Month-to-month,No,Electronic check,100.65,91.75,Yes
CUST-3546,Male,0,No,Yes,28,Yes,No,DSL,No,No,No,No,Yes,No internet service,Month-to-month,Yes,Credit card (automatic),73.92,2000.46,Yes
CUST-3547,Male,0,Yes,Yes,67,Yes,Yes,DSL,No internet service,No internet service,No,No,No internet service,Yes,Two year,No,Electronic check,63.53,4267.22,Yes
CUST-3548,Male,0,Yes,Yes,64,Yes,No,Fiber optic,No internet service,Yes,No,No internet service,No internet service,Yes,Month-to-month,Yes,Electronic check,46.95,3016.07,Yes
CUST-3549,Male,1,No,No,25,Yes,No,Fiber optic,No,No internet service,Yes,Yes,Yes,No,One year,Yes,Credit card (automatic),48.2,1186.74,No
CUST-3550,Male,0,No,No,9,Yes,Yes,Fiber optic,Yes,No,No,No,No,No,Month-to-month,Yes,Credit card (automatic),56.75,504.13,Yes
CUST-3551,Male,0,Yes,No,52,Yes,Yes,DSL,No,No internet service,No,No,No,No,Month-to-month,Yes,Mailed check,102.22,5156.45,Yes
CUST-3552,Male,0,No,No,58,Yes,Yes,Fiber optic,No internet service,No internet service,No,No,No,No internet service,One year,Yes,Electronic check,115.45,6756.52,Yes
CUST-3553,Male,0,Yes,No,21,Yes,No,Fiber optic,No internet service,No,No internet service,Yes,No,Yes,Two year,Yes,Mailed check,62.33,1353.98,No
CUST-3554,Female,0,No,No,50,Yes,No phone service,Fiber optic,No,Yes,No,No,No,No internet service,Two year,No,Electronic check,57.78,2822.11,No
CUST-3555,Female,0,No,Yes,47,Yes,No,Fiber optic,No internet service,No internet service,No,Yes,No internet service,No,Month-to-month,Yes,Bank transfer (automatic),103.33,4822.74,Yes
CUST-3556,Male,0,Yes,No,20,Yes,No,Fiber optic,Yes,No internet service,Yes,No,No,No,Month-to-month,No,Bank transfer (automatic),61.15,1295.43,Yes
CUST-3557,Male,0,Yes,Yes,21,Yes,No,DSL,No,Yes,Yes,Yes,No,No,Two year,Yes,Electronic check,73.73,1490.59,No
CUST-3558,Male,0,Yes,No,29,Yes,Yes,No,No,Yes,No,No,No,No,Month-to-month,Yes,Electronic check,41.46,1226.26,No
CUST-3559,Female,0,No,Yes,24,Yes,No,Fiber optic,No,No internet service,No,No internet service,No,No internet service,Month-to-month,Yes,Bank transfer (automatic),92.97,2206.68,Yes
CUST-3560,Male,0,No,No,27,Yes,No,DSL,No,No,No,No,No,No internet service,Two year,No,Bank transfer (automatic),71.71,1956.68,Yes
CUST-3561,Female,0,No,No,64,Yes,No,No,Yes,No,No,No,No internet service,No,Two year,No,Electronic check,99.56,6374.35,No
CUST-3562,Male,0,No,Yes,44,Yes,Yes,Fiber optic,Yes,No,No,No internet service,No,No,Two year,Yes,Bank transfer (automatic),96.71,4241.08,Yes
CUST-3563,Male,0,Yes,No,67,Yes,Yes,Fiber optic,Yes,No internet service,No,No,No,No,Month-to-month,No,Credit card (automatic),39.86,2690.05,Yes
CUST-3564,Female,0,Yes,No,6,Yes,No,DSL,Yes,Yes,No,No,Yes,No,Month-to-month,No,Electronic check,90.17,516.37,Yes
CUST-3565,Female,1,No,Yes,48,No,No,Fiber optic,No internet service,Yes,No,No internet service,Yes,Yes,Two year,No,Electronic check,98.66,4646.47,Yes
CUST-3566,Female,0,No,Yes,8,Yes,Yes,DSL,Yes,No,No internet service,No,No internet service,No internet service,Month-to-month,Yes,Electronic check,53.03,377.85,Yes
CUST-3567,Female,0,No,No,35,Yes,Yes,Fiber optic,No,No,No internet service,No,No internet service,No,Two year,Yes,Credit card (automatic),35.6,1193.61,Yes
CUST-3568,Male,0,No,No,0,Yes,Yes,Fiber optic,Yes,No internet service,No,Yes,No,No,Month-to-month,Yes,Electronic check,18.51, ,No
CUST-3569,Female,0,Yes,Yes,9,Yes,No,Fiber optic,No internet service,Yes,Yes,Yes,Yes,Yes,Two year,Yes,Bank transfer (automatic),63.57,590.6,No
CUST-3570,Male,0,Yes,No,35,Yes,No,DSL,Yes,Yes,No internet service,No,No,No,One year,No,Mailed check,53.67,1869.81,Yes
CUST-3571,Male,0,Yes,No,72,Yes,No,No,No internet service,No,Yes,Yes,No,No,Month-to-month,Yes,Electronic check,74.02,5347.14,Yes
CUST-3572,Female,0,No,No,45,Yes,Yes,DSL,Yes,No,No,No,Yes,No,Month-to-month,Yes,Electronic check,37.15,1697.79,No
CUST-3573,Male,0,No,Yes,31,Yes,No,Fiber optic,No internet service,No,No internet service,No internet service,Yes,No internet service,One year,Yes,Electronic check,104.65,3281.97,Yes
CUST-3574,Male,0,No,No,31,Yes,No,Fiber optic,No,No,Yes,No internet service,No,No,One year,Yes,Bank transfer (automatic),44.15,1389.0,Yes
CUST-3575,Male,0,No,No,5,Yes,No,Fiber optic,No,Yes,No,No,No,No,Month-to-month,No,Electronic check,41.01,156.07,No
CUST-3576,Female,0,No,No,47,Yes,No,DSL,No,Yes,No,Yes,No,No internet service,Two year,Yes,Credit card (automatic),66.56,3157.3,Yes
CUST-3577,Female,0,Yes,No,37,Yes,No,Fiber optic,No,Yes,No,No internet service,Yes,No,Month-to-month,Yes,Credit card (automatic),68.38,2541.15,Yes
CUST-3578,Female,1,Yes,Yes,16,Yes,Yes,DSL,Yes,Yes,No,No,No,No internet service,Month-to-month,Yes,Mailed check,39.87,747.43,No
CUST-3579,Male,0,Yes,No,26,Yes,No phone service,Fiber optic,Yes,No internet service,No,No,No,No,Month-to-month,No,Credit card (automatic),45.57,1185.22,Yes
CUST-3580,Male,1,No,Yes,53,No,No phone service,DSL,No,No,No internet service,No internet service,Yes,No,Two year,No,Electronic check,35.31,1890.57,No
CUST-3581,Female,0,No,No,49,Yes,Yes,Fiber optic,No,No,No internet service,No internet service,No,No,Month-to-month,Yes,Electronic check,90.46,4427.8,Yes
CUST-3582,Female,0,Yes,No,34,Yes,No,Fiber optic,No internet service,Yes,Yes,No,No internet service,Yes,Month-to-month,Yes,Bank transfer (automatic),95.64,3254.2,Yes
CUST-3583,Female,0,No,Yes,24,Yes,Yes,DSL,Yes,Yes,No internet service,Yes,No internet service,Yes,Two year,Yes,Mailed check,64.71,1552.11,No
CUST-3584,Female,0,No,No,27,Yes,No,DSL,No,No internet service,Yes,No,No,No,Month-to-month,Yes,Mailed check,90.02,2408.81,No
CUST-3585,Male,0,Yes,No,14,Yes,No,DSL,No,No internet service,Yes,No,No internet service,No,Month-to-month,Yes,Bank transfer (automatic),92.21,1299.81,No
CUST-3586,Male,0,No,No,3,No,No phone service,Fiber optic,No,No internet service,No internet service,Yes,Yes,No,Month-to-month,No,Bank transfer (automatic),32.15,127.54,Yes
CUST-3587,Male,0,No,No,72,Yes,Yes,Fiber optic,No,No,No,No,No,Yes,One year,Yes,Electronic check,115.35,8284.22,Yes
CUST-3588,Male,0,Yes,No,26,Yes,No,Fiber optic,No internet service,Yes,Yes,Yes,No,Yes,One year,Yes,Mailed check,100.76,2661.54,Yes
CUST-3589,Female,1,No,No,25,Yes,Yes,Fiber optic,Yes,Yes,Yes,No internet service,No,Yes,Two year,Yes,Mailed check,38.8,1005.72,No
CUST-3590,Female,0,No,No,18,Yes,Yes,DSL,No,No,No,Yes,No internet service,No internet service,Two year,Yes,Credit card (automatic),36.96,621.27,No
CUST-3591,Male,0,No,No,16,Yes,Yes,No,No internet service,No internet service,Yes,No internet service,Yes,No,One year,Yes,Bank transfer (automatic),30.88,445.9,No
CUST-3592,Female,0,Yes,No,42,Yes,No,Fiber optic,No,No,No,Yes,No,Yes,One year,No,Credit card (automatic),32.16,1373.13,No
CUST-3593,Male,0,No,No,40,No,No phone service,DSL,No internet service,No,No,Yes,No internet service,No internet service,Month-to-month,Yes,Electronic check,93.44,3708.22,Yes
CUST-3594,Female,0,Yes,Yes,41,Yes,Yes,Fiber optic,No internet service,No internet service,No internet service,No,Yes,Yes,Month-to-month,No,Mailed check,65.45,2631.16,Yes
CUST-3595,Female,0,No,Yes,49,Yes,Yes,No,Yes,No,No internet service,No,No,Yes,One year,Yes,Credit card (automatic),96.93,4835.41,Yes
CUST-3596,Male,0,Yes,Yes,39,No,Yes,Fiber optic,No,No internet service,Yes,Yes,No,No internet service,Two year,Yes,Mailed check,93.25,3588.43,Yes
CUST-3597,Male,0,Yes,Yes,38,No,No,Fiber optic,No internet service,No internet service,No,No internet service,No,No,Month-to-month,No,Credit card (automatic),79.01,2926.2,Yes
CUST-3598,Male,0,No,No,22,Yes,No phone service,No,Yes,Yes,No,Yes,No,No,Month-to-month,Yes,Electronic check,87.23,1879.88,No
CUST-3599,Male,1,No,No,51,Yes,Yes,Fiber optic,Yes,No,No,Yes,Yes,No,Month-to-month,Yes,Bank transfer (automatic),20.09,1036.17,Yes
CUST-3600,Male,0,No,Yes,46,Yes,No,DSL,No,No,No,No,No internet service,No,Month-to-month,Yes,Electronic check,49.58,2284.36,Yes
CUST-3601,Female,0,No,No,62,Yes,No,No,Yes,Yes,No internet service,No,No,No internet service,Month-to-month,Yes,Bank transfer (automatic),82.35,5200.06,Yes
CUST-3602,Female,1,Yes,No,68,Yes,Yes,Fiber optic,No internet service,No,No,Yes,No internet service,No internet service,Month-to-month,No,Credit card (automatic),19.19,1266.5,No
CUST-3603,Female,0,No,Yes,42,Yes,Yes,Fiber optic,No,No,Yes,Yes,No internet service,No,Month-to-month,No,Credit card (automatic),21.56,917.33,No
CUST-3604,Male,0,Yes,No,47,Yes,Yes,Fiber optic,No internet service,No,No,No internet service,No internet service,Yes,One year,Yes,Credit card (automatic),103.86,4937.84,Yes
CUST-3605,Male,0,Yes,Yes,33,Yes,Yes,No,No,Yes,No,No,No,No,Month-to-month,Yes,Mailed check,86.99,2837.72,No
CUST-3606,Male,0,Yes,No,39,Yes,No phone service,Fiber optic,No,No,No internet service,Yes,No,No internet service,One year,Yes,Mailed check,44.92,1787.07,Yes
CUST-3607,Female,0,Yes,No,60,Yes,No,DSL,No,No,No,No,No internet service,No,Two year,No,Electronic check,87.39,5151.79,Yes
CUST-3608,Female,0,No,No,49,Yes,No phone service,Fiber optic,Yes,No,No,No,Yes,No internet service,Two year,No,Electronic check,97.89,4884.55,Yes
CUST-3609,Female,1,Yes,No,66,Yes,Yes,DSL,No,No,Yes,Yes,Yes,No,One year,Yes,Bank transfer (automatic),49.08,3289.02,Yes
CUST-3610,Female,0,Yes,Yes,61,Yes,No,DSL,No internet service,Yes,No,No,No,Yes,Month-to-month,Yes,Credit card (automatic),21.87,1300.04,Yes
CUST-3611,Female,0,No,Yes,57,Yes,No phone service,Fiber optic,No,No,Yes,Yes,No,No internet service,Two year,Yes,Bank transfer (automatic),111.99,6424.92,No
CUST-3612,Male,0,Yes,No,32,No,No,DSL,No,No internet service,No,No,Yes,No,One year,Yes,Electronic check,52.94,1759.74,No
CUST-3613,Female,0,No,No,15,Yes,Yes,Fiber optic,Yes,No,No,No internet service,No,Yes,Month-to-month,No,Electronic check,28.95,369.82,Yes
CUST-3614,Male,0,Yes,Yes,47,Yes,Yes,No,No,Yes,No,No internet service,No,No,Month-to-month,No,Mailed check,67.68,3150.97,Yes
CUST-3615,Male,0,No,No,9,Yes,No,Fiber optic,No,Yes,No internet service,No,No,No internet service,Month-to-month,Yes,Credit card (automatic),95.48,926.62,No
CUST-3616,Female,0,Yes,No,37,Yes,Yes,No,No internet service,No,Yes,No internet service,Yes,No,Month-to-month,Yes,Electronic check,40.53,1502.98,No
CUST-3617,Female,0,No,No,18,Yes,No,DSL,No internet service,No,No,No,No,No,Month-to-month,Yes,Mailed check,45.33,837.75,Yes
CUST-3618,Female,0,Yes,No,35,Yes,No,No,No internet service,No internet service,No,Yes,No internet service,No,Two year,No,Electronic check,42.64,1495.91,No
CUST-3619,Female,0,No,No,58,Yes,Yes,No,No internet service,Yes,Yes,Yes,No,No,Month-to-month,Yes,Electronic check,117.91,6883.35,Yes
CUST-3620,Male,0,Yes,Yes,62,Yes,Yes,DSL,No,No,No internet service,Yes,No,Yes,One year,No,Credit card (automatic),38.09,2387.23,Yes
CUST-3621,Male,1,No,No,45,Yes,No,DSL,No,No,No internet service,No,No internet service,No,Two year,Yes,Credit card (automatic),76.09,3429.36,Yes
CUST-3622,Male,0,Yes,Yes,2,No,No,DSL,No,No,No internet service,Yes,Yes,Yes,Two year,No,Mailed check,111.24,117.4,No
CUST-3623,Female,0,No,No,64,Yes,Yes,No,Yes,No,No,No,Yes,No,Two year,Yes,Electronic check,33.01,2144.64,No
CUST-3624,Male,0,Yes,No,7,Yes,No,No,No,No internet service,No internet service,Yes,No,No,Two year,No,Mailed check,115.82,847.2,No
CUST-3625,Male,0,No,Yes,50,Yes,No,DSL,No,No internet service,No internet service,Yes,Yes,No,Month-to-month,No,Mailed check,113.47,5611.52,Yes
CUST-3626,Male,0,No,No,72,Yes,Yes,Fiber optic,No,Yes,No,No internet service,No,No,Two year,No,Credit card (automatic),107.15,7656.22,Yes
CUST-3627,Male,0,Yes,No,5,Yes,No,DSL,No,No,No,No internet service,No,No,One year,No,Mailed check,39.81,224.93,No
CUST-3628,Male,0,Yes,No,38,No,No,Fiber optic,No,No,Yes,Yes,No internet service,Yes,Month-to-month,Yes,Electronic check,81.97,3124.58,Yes
CUST-3629,Male,0,No,Yes,59,Yes,Yes,No,Yes,No,No internet service,Yes,Yes,No,One year,No,Mailed check,94.72,5489.74,Yes
CUST-3630,Male,0,Yes,No,27,Yes,No,DSL,Yes,No,No internet service,No,No,No,One year,Yes,Electronic check,117.35,3127.35,No
CUST-3631,Male,1,Yes,No,53,Yes,No,No,Yes,Yes,No internet service,No,Yes,No,Two year,Yes,Bank transfer (automatic),36.38,1943.83,Yes
CUST-3632,Female,0,Yes,Yes,36,Yes,No,No,No,No internet service,Yes,No,No internet service,Yes,Month-to-month,Yes,Electronic check,95.24,3462.47,Yes
CUST-3633,Male,0,Yes,No,8,Yes,Yes,No,No internet service,No,Yes,No internet service,No,Yes,One year,Yes,Mailed check,52.3,389.18,No
CUST-3634,Female,0,No,No,55,Yes,No,DSL,Yes,No internet service,Yes,Yes,No internet service,No,Month-to-month,Yes,Bank transfer (automatic),35.9,1967.13,Yes
CUST-3635,Female,0,Yes,No,58,Yes,No,DSL,No internet service,No internet service,No,No,No,No internet service,Month-to-month,No,Credit card (automatic),60.6,3470.83,Yes
CUST-3636,Male,0,No,No,1,Yes,No,DSL,No,No,Yes,No internet service,No internet service,Yes,Month-to-month,No,Mailed check,98.03,164.23,Yes
CUST-3637,Male,0,Yes,No,60,Yes,No,Fiber optic,No,Yes,No internet service,Yes,No,No,Month-to-month,Yes,Electronic check,64.97,3906.93,Yes
CUST-3638,Male,1,Yes,No,57,No,Yes,Fiber optic,No,No internet service,No,No,Yes,Yes,Two year,Yes,Mailed check,72.27,4086.01,No
CUST-3639,Female,0,No,No,59,No,Yes,DSL,No,No,No,Yes,Yes,No,Month-to-month,No,Bank transfer (automatic),118.26,6919.52,Yes
CUST-3640,Male,1,Yes,Yes,39,Yes,Yes,No,No,No,No,No internet service,Yes,No,Month-to-month,Yes,Credit card (automatic),58.36,2212.7,Yes
CUST-3641,Male,1,Yes,Yes,35,Yes,Yes,DSL,No,Yes,No,No,Yes,No,Month-to-month,No,Mailed check,80.1,2894.08,Yes
CUST-3642,Female,0,Yes,No,36,Yes,Yes,DSL,No,No,No,No,No,Yes,Month-to-month,Yes,Mailed check,54.96,1969.88,Yes
CUST-3643,Male,1,Yes,No,17,Yes,No,Fiber optic,No,No,No,No,No internet service,No,Month-to-month,Yes,Bank transfer (automatic),57.72,961.26,No
CUST-3644,Male,0,Yes,No,62,Yes,Yes,DSL,Yes,Yes,No,Yes,Yes,No internet service,Month-to-month,No,Electronic check,88.16,5455.26,Yes
CUST-3645,Female,0,No,No,21,Yes,Yes,DSL,Yes,No,Yes,No,Yes,No,One year,Yes,Electronic check,112.51,2331.2,Yes
CUST-3646,Female,1,Yes,No,10,No,No,Fiber optic,No,No,No,No,No internet service,No,Month-to-month,No,Electronic check,72.76,722.25,No
CUST-3647,Male,0,Yes,No,57,Yes,No,No,No,No,No,No,No,No internet service,Month-to-month,Yes,Bank transfer (automatic),95.47,5443.54,Yes
CUST-3648,Male,0,Yes,No,56,Yes,No,No,Yes,Yes,No,Yes,No internet service,Yes,Month-to-month,Yes,Electronic check,27.22,1525.07,Yes
CUST-3649,Male,0,Yes,No,3,Yes,No,Fiber optic,No,No,No internet service,Yes,Yes,No,One year,Yes,Credit card (automatic),39.47,55.28,No
CUST-3650,Female,0,Yes,No,6,Yes,Yes,Fiber optic,No,Yes,No,Yes,No internet service,Yes,Month-to-month,Yes,Credit card (automatic),68.71,456.88,Yes
CUST-3651,Female,0,Yes,No,60,Yes,No,Fiber optic,No,No,No,No internet service,No,No,One year,No,Bank transfer (automatic),20.26,1187.95,Yes
CUST-3652,Female,0,Yes,Yes,53,No,No,Fiber optic,Yes,Yes,No internet service,Yes,No,No,Two year,Yes,Electronic check,43.66,2281.05,Yes
CUST-3653,Male,0,Yes,No,67,Yes,No,Fiber optic,No,No,No,No,No internet service,No,One year,No,Credit card (automatic),70.25,4671.56,Yes
CUST-3654,Female,0,No,Yes,0,Yes,No phone service,Fiber optic,No internet service,No,Yes,No internet service,No,No,Month-to-month,Yes,Credit card (automatic),19.75, ,Yes
CUST-3655,Male,1,Yes,Yes,54,Yes,No,Fiber optic,No,No,No,No,No,No internet service,One year,Yes,Credit card (automatic),44.84,2434.75,Yes
CUST-3656,Female,0,Yes,No,2,No,No,Fiber optic,Yes,No internet service,No,Yes,No,No,One year,Yes,Credit card (automatic),69.91,184.57,No
CUST-3657,Male,0,No,No,37,Yes,No phone service,Fiber optic,Yes,No,No,No internet service,No,No internet service,Month-to-month,Yes,Credit card (automatic),75.85,2770.3,Yes
CUST-3658,Female,0,No,Yes,0,Yes,No,Fiber optic,No internet service,No internet service,No,Yes,No internet service,No internet service,Two year,No,Electronic check,111.29, ,No
CUST-3659,Male,0,No,No,37,No,No,No,No,No internet service,No,No,Yes,No,Two year,No,Mailed check,83.11,3023.71,No
CUST-3660,Female,0,Yes,No,28,Yes,No,DSL,No internet service,No,No internet service,No internet service,No,No,Two year,No,Electronic check,59.93,1655.63,No
CUST-3661,Male,0,Yes,No,4,Yes,Yes,No,No,Yes,Yes,No,Yes,No,Two year,Yes,Bank transfer (automatic),111.75,385.43,No
CUST-3662,Female,0,No,No,20,No,Yes,Fiber optic,No,Yes,No,Yes,No,No,One year,Yes,Electronic check,97.13,1912.66,Yes
CUST-3663,Male,0,No,Yes,70,Yes,Yes,DSL,No,Yes,No,Yes,Yes,No internet service,One year,Yes,Bank transfer (automatic),38.35,2656.92,Yes
CUST-3664,Female,1,No,No,66,No,No,Fiber optic,No,No,No,No internet service,No,No internet service,One year,Yes,Mailed check,31.4,2071.63,Yes
CUST-3665,Female,0,No,No,46,Yes,Yes,Fiber optic,No,No internet service,No internet service,No,No,No,Two year,Yes,Electronic check,86.17,3891.07,Yes
CUST-3666,Male,0,Yes,Yes,34,Yes,Yes,No,Yes,Yes,No internet service,Yes,No,Yes,One year,No,Bank transfer (automatic),74.52,2562.69,Yes
CUST-3667,Male,0,Yes,Yes,67,Yes,No,Fiber optic,No,Yes,No internet service,No,Yes,Yes,Month-to-month,Yes,Electronic check,97.61,6622.92,Yes
CUST-3668,Female,0,No,Yes,68,Yes,Yes,Fiber optic,No,Yes,Yes,No,No internet service,No,Month-to-month,No,Electronic check,92.5,6361.46,Yes
CUST-3669,Female,0,No,No,0,Yes,No,DSL,No,No,Yes,No,No internet service,No,Two year,Yes,Electronic check,81.08, ,No
CUST-3670,Male,0,No,No,67,Yes,No,DSL,No,No,No,Yes,No,No,Month-to-month,No,Mailed check,117.38,7897.89,Yes
CUST-3671,Female,0,Yes,Yes,11,Yes,No,Fiber optic,No,No internet service,No,Yes,Yes,No,One year,No,Credit card (automatic),71.88,818.19,No
CUST-3672,Female,0,No,No,59,Yes,No,Fiber optic,No,Yes,No,No,Yes,No,Two year,Yes,Mailed check,29.62,1745.4,Yes
CUST-3673,Male,1,Yes,No,26,Yes,Yes,Fiber optic,No,No internet service,No,No internet service,Yes,No,One year,No,Bank transfer (automatic),101.49,2647.59,No
CUST-3674,Female,0,No,Yes,55,Yes,No,Fiber optic,Yes,No,No internet service,No,No,No,Two year,Yes,Bank transfer (automatic),43.56,2429.95,No
CUST-3675,Male,0,Yes,No,22,Yes,No,No,No,No,No,No internet service,No internet service,Yes,One year,No,Credit card (automatic),96.37,2164.31,No
CUST-3676,Male,0,Yes,No,24,Yes,No,Fiber optic,No,No,No internet service,Yes,Yes,No,Month-to-month,Yes,Mailed check,114.44,2705.98,Yes
CUST-3677,Male,0,No,No,20,No,Yes,No,No,Yes,No,Yes,No,No,Two year,Yes,Electronic check,88.28,1802.98,No
CUST-3678,Female,0,No,No,60,Yes,No phone service,DSL,Yes,No,No,Yes,Yes,No internet service,Month-to-month,Yes,Electronic check,78.15,4772.32,Yes
CUST-3679,Female,1,Yes,No,62,Yes,Yes,DSL,No internet service,No,No,No,No internet service,No,Month-to-month,No,Electronic check,64.52,4044.35,No
CUST-3680,Female,0,No,No,51,Yes,No phone service,DSL,Yes,No,No internet service,No,Yes,No,Month-to-month,Yes,Credit card (automatic),54.87,2875.19,Yes
CUST-3681,Female,0,No,No,24,Yes,Yes,DSL,No,No,No internet service,No,Yes,No,Month-to-month,No,Electronic check,53.73,1160.34,Yes
CUST-3682,Male,0,Yes,No,54,Yes,No phone service,Fiber optic,No,No internet service,No,Yes,No internet service,No,Month-to-month,No,Electronic check,82.21,4469.13,Yes
CUST-3683,Male,0,Yes,No,45,Yes,No,Fiber optic,No,No,No,No,No,Yes,Month-to-month,Yes,Electronic check,93.75,4231.96,Yes
CUST-3684,Female,0,Yes,Yes,31,Yes,Yes,Fiber optic,No,Yes,No,No,No,No,One year,Yes,Mailed check,86.44,2730.99,No
CUST-3685,Male,0,No,No,54,Yes,No phone service,Fiber optic,Yes,No internet service,Yes,No,No,No,Two year,Yes,Credit card (automatic),38.19,2005.98,Yes
CUST-3686,Female,0,No,No,4,Yes,Yes,No,No,No,Yes,No,No,No,Month-to-month,Yes,Mailed check,67.9,246.29,Yes
CUST-3687,Female,1,No,Yes,35,Yes,No,No,No internet service,No,Yes,Yes,Yes,No,Month-to-month,Yes,Electronic check,97.81,3468.38,No
CUST-3688,Male,0,No,No,48,Yes,No,DSL,No internet service,No,No,No,No,No internet service,One year,No,Electronic check,66.06,3117.9,Yes
CUST-3689,Female,0,Yes,No,57,No,Yes,DSL,No,No,No,No internet service,No,No internet service,One year,Yes,Mailed check,72.18,4126.38,No
CUST-3690,Male,0,Yes,Yes,38,Yes,Yes,DSL,No,No internet service,Yes,No,No internet service,No internet service,Two year,Yes,Electronic check,95.75,3637.65,No
CUST-3691,Male,0,Yes,No,60,Yes,Yes,DSL,No,No,Yes,No,No,Yes,Month-to-month,Yes,Electronic check,84.71,5072.8,Yes
CUST-3692,Female,0,No,Yes,8,Yes,No,Fiber optic,Yes,No,No,No internet service,Yes,No internet service,Two year,Yes,Credit card (automatic),59.39,503.75,No
CUST-3693,Male,0,Yes,Yes,5,Yes,No,Fiber optic,No,No,No internet service,No,Yes,No internet service,Month-to-month,Yes,Electronic check,108.24,485.42,Yes
CUST-3694,Male,0,Yes,No,34,Yes,Yes,DSL,No internet service,No,Yes,No,No internet service,No internet service,One year,No,Electronic check,34.59,1137.05,Yes
CUST-3695,Female,0,No,No,38,Yes,Yes,Fiber optic,Yes,No,No,Yes,No internet service,No,Month-to-month,Yes,Bank transfer (automatic),118.3,4488.44,No
CUST-3696,Male,1,Yes,No,21,Yes,Yes,Fiber optic,No internet service,No,No,No,Yes,No,Month-to-month,No,Credit card (automatic),30.19,573.93,Yes
CUST-3697,Female,1,No,No,40,Yes,Yes,DSL,No,Yes,No,No,No,Yes,Month-to-month,Yes,Electronic check,19.75,851.55,Yes
CUST-3698,Male,0,No,No,4,Yes,No,Fiber optic,Yes,No,Yes,Yes,No internet service,No,Month-to-month,Yes,Electronic check,107.7,390.86,No
CUST-3699,Male,0,Yes,Yes,41,Yes,No,No,Yes,No,No,No,No,Yes,Month-to-month,Yes,Credit card (automatic),42.87,1796.99,Yes
CUST-3700,Female,0,Yes,No,66,Yes,No,Fiber optic,No,No,No,No,Yes,No,Two year,Yes,Bank transfer (automatic),91.58,6000.5,Yes
CUST-3701,Female,0,No,Yes,29,No,Yes,Fiber optic,No,No,No,No internet service,No,Yes,One year,No,Electronic check,99.76,2928.25,Yes
CUST-3702,Male,0,No,No,56,Yes,Yes,DSL,No,Yes,No internet service,No,No,No,One year,Yes,Credit card (automatic),104.58,5776.04,Yes
CUST-3703,Female,0,No,Yes,72,Yes,No,DSL,Yes,No,No,No,No internet service,No,Month-to-month,Yes,Electronic check,117.91,8559.95,Yes
CUST-3704,Male,0,Yes,Yes,28,Yes,No phone service,DSL,Yes,No,No,No,No internet service,No internet service,Month-to-month,Yes,Electronic check,47.8,1395.16,No
CUST-3705,Male,0,No,No,36,Yes,No,No,No,No,No,Yes,Yes,No,Two year,No,Bank transfer (automatic),89.63,3199.05,Yes
CUST-3706,Female,0,No,No,12,Yes,No,DSL,No,No,Yes,Yes,Yes,No internet service,One year,Yes,Mailed check,29.85,316.92,No
CUST-3707,Male,0,No,No,31,Yes,Yes,DSL,Yes,No,Yes,Yes,No,Yes,Month-to-month,No,Bank transfer (automatic),59.13,1855.92,Yes
CUST-3708,Male,0,No,Yes,45,Yes,Yes,DSL,No,No,No,No,No,No,Month-to-month,Yes,Electronic check,103.47,4579.84,Yes
CUST-3709,Female,0,Yes,No,22,Yes,No,No,No internet service,Yes,No,No,Yes,No,One year,Yes,Bank transfer (automatic),55.2,1216.14,No
CUST-3710,Female,0,No,No,44,Yes,No,DSL,Yes,No,No,Yes,No,No,Month-to-month,No,Mailed check,77.66,3376.66,Yes
CUST-3711,Female,0,No,No,16,Yes,No,DSL,No,No,No,No,No,No,Month-to-month,No,Mailed check,68.88,1089.36,No
CUST-3712,Female,0,No,No,65,Yes,No,Fiber optic,No,No,No,No,No internet service,No,Two year,Yes,Credit card (automatic),83.17,5373.86,Yes
CUST-3713,Male,1,No,Yes,5,Yes,Yes,Fiber optic,Yes,Yes,No,No,No,No,One year,Yes,Credit card (automatic),116.03,540.23,Yes
CUST-3714,Male,1,Yes,No,17,Yes,No,DSL,No internet service,Yes,Yes,No,No,Yes,One year,No,Electronic check,23.85,490.69,No
CUST-3715,Male,0,Yes,No,21,Yes,No,DSL,Yes,No,No,No internet service,Yes,No internet service,Month-to-month,No,Bank transfer (automatic),75.93,1633.56,Yes
CUST-3716,Male,0,Yes,Yes,32,Yes,No,No,No internet service,No,No,No internet service,No,Yes,Month-to-month,No,Bank transfer (automatic),104.98,3285.37,Yes
CUST-3717,Male,0,No,No,29,Yes,Yes,No,No,No internet service,Yes,No internet service,No,No,Two year,Yes,Electronic check,66.63,1888.48,No
CUST-3718,Male,0,No,No,31,Yes,No phone service,Fiber optic,No,No internet service,Yes,Yes,No,No internet service,Two year,No,Electronic check,26.14,853.21,No
CUST-3719,Female,0,Yes,No,41,No,No,DSL,No,No internet service,No,No,No,No,Month-to-month,No,Electronic check,74.58,3106.21,Yes
CUST-3720,Female,0,No,No,9,Yes,No,DSL,No internet service,Yes,No,No internet service,No,No internet service,Month-to-month,Yes,Mailed check,51.62,395.33,Yes
CUST-3721,Male,0,No,No,35,Yes,No,Fiber optic,No internet service,No internet service,No,No internet service,No,Yes,Month-to-month,No,Bank transfer (automatic),33.82,1218.63,Yes
CUST-3722,Male,0,No,No,33,Yes,No,Fiber optic,No,Yes,Yes,Yes,No,Yes,Month-to-month,No,Electronic check,103.58,3431.39,Yes
CUST-3723,Male,0,No,Yes,72,Yes,No,No,Yes,No,Yes,No internet service,No,No internet service,One year,Yes,Electronic check,70.67,4991.16,No
CUST-3724,Female,0,No,Yes,27,Yes,Yes,Fiber optic,No,No internet service,No,No,No,No,Two year,Yes,Bank transfer (automatic),112.04,3004.92,Yes
CUST-3725,Male,0,No,Yes,10,Yes,Yes,No,No internet service,Yes,No,No internet service,No internet service,Yes,Month-to-month,No,Bank transfer (automatic),99.25,985.69,No
CUST-3726,Female,0,No,No,38,Yes,Yes,No,No internet service,Yes,No,No,Yes,No,Month-to-month,No,Credit card (automatic),87.89,3342.24,Yes
CUST-3727,Male,0,No,No,46,Yes,No,No,No,No internet service,No,No,No internet service,No,Two year,Yes,Bank transfer (automatic),18.76,796.93,No
CUST-3728,Female,1,Yes,Yes,18,Yes,No,Fiber optic,No,No internet service,Yes,No,Yes,No,Month-to-month,No,Bank transfer (automatic),61.25,1064.35,Yes
CUST-3729,Male,0,Yes,No,14,Yes,No,DSL,No,No,No internet service,Yes,No,No internet service,Two year,Yes,Bank transfer (automatic),38.1,502.25,No
CUST-3730,Female,0,No,No,27,Yes,No,Fiber optic,No,No,No,No,No,No internet service,One year,Yes,Bank transfer (automatic),109.79,2937.55,Yes
CUST-3731,Female,0,Yes,No,23,Yes,Yes,Fiber optic,Yes,No,No,No,No internet service,Yes,Two year,Yes,Mailed check,35.8,797.45,No
CUST-3732,Female,0,No,No,71,Yes,No phone service,Fiber optic,No,No,No internet service,No,Yes,Yes,Month-to-month,No,Credit card (automatic),47.0,3330.37,Yes
CUST-3733,Male,0,No,Yes,8,No,No,DSL,No,Yes,No,No,No internet service,Yes,Month-to-month,No,Bank transfer (automatic),70.19,577.0,Yes
CUST-3734,Male,0,Yes,No,46,Yes,No,Fiber optic,Yes,No,No,No,No,No,Month-to-month,No,Electronic check,44.72,2145.83,No
CUST-3735,Female,0,No,No,32,Yes,No,Fiber optic,No internet service,No internet service,No,No,No,No,Month-to-month,Yes,Bank transfer (automatic),39.34,1302.42,Yes
CUST-3736,Male,1,No,No,61,Yes,Yes,Fiber optic,No internet service,No internet service,No,No,No internet service,No internet service,Month-to-month,Yes,Bank transfer (automatic),78.46,4851.9,Yes
CUST-3737,Female,0,Yes,No,18,Yes,Yes,DSL,Yes,No,Yes,Yes,No,No,Two year,Yes,Electronic check,27.19,465.38,No
CUST-3738,Female,0,No,Yes,66,Yes,Yes,Fiber optic,Yes,No internet service,No,No,No,No,Two year,No,Credit card (automatic),24.1,1540.4,No
CUST-3739,Female,0,No,No,39,Yes,No,DSL,Yes,No,Yes,No,No,No,One year,Yes,Mailed check,55.66,2210.81,Yes
CUST-3740,Female,0,No,No,46,Yes,Yes,No,No,No,No,No,Yes,No internet service,Month-to-month,Yes,Bank transfer (automatic),90.68,4170.47,Yes
CUST-3741,Male,1,No,Yes,64,Yes,Yes,Fiber optic,No,No,Yes,No internet service,No,No internet service,One year,No,Credit card (automatic),74.01,4773.16,Yes
CUST-3742,Male,0,Yes,Yes,28,No,No,DSL,No,Yes,No,No,Yes,No,One year,Yes,Bank transfer (automatic),60.75,1656.88,Yes
CUST-3743,Female,0,No,No,49,Yes,Yes,DSL,No,No internet service,Yes,No,Yes,No,Month-to-month,No,Bank transfer (automatic),75.11,3712.82,Yes
CUST-3744,Female,0,Yes,No,12,Yes,Yes,Fiber optic,No,No internet service,No,No,No internet service,No,Two year,Yes,Bank transfer (automatic),54.98,651.0,No
CUST-3745,Female,0,No,No,0,Yes,No,DSL,Yes,No,No internet service,No,No,No internet service,Month-to-month,Yes,Mailed check,112.33, ,Yes
CUST-3746,Male,0,No,Yes,33,Yes,No,No,No,No,Yes,No,Yes,No internet service,Month-to-month,Yes,Mailed check,23.77,766.07,Yes
CUST-3747,Female,0,Yes,No,47,No,No,Fiber optic,No internet service,No internet service,No,No,No internet service,No,Month-to-month,Yes,Electronic check,85.93,4063.23,Yes
CUST-3748,Male,0,No,No,47,Yes,Yes,DSL,No,No,No,Yes,Yes,No,Two year,Yes,Mailed check,107.82,5106.25,Yes
CUST-3749,Female,0,Yes,Yes,48,Yes,Yes,Fiber optic,No,Yes,No,No,Yes,No internet service,One year,Yes,Electronic check,99.04,4735.6,No
CUST-3750,Male,0,Yes,Yes,63,Yes,Yes,DSL,No internet service,No internet service,No internet service,No internet service,No,Yes,Month-to-month,Yes,Bank transfer (automatic),36.75,2332.47,Yes
CUST-3751,Female,0,Yes,No,60,Yes,No phone service,No,No internet service,No,No,No,Yes,Yes,Month-to-month,Yes,Electronic check,47.99,2896.44,Yes
CUST-3752,Female,0,Yes,No,28,Yes,Yes,DSL,Yes,Yes,No,No internet service,Yes,Yes,Month-to-month,No,Credit card (automatic),90.31,2565.6,Yes
CUST-3753,Male,0,No,Yes,38,Yes,No,No,No internet service,Yes,No,No,No,Yes,Month-to-month,Yes,Electronic check,26.72,1064.71,No
CUST-3754,Male,0,No,Yes,25,Yes,Yes,Fiber optic,No internet service,No,No internet service,Yes,Yes,No,Month-to-month,Yes,Electronic check,99.84,2586.56,Yes
CUST-3755,Female,0,Yes,Yes,16,Yes,No phone service,No,No internet service,Yes,Yes,No,No,No,Month-to-month,No,Electronic check,90.5,1424.74,No
CUST-3756,Female,0,No,No,70,Yes,Yes,DSL,Yes,No,No,No,No internet service,No internet service,Month-to-month,Yes,Electronic check,91.58,6483.6,Yes
CUST-3757,Female,0,Yes,No,12,Yes,Yes,Fiber optic,No,Yes,No,No,No,No,Two year,No,Electronic check,28.32,345.69,No
CUST-3758,Female,0,Yes,Yes,68,Yes,No,Fiber optic,No,Yes,No,No,No,Yes,Month-to-month,No,Electronic check,90.38,6091.1,Yes
CUST-3759,Female,0,No,No,25,Yes,Yes,Fiber optic,Yes,Yes,No,Yes,Yes,No internet service,One year,Yes,Mailed check,86.57,2131.73,No
CUST-3760,Male,1,No,No,48,Yes,No,DSL,No,No,No,No,Yes,No,Month-to-month,Yes,Electronic check,101.76,4907.78,Yes
CUST-3761,Female,0,Yes,No,66,Yes,No,Fiber optic,No internet service,No,No,Yes,No,No,Month-to-month,No,Electronic check,22.43,1516.57,Yes
CUST-3762,Male,0,No,Yes,6,Yes,No,DSL,No,Yes,No,Yes,No,Yes,Month-to-month,No,Mailed check,20.57,72.61,No
CUST-3763,Male,0,No,Yes,57,Yes,No,Fiber optic,No internet service,No,No,Yes,No,Yes,Month-to-month,Yes,Mailed check,55.74,3138.99,Yes
CUST-3764,Male,0,No,Yes,48,Yes,Yes,Fiber optic,No,No,No,No,Yes,No,Month-to-month,Yes,Bank transfer (automatic),33.2,1566.94,Yes
CUST-3765,Male,0,Yes,Yes,52,Yes,No,DSL,No,Yes,No,No,No,No,Two year,Yes,Mailed check,74.37,3824.07,No
CUST-3766,Female,0,Yes,No,64,Yes,No phone service,DSL,No,Yes,No,No,No,No,Two year,Yes,Electronic check,110.44,6974.16,Yes
CUST-3767,Female,0,Yes,No,61,Yes,No,Fiber optic,No,Yes,No internet service,No,No,Yes,Month-to-month,No,Credit card (automatic),57.59,3402.02,Yes
CUST-3768,Female,0,Yes,No,16,Yes,No,DSL,No,Yes,No,No,Yes,Yes,Month-to-month,Yes,Mailed check,103.17,1631.63,Yes
CUST-3769,Male,0,No,No,42,Yes,No phone service,No,No,No,No,Yes,Yes,No,Two year,Yes,Credit card (automatic),18.27,779.94,No
CUST-3770,Female,0,Yes,No,24,Yes,Yes,DSL,No,Yes,No,No,Yes,No,Month-to-month,Yes,Mailed check,35.19,877.34,Yes
CUST-3771,Male,0,No,No,2,Yes,Yes,No,No,No,No,No,No internet service,Yes,One year,Yes,Mailed check,21.31,-25.5,No
CUST-3772,Female,0,No,Yes,28,Yes,Yes,Fiber optic,Yes,No,No internet service,No,No,Yes,Two year,Yes,Bank transfer (automatic),51.23,1367.17,Yes
CUST-3773,Female,0,No,No,31,Yes,Yes,Fiber optic,No,Yes,No internet service,No internet service,Yes,No,Two year,No,Electronic check,109.52,3368.72,Yes
CUST-3774,Female,1,Yes,No,25,Yes,No,DSL,Yes,No,No,No,No,No,Month-to-month,Yes,Mailed check,27.99,699.92,Yes
CUST-3775,Female,0,No,No,15,Yes,Yes,Fiber optic,Yes,No,No,No,No,No,Month-to-month,No,Electronic check,79.19,1238.29,No
CUST-3776,Male,1,No,No,24,Yes,Yes,Fiber optic,No internet service,No,No,No internet service,No,No internet service,Month-to-month,Yes,Electronic check,63.63,1563.01,Yes
CUST-3777,Male,0,No,Yes,53,Yes,Yes,Fiber optic,Yes,No internet service,No,No,Yes,No,Two year,Yes,Credit card (automatic),112.57,5947.82,Yes
CUST-3778,Female,0,No,No,27,Yes,Yes,DSL,Yes,No,No,No internet service,No internet service,No,Two year,Yes,Electronic check,30.56,843.13,No
CUST-3779,Female,0,No,No,72,Yes,Yes,No,Yes,No,Yes,Yes,No,No,One year,No,Mailed check,39.56,2806.14,Yes
CUST-3780,Male,0,No,Yes,55,Yes,No,No,No internet service,No,No,Yes,Yes,No,Two year,No,Electronic check,21.22,1170.82,No
CUST-3781,Male,0,No,Yes,64,Yes,Yes,Fiber optic,Yes,No,No,No,No internet service,No,One year,No,Mailed check,61.86,3955.92,Yes
CUST-3782,Male,0,Yes,Yes,40,Yes,Yes,Fiber optic,Yes,No internet service,No internet service,No,Yes,No,One year,Yes,Electronic check,46.17,1917.02,Yes
CUST-3783,Male,0,No,No,50,Yes,No,Fiber optic,No,No internet service,No,No,No,No,Two year,Yes,Bank transfer (automatic),105.68,5308.68,Yes
CUST-3784,Male,0,Yes,Yes,70,Yes,Yes,DSL,No,Yes,No,Yes,No,Yes,One year,No,Bank transfer (automatic),79.05,5494.96,Yes
CUST-3785,Male,0,No,Yes,28,No,No,DSL,Yes,No internet service,No,No,No internet service,No,Month-to-month,No,Electronic check,79.97,2201.13,Yes
CUST-3786,Female,0,No,No,18,Yes,Yes,Fiber optic,No,Yes,Yes,Yes,Yes,No,Month-to-month,Yes,Electronic check,71.71,1274.13,Yes
CUST-3787,Male,0,No,No,65,Yes,No,No,No,Yes,No,No internet service,No,No,One year,Yes,Credit card (automatic),27.48,1707.98,Yes
CUST-3788,Male,0,No,Yes,40,Yes,Yes,DSL,No,Yes,Yes,No,No,No internet service,Month-to-month,Yes,Mailed check,62.97,2507.3,Yes
CUST-3789,Male,0,Yes,Yes,44,Yes,Yes,Fiber optic,No,No,No,No,Yes,No,Month-to-month,Yes,Mailed check,118.7,5215.62,Yes
CUST-3790,Female,0,Yes,No,14,No,No,No,No,No,No,No,No,No,Two year,Yes,Mailed check,102.19,1453.99,No
CUST-3791,Female,0,Yes,Yes,2,Yes,No,DSL,No,Yes,Yes,No,No internet service,No,One year,Yes,Bank transfer (automatic),108.04,246.69,No
CUST-3792,Female,0,No,No,10,Yes,No,DSL,No,No,No,Yes,No,No,Two year,Yes,Bank transfer (automatic),100.98,1014.75,Yes
CUST-3793,Female,0,No,No,52,Yes,No,Fiber optic,No,No,No internet service,No,No,Yes,Month-to-month,Yes,Bank transfer (automatic),28.61,1406.22,Yes
CUST-3794,Male,0,Yes,No,45,Yes,No,DSL,No,No internet service,No internet service,No internet service,Yes,No,One year,Yes,Electronic check,41.11,1788.9,No
CUST-3795,Male,0,Yes,No,29,Yes,No,DSL,No,No internet service,No,No,No internet service,No,Month-to-month,No,Mailed check,18.56,507.98,No
CUST-3796,Male,0,Yes,Yes,56,Yes,Yes,Fiber optic,Yes,No,No,No internet service,No,No,Two year,Yes,Credit card (automatic),48.75,2762.61,Yes
CUST-3797,Male,0,Yes,Yes,17,Yes,No,Fiber optic,No internet service,Yes,No internet service,No,No,No,Month-to-month,No,Mailed check,29.17,526.82,Yes
CUST-3798,Female,0,No,Yes,50,Yes,Yes,No,Yes,No,No,No,No,No,One year,Yes,Electronic check,65.77,3276.03,No
CUST-3799,Female,0,No,No,47,Yes,No,Fiber optic,No,No internet service,No internet service,No,No,No,Two year,Yes,Electronic check,86.3,4174.09,No
CUST-3800,Male,0,Yes,No,65,Yes,No,Fiber optic,Yes,No internet service,Yes,No,No internet service,No internet service,Month-to-month,No,Credit card (automatic),106.14,6977.18,Yes
CUST-3801,Female,0,No,No,7,Yes,Yes,Fiber optic,No,No,No internet service,No,Yes,Yes,Two year,No,Electronic check,93.55,716.85,No
CUST-3802,Female,0,Yes,No,21,Yes,Yes,No,Yes,Yes,Yes,No,No,No,Two year,Yes,Electronic check,112.58,2399.21,No
CUST-3803,Male,0,No,No,5,Yes,No,DSL,Yes,No,No internet service,Yes,No internet service,No internet service,Month-to-month,Yes,Mailed check,23.67,141.28,No
CUST-3804,Female,0,No,Yes,56,Yes,Yes,DSL,No,No,No internet service,No internet service,No,No,Month-to-month,Yes,Credit card (automatic),19.47,1109.6,Yes
CUST-3805,Male,1,No,Yes,35,Yes,Yes,No,Yes,Yes,No,No internet service,No,No internet service,Month-to-month,Yes,Credit card (automatic),84.71,2874.6,Yes
CUST-3806,Female,0,No,No,56,Yes,Yes,No,Yes,No,No,No,Yes,No,Month-to-month,Yes,Credit card (automatic),47.33,2597.92,Yes
CUST-3807,Male,0,Yes,No,48,Yes,No,DSL,No,No,Yes,No internet service,No internet service,No,Two year,Yes,Electronic check,43.73,2087.93,No
CUST-3808,Male,0,No,No,44,Yes,Yes,DSL,No internet service,No,No,No internet service,Yes,No,Two year,Yes,Electronic check,51.5,2272.39,No
CUST-3809,Male,1,Yes,Yes,65,Yes,Yes,Fiber optic,No internet service,No,Yes,No internet service,Yes,No,Month-to-month,Yes,Credit card (automatic),45.36,2942.18,Yes
CUST-3810,Male,0,No,Yes,44,Yes,No,DSL,No,Yes,No,No,No,No,Month-to-month,Yes,Bank transfer (automatic),69.65,3078.21,No
CUST-3811,Male,0,Yes,Yes,19,Yes,Yes,Fiber optic,No internet service,No,Yes,Yes,No,Yes,Month-to-month,No,Credit card (automatic),62.48,1081.95,Yes
CUST-3812,Female,0,Yes,No,63,Yes,No,DSL,No internet service,No,No,Yes,No,No internet service,Month-to-month,No,Bank transfer (automatic),69.75,4419.53,Yes
CUST-3813,Male,0,Yes,Yes,66,Yes,No,DSL,No,Yes,No,No internet service,Yes,Yes,Month-to-month,No,Electronic check,85.86,5669.87,Yes
CUST-3814,Male,1,Yes,Yes,2,Yes,Yes,Fiber optic,No internet service,Yes,Yes,No,No internet service,No,Month-to-month,Yes,Credit card (automatic),57.16,104.95,No
CUST-3815,Female,0,No,No,53,Yes,No,No,No,No,No,No,No,No,Month-to-month,Yes,Credit card (automatic),43.51,2352.4,No
CUST-3816,Female,0,Yes,No,63,Yes,No,Fiber optic,No,No,Yes,Yes,No internet service,Yes,One year,Yes,Bank transfer (automatic),34.95,2149.57,Yes
CUST-3817,Female,0,Yes,No,39,Yes,Yes,Fiber optic,No,No,Yes,No,Yes,Yes,One year,Yes,Electronic check,53.37,2069.59,Yes
CUST-3818,Female,0,No,Yes,58,Yes,No,No,No,No,No,No,No,No internet service,Month-to-month,No,Electronic check,92.8,5396.62,Yes
CUST-3819,Male,0,No,No,54,Yes,Yes,Fiber optic,Yes,No,Yes,No,Yes,No,Two year,Yes,Electronic check,94.3,5049.55,Yes
CUST-3820,Male,0,No,Yes,61,Yes,No,Fiber optic,Yes,Yes,No,No,No,No,One year,Yes,Electronic check,85.27,5101.3,Yes
CUST-3821,Female,0,Yes,No,3,Yes,Yes,Fiber optic,No,No,Yes,No,No internet service,No,Two year,No,Credit card (automatic),41.77,67.66,No
CUST-3822,Female,0,No,Yes,59,Yes,Yes,DSL,No,No internet service,No,No internet service,No,No,Month-to-month,No,Credit card (automatic),77.35,4560.41,Yes
CUST-3823,Female,1,No,No,29,Yes,No,Fiber optic,Yes,Yes,No internet service,No,No internet service,No,Two year,Yes,Electronic check,75.6,2179.95,No
CUST-3824,Male,0,No,Yes,1,Yes,Yes,Fiber optic,No internet service,No internet service,No,No internet service,No internet service,No,Two year,Yes,Electronic check,66.92,66.01,No
CUST-3825,Male,0,No,No,61,Yes,No phone service,DSL,No,Yes,No,No,No,Yes,Month-to-month,Yes,Credit card (automatic),73.52,4451.76,Yes
CUST-3826,Female,0,Yes,No,48,Yes,No,DSL,No,No,No,Yes,Yes,No,Month-to-month,Yes,Bank transfer (automatic),67.67,3182.55,Yes
CUST-3827,Female,0,Yes,Yes,8,Yes,Yes,DSL,No,No internet service,No,No,No internet service,No,Two year,Yes,Bank transfer (automatic),75.08,607.49,No
CUST-3828,Male,1,No,No,30,Yes,Yes,Fiber optic,No,No,Yes,No internet service,No internet service,No,One year,Yes,Bank transfer (automatic),90.16,2696.47,Yes
CUST-3829,Male,0,No,No,60,Yes,No,DSL,No internet service,Yes,No,No,No,Yes,Two year,No,Credit card (automatic),29.27,1788.09,No
CUST-3830,Female,0,No,No,47,Yes,No,DSL,No internet service,Yes,No,No,No,No internet service,Two year,Yes,Mailed check,93.59,4361.35,Yes
CUST-3831,Male,0,No,No,24,No,No,No,No,Yes,No internet service,No,Yes,No,One year,Yes,Credit card (automatic),31.91,664.8,No
CUST-3832,Female,0,Yes,No,35,Yes,Yes,Fiber optic,No,No,No,No,No,No internet service,Month-to-month,Yes,Bank transfer (automatic),24.95,743.03,No
CUST-3833,Female,0,No,No,7,Yes,Yes,DSL,No,No,No,Yes,Yes,No,Month-to-month,No,Electronic check,116.35,794.38,Yes
CUST-3834,Female,0,No,No,72,No,No,Fiber optic,Yes,No internet service,Yes,No,No internet service,No internet service,Two year,No,Electronic check,114.43,8245.36,Yes
CUST-3835,Male,0,No,Yes,57,Yes,No,DSL,No,No,Yes,No internet service,Yes,No,Month-to-month,Yes,Bank transfer (automatic),24.32,1374.62,Yes
CUST-3836,Male,0,No,Yes,44,Yes,No phone service,Fiber optic,No,No internet service,Yes,Yes,Yes,No internet service,Month-to-month,Yes,Credit card (automatic),62.8,2734.94,No
CUST-3837,Male,0,No,No,61,Yes,No,Fiber optic,No,No,Yes,No,No internet service,Yes,One year,Yes,Credit card (automatic),36.97,2175.6,No
CUST-3838,Female,0,Yes,Yes,38,Yes,Yes,Fiber optic,No,No,No,No,No,Yes,One year,Yes,Credit card (automatic),67.03,2452.67,Yes
CUST-3839,Female,0,No,Yes,57,Yes,Yes,Fiber optic,Yes,Yes,No,No internet service,No,No,Month-to-month,Yes,Electronic check,101.68,5814.12,Yes
CUST-3840,Female,0,Yes,No,63,Yes,No,DSL,No,No internet service,No,No,No,Yes,Month-to-month,Yes,Electronic check,113.79,7157.39,Yes
CUST-3841,Female,0,Yes,Yes,43,Yes,No,Fiber optic,Yes,No,Yes,No,No internet service,Yes,Month-to-month,Yes,Electronic check,81.99,3507.39,Yes
CUST-3842,Female,0,Yes,Yes,28,Yes,No,DSL,No,No,No,No internet service,No,Yes,Month-to-month,Yes,Credit card (automatic),53.82,1429.87,Yes
CUST-3843,Female,0,Yes,Yes,58,Yes,No,DSL,No,Yes,No,No,No,Yes,Two year,Yes,Credit card (automatic),78.88,4526.73,Yes
CUST-3844,Female,0,Yes,Yes,70,Yes,Yes,No,No,Yes,Yes,No internet service,No internet service,Yes,Month-to-month,No,Bank transfer (automatic),49.61,3474.96,Yes
CUST-3845,Female,1,No,Yes,8,Yes,Yes,Fiber optic,No,No,No,No,Yes,No,Two year,Yes,Electronic check,109.69,891.75,Yes
CUST-3846,Male,0,Yes,No,5,No,No,No,No,Yes,No,No,No,No,Two year,Yes,Credit card (automatic),105.73,520.44,No
CUST-3847,Female,1,No,No,28,Yes,Yes,DSL,No,No,No,Yes,No internet service,No,One year,No,Bank transfer (automatic),74.35,2150.76,No
CUST-3848,Female,0,No,No,57,Yes,No,Fiber optic,No,No internet service,No,No internet service,No,Yes,Month-to-month,No,Credit card (automatic),50.89,2871.96,No
CUST-3849,Female,0,No,No,16,Yes,No,DSL,No,No,No,No,No,No,Month-to-month,No,Electronic check,47.74,828.18,Yes
CUST-3850,Male,0,Yes,Yes,15,Yes,Yes,Fiber optic,Yes,No,Yes,No,No internet service,No internet service,Month-to-month,Yes,Bank transfer (automatic),21.61,334.99,No
CUST-3851,Male,0,Yes,No,2,Yes,No phone service,DSL,No,No internet service,Yes,No,No,No internet service,Month-to-month,No,Mailed check,100.24,205.89,No
CUST-3852,Female,1,Yes,No,20,Yes,No,DSL,No internet service,Yes,No,No,No,No,Two year,Yes,Bank transfer (automatic),63.51,1316.83,No
CUST-3853,Male,0,Yes,Yes,63,Yes,No,DSL,No,No internet service,Yes,No internet service,No,No internet service,Month-to-month,No,Credit card (automatic),50.93,3177.38,No
CUST-3854,Female,0,No,Yes,35,Yes,No,Fiber optic,No,No,No,No,No,No,Two year,No,Bank transfer (automatic),65.6,2279.54,No
CUST-3855,Male,0,No,No,61,Yes,No,DSL,No,No,No internet service,No,Yes,Yes,Month-to-month,No,Mailed check,100.53,6071.15,Yes
CUST-3856,Male,0,Yes,No,41,Yes,No phone service,No,No,No internet service,No internet service,No,No internet service,No,Month-to-month,Yes,Credit card (automatic),30.77,1308.33,Yes
CUST-3857,Female,0,Yes,No,41,Yes,No,DSL,Yes,No,No,No internet service,No,No internet service,Two year,Yes,Electronic check,104.44,4298.82,No
CUST-3858,Male,0,Yes,No,60,Yes,No,DSL,No,No,No,No internet service,No,No,One year,No,Mailed check,108.45,6561.89,Yes
CUST-3859,Female,0,Yes,No,12,Yes,No,Fiber optic,Yes,No,No internet service,No internet service,No,No internet service,Month-to-month,No,Mailed check,113.39,1370.92,Yes
CUST-3860,Female,0,Yes,No,10,Yes,No,No,No,Yes,No internet service,No,No,No,Month-to-month,Yes,Credit card (automatic),58.2,637.15,Yes
CUST-3861,Male,0,No,Yes,53,Yes,No,DSL,Yes,Yes,No,No,No,No,Month-to-month,No,Bank transfer (automatic),40.07,2086.35,Yes
CUST-3862,Male,0,No,No,15,Yes,No,DSL,No,No internet service,No,Yes,No,No,One year,No,Electronic check,55.8,886.36,Yes
CUST-3863,Female,0,No,No,7,Yes,No,Fiber optic,No internet service,No,No,No,No,Yes,Month-to-month,Yes,Mailed check,51.71,342.08,Yes
CUST-3864,Female,0,Yes,No,58,Yes,Yes,DSL,Yes,Yes,No,No,Yes,No,One year,No,Credit card (automatic),35.95,2085.23,Yes
CUST-3865,Female,0,Yes,No,56,Yes,Yes,Fiber optic,Yes,No,Yes,No,No,No,One year,No,Bank transfer (automatic),79.28,4476.1,Yes
CUST-3866,Female,0,No,No,39,Yes,Yes,DSL,Yes,Yes,Yes,No,Yes,No,Two year,No,Electronic check,66.15,2696.24,No
CUST-3867,Male,0,No,No,58,Yes,Yes,Fiber optic,No internet service,No internet service,No,Yes,No,No,Month-to-month,Yes,Electronic check,105.25,6145.5,Yes
CUST-3868,Male,1,No,No,1,Yes,Yes,DSL,No,No,No,No,Yes,No internet service,Month-to-month,No,Credit card (automatic),21.48,67.2,No
CUST-3869,Female,0,No,No,9,Yes,Yes,Fiber optic,No,Yes,No,No,No,No internet service,One year,Yes,Electronic check,82.96,719.37,No
CUST-3870,Female,0,No,No,43,Yes,No,Fiber optic,Yes,No internet service,No,Yes,No internet service,No internet service,Month-to-month,No,Bank transfer (automatic),94.93,4089.84,Yes
CUST-3871,Female,0,No,Yes,10,Yes,No,Fiber optic,No internet service,No internet service,No,No,No,No,Month-to-month,Yes,Credit card (automatic),94.58,941.01,No
CUST-3872,Female,0,No,No,1,No,Yes,Fiber optic,Yes,No,Yes,No,No,Yes,Month-to-month,No,Electronic check,107.3,177.68,No
CUST-3873,Female,0,No,Yes,49,Yes,No phone service,No,No,No,No,No,No,Yes,Month-to-month,Yes,Electronic check,91.52,4477.18,Yes
CUST-3874,Female,0,No,Yes,11,No,No,DSL,No,No,No,No internet service,No,No,Month-to-month,Yes,Bank transfer (automatic),111.49,1292.82,Yes
CUST-3875,Female,0,Yes,No,22,Yes,Yes,DSL,Yes,No,No,Yes,No,No,Month-to-month,No,Electronic check,51.68,1071.88,Yes
CUST-3876,Male,0,No,No,17,Yes,Yes,Fiber optic,No internet service,No,No,No,No,No,Two year,Yes,Electronic check,68.82,1239.88,No
CUST-3877,Male,0,No,No,61,Yes,No,Fiber optic,No,No,No,No,No,No,One year,Yes,Mailed check,19.67,1156.8,Yes
CUST-3878,Female,0,Yes,No,61,Yes,No phone service,DSL,Yes,No internet service,No,No internet service,Yes,No internet service,Month-to-month,Yes,Electronic check,18.95,1198.64,Yes
CUST-3879,Male,0,No,No,37,Yes,No,Fiber optic,No,No,No,No,No,No,Month-to-month,Yes,Mailed check,42.38,1524.84,Yes
CUST-3880,Female,0,Yes,No,66,Yes,Yes,Fiber optic,No,No,No,No,No internet service,No,One year,Yes,Credit card (automatic),28.38,1904.0,No
CUST-3881,Male,0,Yes,No,37,Yes,No,Fiber optic,No,No internet service,No,No internet service,No,No,Two year,Yes,Mailed check,44.4,1594.67,No
CUST-3882,Female,0,No,No,66,Yes,No,No,Yes,Yes,No,No internet service,No,No,Month-to-month,Yes,Mailed check,36.04,2430.46,Yes
CUST-3883,Female,0,Yes,Yes,60,Yes,No,Fiber optic,No internet service,No,No,No internet service,No,Yes,Two year,Yes,Mailed check,21.12,1309.46,Yes
CUST-3884,Female,0,No,No,0,Yes,Yes,DSL,Yes,No,No internet service,No,No,Yes,One year,Yes,Electronic check,109.64, ,No
CUST-3885,Male,0,Yes,No,44,Yes,No,Fiber optic,Yes,No,Yes,No internet service,Yes,No,Month-to-month,Yes,Electronic check,19.08,868.42,Yes
CUST-3886,Male,0,Yes,No,27,Yes,No,Fiber optic,No internet service,No,No,No internet service,No,No,Two year,No,Electronic check,92.23,2537.58,No
CUST-3887,Male,0,No,No,20,Yes,No,DSL,No,No,Yes,No,No,No,One year,Yes,Credit card (automatic),33.54,624.63,No
CUST-3888,Female,1,Yes,Yes,12,Yes,Yes,Fiber optic,No,No,No internet service,Yes,No,No,Two year,Yes,Bank transfer (automatic),109.93,1267.46,No
CUST-3889,Male,1,Yes,No,26,Yes,No,No,Yes,No,Yes,No,No,No internet service,Month-to-month,Yes,Electronic check,107.98,2753.91,Yes
CUST-3890,Female,1,Yes,Yes,6,Yes,No,DSL,Yes,Yes,No internet service,No,No internet service,No,One year,Yes,Credit card (automatic),83.97,443.17,No
CUST-3891,Female,0,No,Yes,21,Yes,No phone service,DSL,No,No internet service,No internet service,No internet service,Yes,No,One year,No,Electronic check,85.81,1748.21,Yes
CUST-3892,Female,0,No,No,52,Yes,Yes,DSL,No internet service,No,Yes,No,No,No,Month-to-month,No,Electronic check,18.79,1023.32,Yes
CUST-3893,Male,1,Yes,No,3,Yes,Yes,Fiber optic,Yes,Yes,No internet service,No,Yes,No,One year,No,Electronic check,117.23,379.58,No
CUST-3894,Male,1,No,No,22,Yes,No,No,No internet service,No,Yes,Yes,No,No internet service,Month-to-month,Yes,Bank transfer (automatic),106.47,2257.54,Yes
CUST-3895,Male,0,Yes,No,69,Yes,Yes,Fiber optic,No internet service,No,No,No,No internet service,No,Month-to-month,No,Credit card (automatic),108.21,7440.98,Yes
CUST-3896,Male,0,No,Yes,32,Yes,No,DSL,Yes,No internet service,No,No,No internet service,No internet service,Month-to-month,Yes,Credit card (automatic),84.5,2646.11,No
CUST-3897,Male,0,No,Yes,27,Yes,No,Fiber optic,No,No,No internet service,No,Yes,No internet service,One year,No,Bank transfer (automatic),52.9,1471.38,No
CUST-3898,Male,0,No,No,7,Yes,Yes,Fiber optic,No,Yes,No,No,No,No,Two year,No,Mailed check,108.06,733.94,No
CUST-3899,Female,0,No,No,0,Yes,Yes,Fiber optic,No,Yes,Yes,No,No,Yes,Month-to-month,No,Credit card (automatic),47.55, ,No
CUST-3900,Female,0,No,No,36,Yes,No,DSL,No,No,Yes,No,No,No,One year,Yes,Electronic check,74.8,2701.31,No
CUST-3901,Male,1,Yes,No,62,Yes,No,Fiber optic,No internet service,No,No,No,No,Yes,Month-to-month,No,Electronic check,28.27,1783.06,Yes
CUST-3902,Female,0,No,No,21,Yes,Yes,Fiber optic,No,No,No,No,No,Yes,Two year,Yes,Credit card (automatic),110.91,2281.43,Yes
CUST-3903,Female,0,No,No,69,Yes,Yes,DSL,No,Yes,No internet service,No,Yes,No,One year,No,Credit card (automatic),32.4,2222.35,Yes
CUST-3904,Female,0,Yes,No,20,Yes,No,Fiber optic,No,Yes,No,No,No internet service,No internet service,Two year,Yes,Mailed check,40.85,771.88,No
CUST-3905,Male,0,Yes,No,34,Yes,Yes,No,No,No,No internet service,No,No,Yes,Two year,Yes,Bank transfer (automatic),74.34,2589.76,No
CUST-3906,Male,1,No,No,4,Yes,Yes,Fiber optic,No,No,No internet service,No,No,No internet service,Month-to-month,No,Bank transfer (automatic),95.04,358.59,Yes
CUST-3907,Male,0,Yes,No,59,Yes,No,No,No,No,Yes,No,Yes,Yes,Month-to-month,Yes,Electronic check,80.49,4712.82,Yes
CUST-3908,Female,0,Yes,No,45,Yes,Yes,DSL,No,No,No internet service,No,Yes,Yes,Two year,Yes,Mailed check,41.58,1868.53,Yes
CUST-3909,Male,0,Yes,No,49,Yes,No,Fiber optic,Yes,No,No,No,No,Yes,Month-to-month,Yes,Mailed check,18.34,888.28,No
CUST-3910,Female,0,No,No,47,Yes,No phone service,DSL,Yes,No,No internet service,No,No,No,One year,No,Credit card (automatic),94.34,4468.4,Yes
CUST-3911,Male,0,Yes,No,5,Yes,Yes,DSL,Yes,No,No internet service,No,No,No,Two year,Yes,Electronic check,117.26,647.1,No
CUST-3912,Female,0,Yes,Yes,55,Yes,Yes,Fiber optic,No,No internet service,Yes,No,No internet service,No internet service,Month-to-month,Yes,Electronic check,99.65,5541.93,Yes
CUST-3913,Male,1,No,Yes,58,Yes,Yes,Fiber optic,No internet service,No internet service,No,No,Yes,No,Two year,Yes,Mailed check,64.5,3721.9,Yes
CUST-3914,Female,0,No,No,28,Yes,No,Fiber optic,No internet service,No internet service,No,No internet service,Yes,No internet service,Two year,Yes,Bank transfer (automatic),109.08,3069.5,No
CUST-3915,Female,1,No,Yes,70,Yes,Yes,Fiber optic,No,No internet service,No,No internet service,No,No internet service,One year,No,Electronic check,59.44,4235.22,No
CUST-3916,Female,0,No,No,17,Yes,No,Fiber optic,No,No,No,Yes,No,No,Month-to-month,No,Mailed check,71.01,1283.52,Yes
CUST-3917,Male,0,No,Yes,1,No,No,No,No,No,No internet service,No,Yes,No,Month-to-month,No,Electronic check,66.2,22.4,No
CUST-3918,Male,0,No,No,7,Yes,No,Fiber optic,No,No,No,No internet service,No,No internet service,Month-to-month,Yes,Mailed check,63.24,472.29,Yes
CUST-3919,Female,1,No,No,53,Yes,No,DSL,Yes,No,No internet service,No internet service,No,No internet service,Two year,Yes,Bank transfer (automatic),96.16,5117.64,Yes
CUST-3920,Male,0,No,No,37,Yes,Yes,DSL,No,No,No internet service,No internet service,No,Yes,Two year,Yes,Credit card (automatic),71.19,2680.35,No
CUST-3921,Male,0,Yes,No,47,Yes,No phone service,Fiber optic,No,No,No internet service,No internet service,No,Yes,One year,No,Mailed check,50.08,2415.94,Yes
CUST-3922,Male,0,No,No,26,Yes,No,Fiber optic,Yes,Yes,No,No,No internet service,No internet service,Month-to-month,No,Electronic check,44.19,1096.89,No
CUST-3923,Male,0,Yes,No,19,Yes,No phone service,DSL,No,No,No,No internet service,Yes,No,Month-to-month,Yes,Bank transfer (automatic),22.04,384.23,No
CUST-3924,Female,0,Yes,No,11,Yes,No,DSL,No,No internet service,No,No,No,No,One year,No,Electronic check,76.86,890.84,No
CUST-3925,Female,0,Yes,No,42,Yes,No,DSL,No,No,No,No,Yes,No internet service,One year,Yes,Credit card (automatic),41.36,1744.52,No
CUST-3926,Female,0,Yes,Yes,60,Yes,No,Fiber optic,No,No internet service,No internet service,No internet service,No,No,Two year,No,Electronic check,33.14,1877.04,Yes
CUST-3927,Female,0,Yes,No,30,Yes,No,DSL,Yes,No,No internet service,No,No,No,One year,No,Mailed check,83.96,2435.49,Yes
CUST-3928,Female,0,Yes,Yes,60,Yes,No,DSL,Yes,No internet service,No,No internet service,No,No,Two year,Yes,Mailed check,86.71,5235.73,No
CUST-3929,Female,1,No,No,66,Yes,Yes,Fiber optic,No,Yes,Yes,No,Yes,No,One year,Yes,Electronic check,93.84,6235.4,Yes
CUST-3930,Female,1,No,Yes,34,Yes,Yes,Fiber optic,Yes,No,No internet service,No internet service,No,No,One year,No,Credit card (automatic),68.86,2273.77,Yes
CUST-3931,Male,0,No,No,14,Yes,No,DSL,Yes,No,No,No,No,No internet service,Month-to-month,Yes,Bank transfer (automatic),108.1,1568.36,No
CUST-3932,Female,0,Yes,No,15,Yes,No,Fiber optic,No,No,No,No internet service,Yes,No,Two year,Yes,Electronic check,112.35,1675.39,No
CUST-3933,Female,0,No,No,12,Yes,Yes,DSL,No,No internet service,No,No,No,Yes,One year,No,Bank transfer (automatic),99.39,1141.56,No
CUST-3934,Female,0,Yes,No,34,Yes,No,No,No,No,Yes,No,Yes,Yes,Month-to-month,No,Electronic check,82.13,2764.41,No
CUST-3935,Male,0,Yes,Yes,58,Yes,No,DSL,No,Yes,No,No,No internet service,No,Month-to-month,Yes,Electronic check,48.77,2767.52,No
CUST-3936,Male,0,No,Yes,20,Yes,No,No,Yes,No,No,Yes,No,No,Month-to-month,Yes,Electronic check,117.04,2310.0,No
CUST-3937,Female,0,No,No,53,Yes,Yes,No,Yes,No internet service,No internet service,No,No,No,Month-to-month,No,Mailed check,45.8,2333.96,Yes
CUST-3938,Female,0,Yes,No,29,No,No,Fiber optic,Yes,Yes,Yes,No,No,No internet service,Month-to-month,Yes,Mailed check,38.62,1116.29,No
CUST-3939,Male,0,Yes,Yes,47,Yes,No,DSL,No internet service,Yes,Yes,No,No,Yes,Month-to-month,No,Electronic check,62.69,2975.79,Yes
CUST-3940,Male,0,No,No,34,Yes,Yes,Fiber optic,Yes,No internet service,No,No,Yes,No,Month-to-month,Yes,Mailed check,23.96,747.27,Yes
CUST-3941,Female,0,Yes,Yes,37,Yes,No,DSL,No,No,Yes,Yes,No internet service,No,Month-to-month,Yes,Credit card (automatic),116.59,4314.68,Yes
CUST-3942,Female,1,Yes,Yes,30,Yes,Yes,No,No internet service,Yes,No,No,No internet service,No,Two year,No,Mailed check,77.39,2281.47,No
CUST-3943,Female,0,No,No,23,Yes,No,No,Yes,Yes,No,Yes,No internet service,No,Month-to-month,Yes,Credit card (automatic),74.22,1740.5,No
CUST-3944,Female,0,No,No,48,Yes,No,No,No,Yes,Yes,No internet service,No,No internet service,One year,Yes,Mailed check,84.16,3923.96,Yes
CUST-3945,Female,0,Yes,Yes,31,Yes,No,Fiber optic,No,Yes,No,No,No,No,Month-to-month,Yes,Electronic check,68.2,2149.79,Yes
CUST-3946,Female,0,No,No,54,Yes,Yes,Fiber optic,No internet service,No internet service,No,No internet service,Yes,No,Month-to-month,Yes,Electronic check,21.47,1068.49,Yes
CUST-3947,Female,0,No,Yes,57,Yes,Yes,Fiber optic,Yes,No,Yes,Yes,No,No internet service,Month-to-month,No,Mailed check,79.79,4537.53,Yes
CUST-3948,Male,0,Yes,Yes,2,Yes,No,Fiber optic,No,No,Yes,No,No,No internet service,Two year,No,Electronic check,90.23,145.01,No
CUST-3949,Female,0,Yes,Yes,68,Yes,Yes,Fiber optic,Yes,No,No,No,Yes,No,Two year,Yes,Mailed check,60.13,4070.8,Yes
CUST-3950,Male,1,No,Yes,9,Yes,Yes,Fiber optic,No internet service,No,No,No internet service,No,Yes,Month-to-month,No,Bank transfer (automatic),94.36,772.77,Yes
CUST-3951,Male,0,Yes,No,24,No,Yes,No,No,No,No internet service,Yes,Yes,No,One year,Yes,Credit card (automatic),41.06,1068.45,No
CUST-3952,Male,1,No,No,67,Yes,No,Fiber optic,No,Yes,Yes,No,No,No,Month-to-month,No,Electronic check,40.49,2648.5,Yes
CUST-3953,Female,0,No,No,60,No,No phone service,No,Yes,No,No internet service,No,No,No,Two year,Yes,Bank transfer (automatic),34.47,2007.82,Yes
CUST-3954,Male,0,Yes,No,28,Yes,Yes,No,Yes,No internet service,No internet service,No,Yes,No,Two year,Yes,Electronic check,55.64,1647.66,No
CUST-3955,Male,0,No,No,18,Yes,No,Fiber optic,No internet service,No,No,No internet service,Yes,Yes,One year,Yes,Electronic check,103.37,1876.8,Yes
CUST-3956,Female,0,Yes,No,42,Yes,No,Fiber optic,Yes,No internet service,Yes,No,No internet service,No internet service,One year,Yes,Electronic check,101.46,4198.61,Yes
CUST-3957,Female,0,No,No,65,Yes,Yes,Fiber optic,Yes,Yes,No,No,No,No,Two year,Yes,Bank transfer (automatic),56.72,3680.36,No
CUST-3958,Female,0,Yes,No,60,Yes,Yes,Fiber optic,Yes,No internet service,No,Yes,No,No,One year,Yes,Electronic check,77.46,4635.81,Yes
CUST-3959,Female,1,No,Yes,42,Yes,No phone service,DSL,No,Yes,Yes,No,No,No,One year,Yes,Bank transfer (automatic),90.69,3724.6,Yes
CUST-3960,Female,1,Yes,No,24,Yes,Yes,Fiber optic,No,No,No,No,No internet service,No,Two year,Yes,Credit card (automatic),42.49,981.85,No
CUST-3961,Female,0,Yes,No,19,Yes,Yes,No,Yes,No,No internet service,No,No internet service,No internet service,One year,Yes,Bank transfer (automatic),35.15,666.53,No
CUST-3962,Female,0,No,No,47,Yes,Yes,DSL,No internet service,No,Yes,Yes,No,No,One year,Yes,Mailed check,115.95,5512.97,No
CUST-3963,Female,0,Yes,No,23,Yes,Yes,Fiber optic,No internet service,No internet service,Yes,Yes,No internet service,Yes,Two year,Yes,Mailed check,80.31,1837.69,No
CUST-3964,Female,0,Yes,Yes,10,Yes,No phone service,No,No,Yes,No,No internet service,No,No,One year,Yes,Bank transfer (automatic),116.88,1163.12,Yes
CUST-3965,Female,0,No,No,54,Yes,No,Fiber optic,No,Yes,No,No,No internet service,No,One year,No,Mailed check,52.19,2777.5,Yes
CUST-3966,Male,0,Yes,No,27,Yes,No,Fiber optic,Yes,No,No internet service,No internet service,No,Yes,Month-to-month,Yes,Mailed check,88.9,2455.09,Yes
CUST-3967,Female,0,No,No,68,Yes,Yes,Fiber optic,No internet service,No,No,No,No,No,Month-to-month,Yes,Bank transfer (automatic),40.62,2807.28,Yes
CUST-3968,Male,0,No,Yes,62,Yes,Yes,Fiber optic,No,Yes,No internet service,No,Yes,No internet service,Month-to-month,Yes,Mailed check,44.5,2798.47,No
CUST-3969,Male,1,No,No,58,Yes,Yes,DSL,Yes,Yes,No,No internet service,No,No,Month-to-month,Yes,Mailed check,69.7,4048.19,Yes
CUST-3970,Female,0,Yes,Yes,4,Yes,Yes,No,No internet service,No internet service,Yes,No,No,Yes,Month-to-month,Yes,Bank transfer (automatic),50.37,121.55,Yes
CUST-3971,Female,1,Yes,No,50,Yes,No phone service,Fiber optic,No,No internet service,No,No internet service,Yes,Yes,Two year,Yes,Bank transfer (automatic),35.1,1809.33,Yes
CUST-3972,Female,0,No,No,20,Yes,Yes,Fiber optic,No,No,No,Yes,No,Yes,One year,Yes,Mailed check,44.67,896.27,No
CUST-3973,Female,0,Yes,No,11,Yes,No,Fiber optic,No internet service,No,No,No,No,No internet service,Two year,No,Electronic check,21.84,224.81,No
CUST-3974,Male,0,No,No,49,Yes,No,DSL,No,No,No,No,Yes,Yes,Month-to-month,Yes,Credit card (automatic),89.04,4385.38,Yes
CUST-3975,Female,0,Yes,No,3,No,No,No,Yes,No,No,Yes,No internet service,No,Two year,Yes,Bank transfer (automatic),67.71,214.34,No
CUST-3976,Male,0,Yes,Yes,41,Yes,No phone service,No,No,No,No internet service,Yes,No,No internet service,One year,Yes,Electronic check,27.72,1083.06,No
CUST-3977,Male,0,No,Yes,37,Yes,No,DSL,No internet service,No,No,Yes,No,Yes,One year,No,Electronic check,35.51,1297.83,Yes
CUST-3978,Female,0,Yes,No,24,Yes,Yes,No,No internet service,No,Yes,Yes,No,No,Month-to-month,Yes,Mailed check,28.55,590.0,No
CUST-3979,Female,0,Yes,No,13,Yes,No,Fiber optic,No,No internet service,No,No,No,No,Month-to-month,Yes,Mailed check,79.82,1041.96,No
CUST-3980,Male,1,Yes,No,31,Yes,No,Fiber optic,Yes,Yes,No,No internet service,Yes,No internet service,One year,Yes,Credit card (automatic),27.72,925.83,Yes
CUST-3981,Female,0,No,Yes,10,Yes,No,Fiber optic,Yes,Yes,Yes,No,No,Yes,One year,No,Credit card (automatic),94.06,850.82,No
CUST-3982,Female,1,Yes,No,60,Yes,Yes,DSL,No,Yes,No,No internet service,No,No,Two year,No,Mailed check,20.31,1225.03,No
CUST-3983,Female,1,No,Yes,17,Yes,Yes,Fiber optic,Yes,No,No internet service,Yes,No internet service,No internet service,Two year,No,Electronic check,43.31,769.69,No
CUST-3984,Female,0,Yes,No,26,Yes,No,DSL,No,No internet service,No internet service,No,No,No,Two year,No,Bank transfer (automatic),107.76,2842.58,Yes
CUST-3985,Female,0,Yes,Yes,54,Yes,No,Fiber optic,No,No,No internet service,Yes,No,No,One year,Yes,Mailed check,90.46,4847.53,Yes
CUST-3986,Female,0,Yes,Yes,53,No,No,Fiber optic,No,Yes,No internet service,No,No,No,Two year,No,Electronic check,25.58,1300.63,No
CUST-3987,Female,0,Yes,No,20,Yes,Yes,No,No internet service,No,No,No internet service,No,No,Two year,Yes,Electronic check,100.77,1986.05,No
CUST-3988,Male,0,Yes,No,43,Yes,Yes,Fiber optic,No internet service,No,No,No,No internet service,No,Month-to-month,No,Mailed check,67.8,2974.94,No
CUST-3989,Female,0,Yes,Yes,4,Yes,No,DSL,Yes,No,No internet service,No,No,No internet service,Month-to-month,Yes,Bank transfer (automatic),103.35,327.92,Yes
CUST-3990,Male,0,No,No,40,Yes,Yes,No,No,Yes,No internet service,No,Yes,No internet service,Month-to-month,Yes,Electronic check,78.62,3084.0,Yes
CUST-3991,Male,0,No,No,58,Yes,No,Fiber optic,No internet service,No internet service,Yes,Yes,No,No,Month-to-month,Yes,Credit card (automatic),86.77,5009.72,Yes
CUST-3992,Female,0,No,Yes,53,Yes,Yes,Fiber optic,No internet service,No,No,No,Yes,No,Month-to-month,Yes,Bank transfer (automatic),118.1,6210.52,Yes
CUST-3993,Female,0,No,No,21,Yes,Yes,DSL,No,No,No,No internet service,No,No,Month-to-month,Yes,Electronic check,41.6,871.52,No
CUST-3994,Female,0,Yes,No,64,Yes,Yes,No,No internet service,No internet service,No,Yes,No,No,One year,Yes,Bank transfer (automatic),80.96,5252.17,No
CUST-3995,Male,0,Yes,No,63,Yes,Yes,No,No internet service,Yes,No,No,No,No,Month-to-month,Yes,Bank transfer (automatic),64.51,4003.94,Yes
CUST-3996,Male,0,No,No,70,No,No,Fiber optic,No,Yes,No internet service,No internet service,No,Yes,Month-to-month,Yes,Mailed check,22.21,1547.38,Yes
CUST-3997,Female,0,No,No,3,Yes,No,No,No,No,No,Yes,Yes,No,Two year,Yes,Electronic check,19.7,58.69,No
CUST-3998,Female,0,Yes,No,64,Yes,Yes,DSL,No,No,Yes,No,Yes,Yes,Two year,Yes,Credit card (automatic),30.23,1917.99,No
CUST-3999,Female,0,No,No,14,No,No,No,Yes,No,No internet service,Yes,No,No,Two year,No,Mailed check,83.48,1089.8,No
CUST-4000,Female,0,Yes,No,21,Yes,Yes,Fiber optic,No,Yes,No,No,No,No,One year,Yes,Mailed check,75.25,1548.36,No
CUST-4001,Male,1,No,No,46,Yes,Yes,DSL,No internet service,Yes,No internet service,No,No,No,Month-to-month,Yes,Credit card (automatic),73.87,3366.28,No
CUST-4002,Male,0,Yes,No,45,Yes,No,Fiber optic,No,No,No,No internet service,Yes,No,Month-to-month,No,Mailed check,21.45,996.93,Yes
CUST-4003,Male,0,Yes,No,13,No,No,Fiber optic,No,No,Yes,No,No,No,Month-to-month,Yes,Electronic check,65.41,871.31,Yes
CUST-4004,Male,0,Yes,No,49,Yes,No,DSL,No,No,No,No,No,Yes,Month-to-month,No,Bank transfer (automatic),111.17,5369.74,Yes
CUST-4005,Male,0,Yes,Yes,19,Yes,Yes,DSL,No,No,No internet service,No,No,No,Month-to-month,No,Electronic check,58.21,1086.63,No
CUST-4006,Female,1,No,No,49,No,No,DSL,No,Yes,No,No,Yes,No,Two year,Yes,Electronic check,81.05,3946.44,No
CUST-4007,Male,0,No,No,32,Yes,Yes,Fiber optic,Yes,No,No,No internet service,No,No,Month-to-month,Yes,Electronic check,96.62,3189.57,No
CUST-4008,Female,1,Yes,Yes,58,Yes,No,DSL,No,No internet service,No,Yes,No,No,Month-to-month,Yes,Credit card (automatic),97.03,5642.36,Yes
CUST-4009,Male,0,No,Yes,42,Yes,Yes,DSL,No,Yes,No,No,No,No,Month-to-month,No,Electronic check,70.44,2904.61,Yes
CUST-4010,Male,0,Yes,No,11,Yes,No,Fiber optic,Yes,No,No,No,Yes,No,One year,No,Bank transfer (automatic),104.47,1110.33,Yes
CUST-4011,Female,0,No,No,39,Yes,No,No,No,No,Yes,No internet service,No,No,Month-to-month,No,Credit card (automatic),57.58,2226.69,Yes
CUST-4012,Male,1,Yes,Yes,19,Yes,Yes,Fiber optic,Yes,Yes,No,No internet service,No,No,Month-to-month,Yes,Electronic check,107.56,2061.76,Yes
CUST-4013,Female,0,Yes,No,37,Yes,No,DSL,No internet service,No,No,No internet service,No,No,Month-to-month,Yes,Bank transfer (automatic),42.39,1592.68,No
CUST-4014,Female,0,Yes,No,2,Yes,Yes,No,Yes,Yes,Yes,Yes,No,No,Month-to-month,Yes,Mailed check,46.41,102.84,No
CUST-4015,Female,0,Yes,No,27,Yes,No,Fiber optic,No internet service,No,No,No internet service,No,No internet service,Month-to-month,Yes,Electronic check,23.59,626.44,No
CUST-4016,Female,0,Yes,No,55,Yes,No phone service,Fiber optic,No internet service,No,Yes,No,No,No,Month-to-month,Yes,Bank transfer (automatic),98.21,5394.75,Yes
CUST-4017,Male,0,Yes,No,12,Yes,No,Fiber optic,No internet service,Yes,No internet service,No,No internet service,Yes,Month-to-month,Yes,Electronic check,60.16,715.47,Yes
CUST-4018,Male,0,Yes,Yes,65,Yes,No phone service,Fiber optic,No,No,No,No,Yes,No,Two year,No,Electronic check,41.28,2594.05,No
CUST-4019,Female,1,No,No,36,Yes,No,DSL,No,Yes,No,No,No,Yes,One year,No,Electronic check,41.54,1492.38,No
CUST-4020,Female,1,Yes,No,48,Yes,No,Fiber optic,No,No,No,No,No,No internet service,One year,No,Credit card (automatic),108.84,5195.46,No
CUST-4021,Male,1,Yes,No,65,Yes,Yes,Fiber optic,No internet service,No internet service,No,Yes,No,No internet service,Month-to-month,Yes,Mailed check,102.06,6551.26,Yes
CUST-4022,Male,0,No,Yes,35,No,Yes,Fiber optic,No,Yes,Yes,No,No,No internet service,Month-to-month,Yes,Electronic check,73.88,2706.69,Yes
CUST-4023,Female,1,Yes,No,53,Yes,Yes,Fiber optic,No,No,No,No,No,No internet service,Month-to-month,No,Credit card (automatic),80.17,4264.58,Yes
CUST-4024,Female,0,Yes,Yes,25,Yes,No,Fiber optic,No internet service,No internet service,No internet service,No,Yes,No internet service,Month-to-month,Yes,Mailed check,65.92,1648.66,No
CUST-4025,Female,0,No,No,71,Yes,Yes,Fiber optic,No,Yes,No internet service,No internet service,No,No,Month-to-month,Yes,Electronic check,57.61,4071.75,Yes
CUST-4026,Female,0,No,No,39,Yes,No,Fiber optic,No internet service,Yes,No internet service,No,Yes,Yes,Month-to-month,No,Mailed check,110.26,4336.65,Yes
CUST-4027,Male,0,Yes,No,42,No,Yes,No,No,Yes,No,No,No,No internet service,One year,Yes,Mailed check,30.87,1238.42,No
CUST-4028,Female,0,No,Yes,21,Yes,Yes,Fiber optic,No,No,No,No internet service,No internet service,Yes,Two year,Yes,Electronic check,60.3,1250.66,Yes
CUST-4029,Male,0,No,No,19,Yes,No phone service,No,No internet service,No,Yes,Yes,No,No,One year,Yes,Bank transfer (automatic),52.88,957.11,Yes
CUST-4030,Female,0,No,Yes,7,Yes,No,No,No,No,No,No internet service,No,No internet service,Month-to-month,No,Credit card (automatic),68.31,514.25,No
CUST-4031,Female,0,No,No,28,No,No,Fiber optic,No internet service,No,No,Yes,No,No,One year,No,Credit card (automatic),64.24,1757.38,Yes
CUST-4032,Male,0,No,No,39,Yes,Yes,Fiber optic,Yes,Yes,No internet service,No,No internet service,No,Month-to-month,No,Electronic check,70.4,2800.67,Yes
CUST-4033,Male,0,No,No,29,Yes,Yes,DSL,No internet service,No internet service,Yes,No,No,No internet service,One year,No,Electronic check,32.31,932.03,No
CUST-4034,Male,0,Yes,No,54,Yes,No,No,Yes,No,Yes,No,No,No,Month-to-month,Yes,Credit card (automatic),69.82,3809.0,Yes
CUST-4035,Male,0,No,No,15,Yes,No,DSL,No,No internet service,Yes,No,No,No,Month-to-month,Yes,Mailed check,42.61,659.14,Yes
CUST-4036,Female,0,No,No,45,Yes,No,Fiber optic,No internet service,Yes,Yes,No internet service,No,Yes,Two year,No,Bank transfer (automatic),36.78,1708.06,No
CUST-4037,Female,0,Yes,No,61,Yes,Yes,DSL,No,No,No internet service,No,No,No,One year,Yes,Electronic check,24.77,1464.21,Yes
CUST-4038,Female,1,Yes,Yes,6,Yes,Yes,Fiber optic,Yes,No,No,No,No,Yes,Month-to-month,Yes,Mailed check,94.9,614.68,Yes
CUST-4039,Female,1,No,No,44,Yes,Yes,Fiber optic,No,No,No internet service,No internet service,No,Yes,Month-to-month,Yes,Electronic check,61.21,2600.11,Yes
CUST-4040,Male,0,No,No,58,Yes,No,No,No,No,No,Yes,No internet service,Yes,Month-to-month,No,Mailed check,81.23,4713.5,Yes
CUST-4041,Female,0,No,No,55,Yes,Yes,Fiber optic,No internet service,No,No,No,No internet service,No,Two year,Yes,Electronic check,91.37,4998.05,Yes
CUST-4042,Male,0,Yes,No,47,Yes,Yes,No,No,No,No,No,Yes,No,One year,No,Electronic check,86.52,3996.21,Yes
CUST-4043,Female,0,No,No,26,Yes,Yes,Fiber optic,No,No,Yes,No internet service,No,No,Two year,Yes,Electronic check,65.54,1659.36,No
CUST-4044,Female,0,Yes,Yes,52,Yes,No,DSL,No internet service,Yes,No internet service,No internet service,No,No,Month-to-month,Yes,Bank transfer (automatic),57.23,2943.93,No
CUST-4045,Male,0,Yes,Yes,72,Yes,No,DSL,No,No,No,No,No internet service,No,One year,No,Electronic check,56.03,4024.33,Yes
CUST-4046,Female,1,Yes,No,34,Yes,No,Fiber optic,No,No,No,No internet service,No,No internet service,Two year,No,Mailed check,82.57,2781.14,No
CUST-4047,Female,0,No,No,50,Yes,No,DSL,No,No internet service,Yes,No,No,No internet service,Month-to-month,No,Bank transfer (automatic),67.98,3403.0,Yes
CUST-4048,Male,0,Yes,No,36,Yes,No,Fiber optic,No internet service,No internet service,No,No,No,Yes,Month-to-month,No,Electronic check,103.59,3687.73,Yes
CUST-4049,Male,1,Yes,No,56,Yes,No phone service,DSL,Yes,No,No,No,Yes,No,One year,No,Electronic check,106.16,5921.12,Yes
CUST-4050,Male,0,No,No,7,Yes,No,Fiber optic,No,No,No,No,No internet service,No,One year,Yes,Bank transfer (automatic),35.39,233.28,Yes
CUST-4051,Female,0,Yes,No,19,No,No,Fiber optic,No,No internet service,No,No,No internet service,Yes,One year,Yes,Electronic check,31.94,615.96,No
CUST-4052,Male,0,Yes,No,52,No,No,Fiber optic,No internet service,No internet service,Yes,Yes,No,No internet service,Two year,No,Electronic check,81.61,4286.16,No
CUST-4053,Male,0,Yes,No,11,Yes,Yes,DSL,No,No internet service,No internet service,Yes,Yes,No,Two year,Yes,Credit card (automatic),48.52,576.4,No
CUST-4054,Female,0,No,Yes,48,Yes,Yes,DSL,No,No internet service,Yes,No,No internet service,No,One year,Yes,Bank transfer (automatic),20.12,977.63,No
CUST-4055,Male,0,No,Yes,16,No,Yes,Fiber optic,No,No,No,No,No,Yes,Month-to-month,No,Electronic check,107.56,1742.47,Yes
CUST-4056,Female,0,Yes,No,63,Yes,Yes,DSL,Yes,No,No,No internet service,No,No,Month-to-month,Yes,Bank transfer (automatic),41.05,2601.74,Yes
CUST-4057,Male,0,Yes,No,41,Yes,Yes,Fiber optic,No,No internet service,No internet service,No,No internet service,No,Two year,No,Electronic check,111.64,4561.51,Yes
CUST-4058,Female,1,No,No,28,Yes,No,Fiber optic,Yes,No internet service,No,No,No,Yes,Two year,No,Mailed check,90.35,2574.83,Yes
CUST-4059,Male,0,Yes,No,18,Yes,Yes,DSL,No internet service,No,No internet service,No,No,Yes,Month-to-month,No,Electronic check,94.9,1662.48,No
CUST-4060,Male,0,Yes,No,10,Yes,No phone service,Fiber optic,No,No,No,Yes,No,Yes,Month-to-month,Yes,Mailed check,38.5,282.59,No
CUST-4061,Male,0,Yes,No,49,Yes,Yes,Fiber optic,No,Yes,No,Yes,No,No,Month-to-month,Yes,Electronic check,41.79,1995.64,No
CUST-4062,Male,0,No,Yes,70,Yes,Yes,DSL,No,No,Yes,No,Yes,Yes,Month-to-month,No,Credit card (automatic),70.64,5014.96,Yes
CUST-4063,Female,0,No,No,57,Yes,No,Fiber optic,Yes,No,No,No,No,No,Month-to-month,No,Bank transfer (automatic),35.55,2011.58,Yes
CUST-4064,Male,0,Yes,No,33,Yes,Yes,Fiber optic,No internet service,No,Yes,No,Yes,No,One year,Yes,Mailed check,48.95,1629.06,Yes
CUST-4065,Female,0,No,No,19,Yes,No,Fiber optic,No internet service,No,Yes,No,No internet service,No,Month-to-month,Yes,Mailed check,50.56,946.94,Yes
CUST-4066,Female,0,No,No,49,Yes,No,No,No,No internet service,No,No,No internet service,No,Two year,Yes,Credit card (automatic),34.29,1708.29,No
CUST-4067,Female,0,No,Yes,9,No,No,DSL,No internet service,No,No,No,No,Yes,Two year,Yes,Credit card (automatic),38.87,353.37,No
CUST-4068,Male,0,No,Yes,31,Yes,Yes,Fiber optic,No,No,Yes,No internet service,No,No,Two year,Yes,Bank transfer (automatic),97.5,3019.07,Yes
CUST-4069,Male,0,No,Yes,51,Yes,No,Fiber optic,No,No,Yes,No,No,No,Month-to-month,No,Mailed check,35.05,1818.24,Yes
CUST-4070,Male,0,Yes,Yes,14,Yes,No,DSL,Yes,Yes,Yes,Yes,No,No,One year,No,Bank transfer (automatic),21.11,272.26,No
CUST-4071,Male,0,No,No,2,No,Yes,Fiber optic,No internet service,No,Yes,No,No internet service,No,Month-to-month,Yes,Mailed check,81.5,181.6,No
CUST-4072,Female,0,Yes,No,36,Yes,No,Fiber optic,Yes,No,No,No,No,No,Month-to-month,Yes,Electronic check,116.34,4179.5,Yes
CUST-4073,Female,1,No,No,39,Yes,No,Fiber optic,No,No,No internet service,Yes,No,Yes,One year,Yes,Mailed check,51.54,2004.69,No
CUST-4074,Female,0,Yes,No,71,Yes,No,Fiber optic,No internet service,No,No,No,Yes,Yes,Two year,Yes,Credit card (automatic),30.17,2101.14,Yes
CUST-4075,Male,0,No,Yes,39,Yes,No,No,No,No,No internet service,Yes,No internet service,No,Month-to-month,Yes,Electronic check,75.57,2936.43,Yes
CUST-4076,Female,0,Yes,Yes,55,Yes,Yes,No,No,Yes,No,Yes,Yes,Yes,Two year,No,Mailed check,109.34,5986.64,Yes
CUST-4077,Female,0,Yes,Yes,22,Yes,Yes,Fiber optic,Yes,Yes,No internet service,Yes,No,No,Two year,Yes,Electronic check,97.05,2191.6,No
CUST-4078,Female,0,No,No,10,Yes,No,No,No,No,No internet service,Yes,No,Yes,One year,No,Mailed check,80.81,723.9,No
CUST-4079,Female,0,Yes,No,63,Yes,No,DSL,No,No,No internet service,Yes,No,No,Two year,No,Electronic check,49.91,3188.79,Yes
CUST-4080,Female,0,No,No,7,Yes,No,Fiber optic,No,No,No,Yes,No internet service,Yes,Month-to-month,No,Credit card (automatic),72.71,421.76,No
CUST-4081,Male,0,Yes,No,55,Yes,Yes,DSL,No,No,Yes,No,No,No internet service,One year,Yes,Credit card (automatic),27.42,1534.96,No
CUST-4082,Female,1,No,Yes,59,Yes,Yes,DSL,Yes,No,No internet service,No,No internet service,No,Month-to-month,No,Bank transfer (automatic),86.48,5060.43,Yes
CUST-4083,Female,0,No,No,9,Yes,No phone service,Fiber optic,No,Yes,No internet service,No,No,No,Two year,No,Mailed check,91.12,848.4,No
CUST-4084,Female,1,Yes,No,38,Yes,No,Fiber optic,No internet service,No,No internet service,Yes,No internet service,Yes,Month-to-month,No,Credit card (automatic),115.24,4373.05,Yes
CUST-4085,Female,0,Yes,Yes,27,Yes,Yes,Fiber optic,Yes,No internet service,No internet service,No,No,No,Month-to-month,No,Credit card (automatic),44.42,1127.72,Yes
CUST-4086,Female,0,Yes,No,48,Yes,No,Fiber optic,No,No internet service,No,Yes,No,No,One year,No,Electronic check,20.1,1032.73,Yes
CUST-4087,Male,0,No,Yes,35,Yes,Yes,Fiber optic,No,No,No internet service,No,No,Yes,Month-to-month,Yes,Credit card (automatic),73.08,2596.63,Yes
CUST-4088,Female,0,Yes,No,12,No,Yes,Fiber optic,No,Yes,No,No,Yes,No internet service,Month-to-month,Yes,Bank transfer (automatic),89.28,1096.52,Yes
CUST-4089,Male,0,Yes,No,35,Yes,No,DSL,Yes,No internet service,No,No,No,No,Month-to-month,Yes,Electronic check,97.69,3387.13,Yes
CUST-4090,Male,1,No,No,25,Yes,Yes,Fiber optic,No internet service,No,No internet service,No,No,No internet service,Two year,Yes,Credit card (automatic),37.72,983.55,Yes
CUST-4091,Male,1,No,Yes,3,Yes,No phone service,Fiber optic,No internet service,No,No internet service,No,No internet service,No,Month-to-month,Yes,Electronic check,44.56,69.52,Yes
CUST-4092,Male,0,No,Yes,63,Yes,Yes,Fiber optic,No,No,No,No,No internet service,No,Month-to-month,No,Mailed check,69.77,4284.13,No
CUST-4093,Male,0,No,No,37,Yes,No phone service,DSL,No internet service,No,No,No,No,Yes,Month-to-month,Yes,Credit card (automatic),51.48,1826.64,No
CUST-4094,Female,0,No,No,21,Yes,No,DSL,No,No,No internet service,No,No,No,Month-to-month,No,Credit card (automatic),104.73,2153.23,Yes
CUST-4095,Female,0,No,Yes,1,Yes,No phone service,Fiber optic,Yes,No,No,No,No,No,Month-to-month,Yes,Electronic check,65.86,28.12,Yes
CUST-4096,Male,0,No,Yes,30,Yes,Yes,Fiber optic,Yes,No,Yes,Yes,No,No internet service,One year,Yes,Bank transfer (automatic),98.61,2936.56,No
CUST-4097,Male,0,No,No,10,Yes,No phone service,Fiber optic,Yes,No internet service,No,No,No,Yes,Month-to-month,Yes,Mailed check,76.6,746.48,No
CUST-4098,Male,0,No,Yes,45,Yes,Yes,DSL,Yes,Yes,No,Yes,No internet service,No internet service,Month-to-month,No,Mailed check,95.95,4285.26,No
CUST-4099,Male,1,No,Yes,61,No,Yes,Fiber optic,No,No,No,Yes,No internet service,No,Month-to-month,No,Bank transfer (automatic),51.68,3046.66,Yes
CUST-4100,Female,0,No,No,68,Yes,No,No,No,No,No,No,Yes,No,Month-to-month,Yes,Credit card (automatic),101.81,6932.69,Yes
CUST-4101,Female,0,Yes,Yes,63,Yes,No,No,Yes,No,No internet service,No,No internet service,No,Month-to-month,Yes,Mailed check,45.84,2874.69,Yes
CUST-4102,Male,1,No,No,9,Yes,No,Fiber optic,Yes,No internet service,No,No internet service,No,No,Two year,Yes,Bank transfer (automatic),73.13,623.35,No
CUST-4103,Female,0,No,No,39,Yes,No,DSL,Yes,No,No,No,No,No internet service,Month-to-month,Yes,Electronic check,39.76,1620.54,No
CUST-4104,Male,0,No,No,23,Yes,No,Fiber optic,No,Yes,Yes,No,No,No internet service,Month-to-month,Yes,Mailed check,66.04,1506.81,Yes
CUST-4105,Female,0,Yes,Yes,43,Yes,No,DSL,No internet service,No,No,No internet service,No,Yes,One year,Yes,Credit card (automatic),50.23,2162.82,Yes
CUST-4106,Male,0,No,No,59,Yes,No,DSL,No,Yes,Yes,No,No,No,Month-to-month,Yes,Credit card (automatic),45.05,2697.74,Yes
CUST-4107,Female,0,Yes,Yes,61,Yes,Yes,DSL,No,No,No,No,Yes,No,One year,Yes,Bank transfer (automatic),115.43,6966.74,Yes
CUST-4108,Female,0,Yes,No,16,No,No,Fiber optic,No,No,No,No internet service,No,No internet service,Month-to-month,No,Electronic check,34.34,548.31,No
CUST-4109,Male,0,Yes,No,64,Yes,No,Fiber optic,No,No internet service,No internet service,No,No,No internet service,Month-to-month,Yes,Mailed check,97.38,6271.95,Yes
CUST-4110,Male,0,No,No,56,Yes,No,Fiber optic,No,No,Yes,No,No,No,Two year,Yes,Electronic check,117.16,6556.39,Yes
CUST-4111,Female,0,No,No,54,No,No,Fiber optic,No,No,No,No,No,No,Month-to-month,No,Credit card (automatic),20.25,1028.33,Yes
CUST-4112,Male,0,Yes,Yes,52,Yes,No,DSL,No internet service,Yes,No,No,Yes,Yes,Two year,Yes,Electronic check,88.5,4577.88,No
CUST-4113,Male,0,Yes,No,55,Yes,No,Fiber optic,No,Yes,No,Yes,No internet service,No internet service,One year,Yes,Electronic check,43.67,2411.3,No
CUST-4114,Female,0,Yes,No,8,Yes,No,Fiber optic,Yes,Yes,No,Yes,No,Yes,One year,Yes,Bank transfer (automatic),22.32,73.22,Yes
CUST-4115,Male,1,Yes,Yes,21,Yes,No,Fiber optic,No internet service,No,No,No internet service,No,No,Two year,No,Bank transfer (automatic),58.74,1165.91,No
CUST-4116,Male,0,Yes,Yes,12,Yes,No,No,No,No,No internet service,Yes,Yes,No,Two year,No,Mailed check,112.24,1445.56,No
CUST-4117,Female,0,Yes,No,47,Yes,No,DSL,Yes,No,Yes,No internet service,Yes,No,One year,Yes,Mailed check,19.43,937.44,Yes
CUST-4118,Male,1,Yes,No,17,Yes,No,Fiber optic,No,No,Yes,No,No,Yes,One year,No,Mailed check,77.33,1388.78,No
CUST-4119,Female,0,No,No,39,Yes,No,Fiber optic,No,No internet service,No internet service,No,No,Yes,Month-to-month,No,Mailed check,68.64,2720.28,Yes
CUST-4120,Female,1,No,No,16,Yes,No,Fiber optic,No,Yes,Yes,No internet service,No,No internet service,Month-to-month,Yes,Credit card (automatic),106.03,1716.18,No
CUST-4121,Male,0,No,Yes,14,Yes,Yes,Fiber optic,No,Yes,Yes,No,Yes,Yes,Month-to-month,Yes,Bank transfer (automatic),26.69,358.21,No
CUST-4122,Male,0,Yes,No,14,Yes,Yes,No,No,No,No internet service,No,No,Yes,Month-to-month,No,Electronic check,86.74,1233.42,Yes
CUST-4123,Male,0,No,No,62,Yes,Yes,DSL,No,Yes,Yes,Yes,No,Yes,Two year,No,Electronic check,86.6,5441.7,Yes
CUST-4124,Female,0,No,No,38,Yes,Yes,Fiber optic,No,Yes,No internet service,No internet service,No internet service,No,Month-to-month,Yes,Credit card (automatic),85.49,3289.9,Yes
CUST-4125,Male,0,Yes,No,12,Yes,No,Fiber optic,No,No internet service,No,No,No,No,Month-to-month,Yes,Mailed check,112.95,1363.74,No
CUST-4126,Female,0,No,No,31,Yes,No,DSL,No internet service,No,No,No internet service,Yes,No,Two year,Yes,Bank transfer (automatic),100.97,3121.45,No
CUST-4127,Male,0,Yes,No,8,Yes,Yes,DSL,No,Yes,Yes,No,No,No,Month-to-month,No,Electronic check,22.47,204.68,No
CUST-4128,Female,0,Yes,No,39,No,No,No,Yes,Yes,No,No internet service,No,No internet service,Month-to-month,No,Bank transfer (automatic),65.59,2531.41,Yes
CUST-4129,Male,0,No,No,19,Yes,No,DSL,No,No,No,Yes,No,No,One year,Yes,Electronic check,58.24,1131.48,Yes
CUST-4130,Female,0,No,No,72,Yes,No,DSL,No,No,No,No,No,No,One year,Yes,Bank transfer (automatic),49.42,3523.34,Yes
CUST-4131,Male,0,No,No,62,Yes,No,No,No,No,No,No,No,No,Two year,No,Mailed check,63.61,3926.12,Yes
CUST-4132,Male,1,Yes,Yes,43,Yes,No,Fiber optic,Yes,No,No internet service,No internet service,No internet service,No internet service,Month-to-month,Yes,Bank transfer (automatic),56.86,2393.59,Yes
CUST-4133,Female,0,Yes,Yes,37,Yes,No,DSL,No internet service,No,No,No,No internet service,No,Month-to-month,Yes,Mailed check,61.7,2260.91,No
CUST-4134,Female,0,No,No,59,Yes,Yes,Fiber optic,No,No,No,Yes,No internet service,No,One year,No,Electronic check,116.67,6849.34,Yes
CUST-4135,Female,0,Yes,No,70,Yes,Yes,Fiber optic,No,No internet service,No internet service,No internet service,No internet service,No,Month-to-month,No,Electronic check,27.16,1985.8,Yes
CUST-4136,Female,0,No,Yes,47,Yes,Yes,No,No,No,No internet service,No internet service,No internet service,No,One year,Yes,Mailed check,110.93,5168.99,Yes
CUST-4137,Female,0,No,Yes,17,Yes,Yes,Fiber optic,No internet service,No,No,No,No,No,Two year,Yes,Electronic check,66.51,1149.91,No
CUST-4138,Female,0,Yes,No,15,Yes,Yes,No,No,No,No internet service,No internet service,No,No,Month-to-month,No,Bank transfer (automatic),80.94,1166.76,Yes
CUST-4139,Male,0,Yes,No,54,Yes,No,DSL,Yes,No internet service,No,Yes,Yes,No,Month-to-month,Yes,Credit card (automatic),101.68,5493.06,Yes
CUST-4140,Female,0,Yes,Yes,38,Yes,Yes,Fiber optic,No,No,No,No,No,No,Month-to-month,Yes,Credit card (automatic),54.48,2084.74,Yes
CUST-4141,Male,0,Yes,No,67,Yes,No,DSL,No,No,No,No,No internet service,No,One year,No,Bank transfer (automatic),61.51,4028.61,Yes
CUST-4142,Female,0,Yes,No,58,Yes,No,DSL,Yes,No,No internet service,No internet service,No,No internet service,Month-to-month,No,Bank transfer (automatic),59.41,3375.89,Yes
CUST-4143,Female,0,Yes,No,61,Yes,No,Fiber optic,Yes,Yes,No internet service,Yes,Yes,No,Month-to-month,No,Mailed check,55.91,3362.78,Yes
CUST-4144,Female,1,No,No,12,No,Yes,DSL,No,Yes,No,No,Yes,Yes,Two year,No,Credit card (automatic),111.27,1270.08,No
CUST-4145,Female,0,No,No,5,Yes,No,Fiber optic,No internet service,Yes,No,No,No,Yes,Month-to-month,Yes,Electronic check,101.56,512.0,No
CUST-4146,Female,0,Yes,No,59,Yes,No,No,No internet service,No internet service,No internet service,No,No,No,Month-to-month,Yes,Bank transfer (automatic),29.2,1734.93,Yes
CUST-4147,Male,0,Yes,No,13,Yes,No,Fiber optic,No internet service,No internet service,No,Yes,No,No,Two year,Yes,Mailed check,29.12,325.41,No
CUST-4148,Male,0,No,Yes,53,Yes,Yes,DSL,Yes,No internet service,No,No,No,No,Month-to-month,No,Credit card (automatic),61.25,3252.46,No
CUST-4149,Female,1,Yes,No,3,Yes,Yes,Fiber optic,Yes,No,No internet service,Yes,No,No,One year,Yes,Electronic check,28.17,63.31,No
CUST-4150,Male,0,Yes,No,38,Yes,No,No,No,No internet service,No,Yes,No,No,One year,Yes,Electronic check,80.47,3052.89,Yes
CUST-4151,Male,0,Yes,No,71,No,No,Fiber optic,No,Yes,No internet service,No,No,Yes,Month-to-month,No,Bank transfer (automatic),32.69,2289.57,Yes
CUST-4152,Female,1,Yes,No,24,Yes,No,Fiber optic,No,No,No internet service,No,No internet service,No,Two year,Yes,Mailed check,70.75,1722.38,No
CUST-4153,Female,0,No,No,31,Yes,No,DSL,Yes,Yes,No,No,No,No,Month-to-month,Yes,Mailed check,18.98,670.13,Yes
CUST-4154,Female,0,Yes,No,58,Yes,No,DSL,No,Yes,No,No internet service,No internet service,No,Two year,Yes,Electronic check,50.07,2942.78,Yes
CUST-4155,Male,0,Yes,Yes,62,Yes,Yes,Fiber optic,No internet service,Yes,No,No,No internet service,No internet service,Month-to-month,No,Electronic check,86.31,5420.89,Yes
CUST-4156,Female,0,No,No,37,Yes,No,DSL,No,No internet service,No,No,No,No,Month-to-month,Yes,Electronic check,66.9,2405.16,No
CUST-4157,Male,0,No,No,52,Yes,Yes,No,No,No,No internet service,No,Yes,No,Month-to-month,Yes,Electronic check,116.57,6027.85,Yes
CUST-4158,Male,0,No,Yes,66,Yes,No,Fiber optic,No,No,No,No,No internet service,Yes,Month-to-month,Yes,Bank transfer (automatic),106.1,7030.86,Yes
CUST-4159,Female,0,Yes,Yes,27,Yes,Yes,Fiber optic,No internet service,No internet service,No internet service,No,Yes,Yes,One year,Yes,Bank transfer (automatic),54.34,1542.59,Yes
CUST-4160,Male,0,Yes,No,2,Yes,No,Fiber optic,No internet service,No,No internet service,No internet service,No internet service,No,One year,No,Credit card (automatic),22.82,78.16,No
CUST-4161,Male,0,No,Yes,21,Yes,Yes,Fiber optic,No,Yes,Yes,No,No,Yes,Two year,No,Mailed check,103.24,2116.73,No
CUST-4162,Female,1,Yes,No,37,Yes,No,Fiber optic,No internet service,No,Yes,No,No,Yes,Month-to-month,No,Bank transfer (automatic),109.83,4041.98,Yes
CUST-4163,Female,0,Yes,Yes,71,No,Yes,No,Yes,No internet service,Yes,No,No,No internet service,Month-to-month,No,Electronic check,100.72,7167.79,Yes
CUST-4164,Female,0,No,No,71,Yes,No phone service,No,No,No,No,No,No,No internet service,One year,No,Credit card (automatic),31.11,2200.58,No
CUST-4165,Male,0,No,No,61,No,Yes,No,Yes,No,No,No internet service,No,No internet service,Month-to-month,Yes,Credit card (automatic),118.54,7191.0,Yes
CUST-4166,Female,1,Yes,Yes,56,Yes,No,No,Yes,No,No,No,Yes,Yes,One year,Yes,Electronic check,44.24,2462.93,No
CUST-4167,Female,0,No,Yes,5,Yes,Yes,Fiber optic,No,No internet service,Yes,No internet service,No,Yes,One year,Yes,Electronic check,91.03,454.43,No
CUST-4168,Male,0,Yes,No,31,Yes,No,Fiber optic,No,No,No,Yes,No internet service,No,Month-to-month,No,Credit card (automatic),109.51,3340.56,No
CUST-4169,Male,0,No,No,9,Yes,No,DSL,Yes,Yes,No,No,Yes,No internet service,Two year,Yes,Electronic check,41.94,426.69,No
CUST-4170,Female,1,No,Yes,2,Yes,No,DSL,No internet service,No,No internet service,No internet service,Yes,Yes,One year,Yes,Mailed check,109.53,197.08,No
CUST-4171,Male,1,No,No,58,Yes,Yes,DSL,Yes,No,Yes,Yes,No,No,One year,Yes,Credit card (automatic),49.35,2858.67,Yes
CUST-4172,Female,0,Yes,No,48,Yes,No,DSL,No,No internet service,No,No,No internet service,No,Month-to-month,Yes,Credit card (automatic),116.38,5637.99,Yes
CUST-4173,Male,0,No,No,58,Yes,Yes,Fiber optic,No,No,No,No,No internet service,No internet service,Month-to-month,Yes,Credit card (automatic),46.52,2691.91,Yes
CUST-4174,Male,0,Yes,No,30,Yes,No,DSL,No,No,Yes,No internet service,No internet service,No,Month-to-month,Yes,Electronic check,114.07,3471.12,Yes
CUST-4175,Male,0,No,No,68,Yes,Yes,No,No internet service,No,Yes,Yes,Yes,No,Month-to-month,Yes,Bank transfer (automatic),23.63,1555.38,Yes
CUST-4176,Female,0,Yes,No,61,Yes,No,No,No,No,No,Yes,Yes,No,Month-to-month,Yes,Mailed check,89.53,5482.98,Yes
CUST-4177,Male,0,No,Yes,51,Yes,No,DSL,No internet service,No,No,Yes,No,No internet service,Two year,No,Electronic check,71.73,3700.2,No
CUST-4178,Male,0,No,No,40,Yes,Yes,DSL,No,No,No,No,No,No,One year,No,Mailed check,66.28,2609.71,Yes
CUST-4179,Male,0,Yes,No,30,Yes,Yes,No,No,Yes,No,No internet service,No,No,One year,Yes,Credit card (automatic),40.71,1212.38,No
CUST-4180,Female,0,No,No,21,No,Yes,No,No,Yes,No internet service,No internet service,No,No,Month-to-month,Yes,Bank transfer (automatic),89.16,1864.48,Yes
CUST-4181,Male,0,Yes,No,3,No,Yes,No,Yes,No,No,Yes,Yes,Yes,Two year,No,Credit card (automatic),37.43,122.77,No
CUST-4182,Female,0,Yes,No,12,Yes,Yes,No,Yes,No internet service,No,No,Yes,Yes,Month-to-month,No,Electronic check,73.81,909.46,No
CUST-4183,Female,0,Yes,No,44,Yes,No,No,No,No internet service,No internet service,No,No,No,Two year,No,Mailed check,43.7,1877.24,No
CUST-4184,Female,0,Yes,No,41,Yes,No phone service,Fiber optic,No,Yes,No,No,Yes,No,Two year,Yes,Mailed check,114.29,4682.89,No
CUST-4185,Female,0,Yes,No,48,Yes,No,DSL,No,Yes,Yes,No internet service,No,No internet service,One year,Yes,Electronic check,21.13,1093.81,No
CUST-4186,Female,1,Yes,No,19,Yes,Yes,Fiber optic,Yes,No internet service,No,No,Yes,Yes,Two year,Yes,Electronic check,38.32,780.77,No
CUST-4187,Male,0,No,Yes,53,Yes,No,DSL,Yes,No internet service,No,No,No,No,One year,No,Credit card (automatic),42.6,2297.49,Yes
CUST-4188,Male,0,Yes,Yes,35,Yes,No,No,No,No,No,No,No,Yes,Month-to-month,Yes,Mailed check,59.86,2085.46,Yes
CUST-4189,Female,0,Yes,Yes,0,Yes,Yes,Fiber optic,No internet service,No internet service,No,No internet service,No,Yes,Month-to-month,Yes,Credit card (automatic),41.64, ,Yes
CUST-4190,Female,0,No,No,14,Yes,No,No,No,No internet service,No internet service,No,No internet service,No,Month-to-month,Yes,Electronic check,67.63,998.31,No
CUST-4191,Male,0,Yes,No,16,Yes,Yes,DSL,No,No,No,No internet service,No,No,Month-to-month,Yes,Mailed check,105.93,1696.75,No
CUST-4192,Male,0,No,Yes,23,Yes,No phone service,Fiber optic,No,No,No,No,No,No,One year,Yes,Bank transfer (automatic),89.81,2076.65,No
CUST-4193,Female,0,No,No,57,Yes,Yes,Fiber optic,Yes,No,No,No,No,No,Month-to-month,Yes,Electronic check,76.54,4339.84,Yes
CUST-4194,Female,1,Yes,No,71,Yes,No,No,No,No,No,No,No,Yes,Two year,No,Bank transfer (automatic),27.19,1950.16,No
CUST-4195,Female,0,No,No,22,Yes,No phone service,DSL,No,No,No,No internet service,No internet service,No,Month-to-month,No,Credit card (automatic),88.0,1965.65,Yes
CUST-4196,Female,0,No,No,45,Yes,No,No,No internet service,No,No,No,No,No,Month-to-month,Yes,Electronic check,34.97,1608.78,Yes
CUST-4197,Male,0,No,Yes,71,Yes,No phone service,No,No internet service,Yes,Yes,No internet service,No internet service,No,Two year,No,Credit card (automatic),97.28,6897.85,Yes
CUST-4198,Female,1,Yes,No,7,Yes,Yes,Fiber optic,No internet service,Yes,No,No,No,No,Month-to-month,Yes,Mailed check,43.38,229.98,Yes
CUST-4199,Female,1,No,No,58,Yes,Yes,No,No internet service,No,No,No internet service,No internet service,No,One year,Yes,Mailed check,60.16,3501.37,No
CUST-4200,Female,0,No,No,58,No,No,Fiber optic,Yes,No,No,No,Yes,No internet service,One year,Yes,Electronic check,53.47,3136.6,Yes
CUST-4201,Male,0,No,No,12,Yes,Yes,DSL,No,Yes,Yes,No,No,No internet service,Month-to-month,No,Mailed check,104.56,1205.79,No
CUST-4202,Female,0,Yes,Yes,38,Yes,No,DSL,No,No,No,No internet service,No,No,Month-to-month,No,Electronic check,30.97,1172.32,No
CUST-4203,Female,0,No,No,27,Yes,No,No,No,No,No,No,No,No,Month-to-month,Yes,Electronic check,75.1,2094.77,Yes
CUST-4204,Male,0,No,No,60,Yes,No,Fiber optic,No,No,No internet service,Yes,No,No internet service,Two year,No,Bank transfer (automatic),32.53,1891.63,Yes
CUST-4205,Female,0,No,No,15,Yes,No,DSL,No internet service,No internet service,No,Yes,No,No,One year,Yes,Electronic check,89.08,1322.01,No
CUST-4206,Female,0,Yes,Yes,1,Yes,No,Fiber optic,No internet service,No,Yes,No,No,No internet service,Month-to-month,Yes,Credit card (automatic),109.21,183.57,No
CUST-4207,Male,0,Yes,No,16,Yes,Yes,Fiber optic,No internet service,Yes,Yes,No internet service,No internet service,No,Two year,Yes,Mailed check,61.93,998.77,No
CUST-4208,Female,0,Yes,No,29,Yes,No,DSL,No internet service,No,No,No,No,No,Month-to-month,Yes,Electronic check,67.3,1925.4,Yes
CUST-4209,Female,0,No,Yes,12,Yes,No,Fiber optic,No,Yes,No,No internet service,Yes,No internet service,One year,Yes,Credit card (automatic),111.46,1337.17,No
CUST-4210,Male,0,No,Yes,12,No,Yes,DSL,No internet service,No,No,Yes,Yes,No,Two year,Yes,Bank transfer (automatic),70.61,888.62,No
CUST-4211,Female,0,Yes,No,42,Yes,No,DSL,Yes,No,No internet service,No,No,Yes,Two year,Yes,Mailed check,67.25,2814.32,Yes
CUST-4212,Female,0,No,No,20,Yes,Yes,Fiber optic,Yes,Yes,No,No internet service,Yes,No,Two year,No,Bank transfer (automatic),76.37,1557.28,No
CUST-4213,Female,0,No,Yes,54,Yes,Yes,Fiber optic,Yes,Yes,No,No,No internet service,No,Month-to-month,No,Credit card (automatic),87.52,4737.83,Yes
CUST-4214,Female,0,Yes,No,39,Yes,No,DSL,Yes,No internet service,No,No internet service,No internet service,No,Two year,No,Credit card (automatic),28.99,1146.46,No
CUST-4215,Male,0,Yes,No,14,Yes,No,Fiber optic,No,No internet service,No,No,Yes,No,Month-to-month,Yes,Electronic check,100.77,1443.86,No
CUST-4216,Female,0,Yes,No,72,Yes,Yes,DSL,No,No,No,No internet service,No internet service,No,One year,Yes,Mailed check,62.02,4450.7,Yes
CUST-4217,Male,0,No,No,51,Yes,No,DSL,No internet service,Yes,No,No,No,No internet service,Month-to-month,Yes,Credit card (automatic),25.52,1254.29,No
CUST-4218,Female,0,No,No,52,No,Yes,DSL,No,Yes,No,Yes,No,No internet service,Two year,No,Electronic check,97.26,5081.24,Yes
CUST-4219,Female,1,No,No,51,Yes,No phone service,DSL,No,Yes,Yes,No,No,No internet service,One year,Yes,Electronic check,56.13,2856.01,Yes
CUST-4220,Female,0,Yes,No,29,Yes,No,DSL,No internet service,Yes,No internet service,No,No,No,One year,No,Credit card (automatic),28.34,799.45,Yes
CUST-4221,Female,0,Yes,No,32,Yes,No,No,No,Yes,Yes,No internet service,No,No,Month-to-month,No,Mailed check,81.94,2648.4,Yes
CUST-4222,Female,0,Yes,Yes,56,No,Yes,Fiber optic,No internet service,No,No,No,No,No internet service,Two year,Yes,Credit card (automatic),106.7,6039.07,No
CUST-4223,Male,0,Yes,No,51,Yes,No,DSL,No,No,Yes,No,No internet service,No,Two year,No,Bank transfer (automatic),107.47,5473.24,No
CUST-4224,Female,0,Yes,No,8,Yes,No,DSL,No internet service,Yes,No,No,Yes,No,One year,Yes,Electronic check,114.5,916.42,No
CUST-4225,Female,0,Yes,No,53,Yes,No,DSL,No,No,No internet service,No internet service,Yes,No internet service,Month-to-month,Yes,Electronic check,105.45,5529.76,Yes
CUST-4226,Male,0,No,Yes,0,No,Yes,No,No,Yes,No internet service,No,No,No,Month-to-month,Yes,Credit card (automatic),18.47, ,No
CUST-4227,Male,0,No,No,43,Yes,No phone service,Fiber optic,No,No,Yes,No,No,No internet service,Month-to-month,No,Bank transfer (automatic),56.46,2438.84,Yes
CUST-4228,Female,1,Yes,No,8,Yes,Yes,DSL,No,No,No,Yes,No,No,Month-to-month,No,Mailed check,100.51,803.06,Yes
CUST-4229,Male,0,No,No,31,Yes,No phone service,Fiber optic,No internet service,No internet service,No,No,No,No,Month-to-month,Yes,Bank transfer (automatic),55.06,1688.75,Yes
CUST-4230,Female,0,No,Yes,14,Yes,Yes,Fiber optic,No internet service,No internet service,Yes,No internet service,No,No internet service,Month-to-month,No,Credit card (automatic),78.71,1138.23,Yes
CUST-4231,Female,1,Yes,Yes,11,Yes,No,DSL,No,No,No internet service,Yes,Yes,No internet service,Month-to-month,Yes,Credit card (automatic),79.18,873.88,Yes
CUST-4232,Female,0,Yes,No,56,Yes,Yes,Fiber optic,Yes,No,No internet service,Yes,No internet service,No,Month-to-month,Yes,Mailed check,54.94,3206.08,Yes
CUST-4233,Male,0,Yes,No,7,Yes,Yes,Fiber optic,No internet service,No,No,No,No,No,Month-to-month,Yes,Electronic check,109.15,774.44,Yes
CUST-4234,Female,0,Yes,No,71,Yes,Yes,DSL,No internet service,No internet service,Yes,No,No,No,Two year,Yes,Electronic check,68.82,4748.89,No
CUST-4235,Male,1,No,No,26,Yes,No,Fiber optic,No internet service,No internet service,No,Yes,No,Yes,Month-to-month,No,Electronic check,64.96,1633.36,Yes
CUST-4236,Male,0,Yes,No,61,Yes,Yes,Fiber optic,Yes,No internet service,Yes,No,No,No,Month-to-month,No,Mailed check,118.5,7255.11,Yes
CUST-4237,Male,0,Yes,No,11,Yes,Yes,Fiber optic,No internet service,No,No,Yes,Yes,No,Month-to-month,No,Credit card (automatic),67.85,714.18,Yes
CUST-4238,Female,0,Yes,No,64,Yes,No,Fiber optic,No,No internet service,No internet service,No,No internet service,Yes,One year,Yes,Electronic check,36.18,2286.46,Yes
CUST-4239,Female,0,Yes,No,41,Yes,No phone service,Fiber optic,No internet service,Yes,Yes,No,Yes,Yes,Two year,No,Electronic check,69.81,2800.25,No
CUST-4240,Female,1,No,Yes,61,Yes,No phone service,Fiber optic,No,No internet service,No,No internet service,Yes,No,Month-to-month,Yes,Electronic check,100.06,6079.82,Yes
CUST-4241,Male,0,No,No,10,Yes,No,Fiber optic,No,Yes,Yes,No internet service,Yes,No,Month-to-month,No,Bank transfer (automatic),96.32,972.9,Yes
CUST-4242,Male,0,Yes,No,42,Yes,Yes,Fiber optic,Yes,No internet service,No,No internet service,No,No,Two year,Yes,Bank transfer (automatic),97.5,4114.29,No
CUST-4243,Female,1,No,No,16,Yes,Yes,DSL,No,No,No,No,No,No,Month-to-month,No,Credit card (automatic),89.41,1379.57,Yes
CUST-4244,Male,0,No,Yes,31,Yes,Yes,Fiber optic,No,No,No,Yes,No,No,Month-to-month,No,Electronic check,43.8,1398.07,No
CUST-4245,Male,1,No,No,39,Yes,No,Fiber optic,No internet service,No internet service,Yes,No,No internet service,No,Month-to-month,No,Bank transfer (automatic),104.89,4031.14,Yes
CUST-4246,Male,0,No,No,22,Yes,Yes,Fiber optic,No internet service,No internet service,No internet service,No internet service,No internet service,No,Month-to-month,Yes,Credit card (automatic),108.04,2398.78,Yes
CUST-4247,Male,0,Yes,Yes,55,Yes,No phone service,No,Yes,Yes,Yes,No internet service,Yes,No,Two year,No,Credit card (automatic),37.76,2093.65,No
CUST-4248,Male,0,No,Yes,5,Yes,No,No,Yes,No,No,No,No,Yes,Month-to-month,Yes,Mailed check,31.36,110.08,No
CUST-4249,Female,0,No,No,49,Yes,Yes,DSL,No,No,No,No internet service,No,No,Two year,Yes,Bank transfer (automatic),116.3,5646.03,Yes
CUST-4250,Female,0,No,No,36,Yes,No,No,Yes,No,No internet service,No,No,No,Two year,No,Credit card (automatic),105.52,3817.83,Yes
CUST-4251,Female,0,No,No,63,Yes,Yes,Fiber optic,No,Yes,No,No,No,No,One year,Yes,Electronic check,108.02,6777.27,Yes
CUST-4252,Female,0,Yes,Yes,53,Yes,No,Fiber optic,No,Yes,No,No,No internet service,No,Month-to-month,No,Mailed check,107.33,5678.97,Yes
CUST-4253,Female,0,No,No,71,Yes,No,No,No,No,No,No,No,No,Month-to-month,Yes,Bank transfer (automatic),72.69,5195.36,Yes
CUST-4254,Male,1,Yes,No,48,Yes,Yes,Fiber optic,No,No internet service,No internet service,No internet service,No internet service,Yes,Month-to-month,No,Mailed check,83.21,4018.04,Yes
CUST-4255,Male,0,Yes,No,10,Yes,No,Fiber optic,No internet service,No internet service,No,No,No,No internet service,Month-to-month,No,Credit card (automatic),73.06,684.8,Yes
CUST-4256,Female,1,Yes,No,48,Yes,Yes,No,Yes,No,Yes,Yes,Yes,No internet service,One year,No,Electronic check,23.4,1120.52,No
CUST-4257,Female,0,No,Yes,20,Yes,Yes,DSL,No internet service,No internet service,No internet service,Yes,No internet service,No,Month-to-month,Yes,Mailed check,93.17,1816.66,Yes
CUST-4258,Female,0,Yes,No,65,Yes,No,DSL,No,No,Yes,Yes,No internet service,No,Two year,No,Electronic check,69.04,4531.1,Yes
CUST-4259,Female,1,No,No,62,Yes,No phone service,Fiber optic,No,Yes,No,No,No,No internet service,Month-to-month,No,Bank transfer (automatic),83.34,5243.91,Yes
CUST-4260,Male,0,Yes,No,27,Yes,No phone service,No,No,No,No internet service,No internet service,Yes,No internet service,One year,Yes,Credit card (automatic),68.77,1814.54,Yes
CUST-4261,Female,0,No,No,16,Yes,No,No,Yes,No,No,No,No,No,Two year,Yes,Credit card (automatic),67.68,1081.32,No
CUST-4262,Male,1,Yes,No,5,Yes,No,DSL,No,No,Yes,Yes,No,No,Month-to-month,Yes,Credit card (automatic),35.51,223.42,No
CUST-4263,Female,1,No,Yes,18,Yes,No,No,Yes,No,No,No,Yes,No,Month-to-month,No,Electronic check,46.26,833.89,No
CUST-4264,Male,0,No,Yes,55,Yes,No,DSL,No,No,Yes,No,No,Yes,Month-to-month,Yes,Bank transfer (automatic),34.21,1909.63,Yes
CUST-4265,Female,0,Yes,Yes,27,Yes,No,No,No internet service,No internet service,Yes,Yes,No,Yes,Month-to-month,No,Mailed check,37.91,1026.15,No
CUST-4266,Male,0,No,No,65,Yes,No phone service,Fiber optic,No internet service,No internet service,Yes,No,No,No internet service,Month-to-month,Yes,Credit card (automatic),116.03,7489.11,No
CUST-4267,Female,0,Yes,No,37,Yes,Yes,DSL,No,No,No,No,No internet service,No internet service,Month-to-month,No,Bank transfer (automatic),33.64,1250.63,No
CUST-4268,Male,0,No,Yes,36,Yes,No,DSL,No internet service,No internet service,Yes,Yes,Yes,No,Month-to-month,No,Mailed check,45.31,1687.52,Yes
CUST-4269,Female,0,No,No,67,Yes,Yes,DSL,No,No,No internet service,No,No internet service,No,Two year,Yes,Credit card (automatic),77.6,5214.91,Yes
CUST-4270,Female,0,Yes,No,48,Yes,No,DSL,Yes,No,No,No,No,No internet service,Month-to-month,Yes,Mailed check,79.57,3900.54,Yes
CUST-4271,Male,0,No,No,42,Yes,No,Fiber optic,No,Yes,No,No,No,No internet service,Month-to-month,Yes,Bank transfer (automatic),33.72,1327.66,No
CUST-4272,Male,0,Yes,No,35,Yes,No phone service,DSL,No,No internet service,Yes,No,No,No internet service,Month-to-month,Yes,Electronic check,98.02,3449.65,No
CUST-4273,Female,1,No,No,57,Yes,Yes,No,Yes,No internet service,Yes,No internet service,No,No,Month-to-month,Yes,Mailed check,97.16,5505.72,Yes
CUST-4274,Female,0,No,No,12,Yes,No,Fiber optic,Yes,No,No internet service,No,Yes,No,Month-to-month,Yes,Electronic check,42.1,461.42,No
CUST-4275,Male,0,No,Yes,51,Yes,No,Fiber optic,No,No internet service,No,Yes,Yes,No,Two year,No,Mailed check,47.26,2476.98,No
CUST-4276,Male,0,Yes,No,57,Yes,No,DSL,No,No internet service,No,No,No,Yes,Month-to-month,No,Bank transfer (automatic),112.52,6400.89,Yes
CUST-4277,Male,0,Yes,No,31,Yes,No,No,No internet service,Yes,No,No,No,No,Month-to-month,No,Bank transfer (automatic),101.23,3120.55,Yes
CUST-4278,Female,0,Yes,No,59,Yes,No,Fiber optic,No internet service,Yes,No,No,Yes,Yes,Month-to-month,No,Mailed check,88.38,5231.6,Yes
CUST-4279,Male,1,No,Yes,57,No,No phone service,No,No,No,No,No,No,No,Month-to-month,No,Bank transfer (automatic),26.51,1403.44,No
CUST-4280,Female,0,Yes,No,55,No,Yes,No,Yes,No,No,No,No,No internet service,Month-to-month,Yes,Bank transfer (automatic),60.29,3383.69,Yes
CUST-4281,Male,0,No,No,27,Yes,No,DSL,Yes,No,No,Yes,Yes,No,One year,No,Mailed check,74.46,2105.64,No
CUST-4282,Male,1,Yes,No,0,Yes,Yes,DSL,Yes,No,No,No,Yes,No internet service,Month-to-month,No,Electronic check,37.08, ,No
CUST-4283,Female,0,Yes,No,41,Yes,Yes,No,No,No,No,No,No,No,Month-to-month,Yes,Credit card (automatic),63.3,2615.9,Yes
CUST-4284,Female,0,Yes,No,47,No,Yes,No,No internet service,Yes,Yes,No,No internet service,Yes,One year,Yes,Electronic check,78.65,3685.72,Yes
CUST-4285,Male,0,No,No,39,Yes,No,Fiber optic,Yes,Yes,No,No,No,Yes,Month-to-month,Yes,Electronic check,51.15,1941.09,Yes
CUST-4286,Female,0,No,No,62,Yes,No,Fiber optic,Yes,No,No,No,No,No,Month-to-month,Yes,Credit card (automatic),96.73,6056.96,Yes
CUST-4287,Female,0,No,Yes,71,Yes,No,Fiber optic,Yes,No,Yes,No,No,No,Two year,No,Mailed check,102.72,7338.94,Yes
CUST-4288,Female,0,No,No,3,Yes,No,DSL,No internet service,No,No,Yes,No internet service,No,Month-to-month,Yes,Credit card (automatic),50.77,174.82,No
CUST-4289,Male,0,No,Yes,37,Yes,No,DSL,No internet service,Yes,Yes,No,No internet service,No,Two year,Yes,Credit card (automatic),102.54,3810.66,Yes
CUST-4290,Female,0,No,No,26,Yes,Yes,Fiber optic,No internet service,No,Yes,Yes,No internet service,Yes,Month-to-month,Yes,Mailed check,28.66,760.19,No
CUST-4291,Female,1,Yes,No,8,No,Yes,DSL,No,No,No internet service,No,Yes,Yes,Month-to-month,No,Electronic check,102.44,793.22,Yes
CUST-4292,Male,0,No,No,15,Yes,No phone service,Fiber optic,No,No,No internet service,No,No,No,Month-to-month,No,Electronic check,33.6,629.06,Yes
CUST-4293,Male,0,No,Yes,55,Yes,No phone service,No,Yes,No,No internet service,No,Yes,No internet service,Month-to-month,No,Electronic check,26.58,1447.62,Yes
CUST-4294,Female,0,No,No,30,Yes,No,No,No,No,No internet service,Yes,No internet service,No,Month-to-month,Yes,Electronic check,82.75,2461.16,No
CUST-4295,Male,0,Yes,Yes,13,Yes,No,No,No internet service,No internet service,No internet service,No,Yes,No,Month-to-month,Yes,Bank transfer (automatic),65.68,909.87,Yes
CUST-4296,Female,0,Yes,No,24,Yes,Yes,No,No internet service,No internet service,No,No,No,No internet service,Two year,Yes,Bank transfer (automatic),109.49,2626.3,Yes
CUST-4297,Female,0,No,No,33,Yes,Yes,Fiber optic,No internet service,No internet service,No,No internet service,No,No,One year,No,Mailed check,54.75,1805.8,No
CUST-4298,Male,0,Yes,Yes,66,Yes,No,No,No,No,Yes,No internet service,No internet service,No internet service,Month-to-month,Yes,Credit card (automatic),47.11,3179.99,Yes
CUST-4299,Male,0,No,Yes,23,Yes,Yes,No,Yes,No,No,No internet service,No,Yes,One year,Yes,Credit card (automatic),68.57,1611.04,No
CUST-4300,Female,1,Yes,No,72,Yes,Yes,No,Yes,No,No,Yes,Yes,Yes,Two year,No,Electronic check,64.07,4649.51,No
CUST-4301,Female,0,No,No,25,Yes,Yes,Fiber optic,No,No,Yes,No internet service,Yes,Yes,One year,Yes,Bank transfer (automatic),52.87,1250.86,No
CUST-4302,Male,0,No,No,19,Yes,No phone service,DSL,Yes,No,No internet service,No,No internet service,No,Month-to-month,Yes,Mailed check,87.97,1691.46,No
CUST-4303,Male,1,Yes,No,63,Yes,No phone service,DSL,No internet service,No internet service,Yes,Yes,No internet service,No internet service,Two year,No,Mailed check,94.59,5908.89,Yes
CUST-4304,Male,0,No,No,9,Yes,Yes,DSL,No internet service,No,No internet service,No internet service,No,Yes,Month-to-month,Yes,Bank transfer (automatic),103.97,912.98,Yes
CUST-4305,Female,0,No,No,66,Yes,No phone service,No,Yes,No internet service,No,No,No internet service,No,Month-to-month,No,Bank transfer (automatic),116.02,7666.1,Yes
CUST-4306,Male,1,Yes,Yes,23,Yes,Yes,Fiber optic,No,No,No internet service,No,No internet service,Yes,Month-to-month,No,Credit card (automatic),45.05,1034.34,Yes
CUST-4307,Female,0,Yes,Yes,4,Yes,No,No,No,No internet service,No,No,No,No internet service,Two year,Yes,Mailed check,90.22,393.59,No
CUST-4308,Female,0,No,Yes,66,No,Yes,Fiber optic,No internet service,No,No,No,Yes,No,Two year,Yes,Bank transfer (automatic),57.87,3857.95,Yes
CUST-4309,Male,0,Yes,Yes,57,Yes,Yes,Fiber optic,No,No internet service,No,No,Yes,No internet service,Two year,Yes,Credit card (automatic),86.3,4961.38,Yes
CUST-4310,Male,0,No,No,26,Yes,No phone service,DSL,Yes,No,No,No internet service,Yes,Yes,Month-to-month,No,Mailed check,66.09,1651.13,No
CUST-4311,Female,0,No,No,14,Yes,Yes,DSL,No,No internet service,Yes,Yes,No,No,Two year,Yes,Mailed check,118.12,1771.81,Yes
CUST-4312,Male,0,Yes,No,34,Yes,Yes,Fiber optic,No,Yes,No internet service,No,No,No,Month-to-month,Yes,Electronic check,91.5,3109.77,Yes
CUST-4313,Female,0,No,Yes,52,Yes,No phone service,Fiber optic,No,No,No internet service,No,Yes,No,Month-to-month,No,Credit card (automatic),113.98,5987.61,Yes
CUST-4314,Male,0,Yes,No,43,Yes,No,DSL,Yes,Yes,No,No,No,No internet service,Month-to-month,Yes,Credit card (automatic),102.16,4267.16,Yes
CUST-4315,Female,0,Yes,No,25,Yes,No,Fiber optic,No internet service,No,Yes,No,No internet service,No,Month-to-month,Yes,Electronic check,108.99,2711.48,Yes
CUST-4316,Female,0,No,Yes,46,Yes,No,Fiber optic,No,No,No internet service,Yes,Yes,No,One year,No,Bank transfer (automatic),100.1,4531.57,Yes
CUST-4317,Female,0,Yes,Yes,33,Yes,No,No,No,No internet service,No,No,Yes,No,Month-to-month,Yes,Credit card (automatic),64.4,2082.13,Yes
CUST-4318,Female,0,No,No,49,No,No,DSL,Yes,No internet service,No,No,No,No,Two year,No,Bank transfer (automatic),43.55,2136.48,Yes
CUST-4319,Male,0,Yes,Yes,11,Yes,Yes,Fiber optic,No,No,No,Yes,No,No,Month-to-month,Yes,Bank transfer (automatic),55.47,593.43,No
CUST-4320,Female,0,Yes,No,3,Yes,No,DSL,No,No internet service,No,No,Yes,No,Month-to-month,No,Credit card (automatic),20.28,126.54,Yes
CUST-4321,Female,0,Yes,No,47,Yes,No,No,Yes,Yes,No,No,No,No,Two year,Yes,Bank transfer (automatic),70.91,3421.22,No
CUST-4322,Male,1,No,No,54,Yes,No,Fiber optic,No,No,Yes,Yes,Yes,No,Month-to-month,No,Electronic check,69.01,3678.2,Yes
CUST-4323,Female,0,Yes,No,0,Yes,No,Fiber optic,No internet service,No,No,No,Yes,No,One year,Yes,Electronic check,71.04, ,No
CUST-4324,Male,0,Yes,No,65,Yes,No,No,No,No internet service,No internet service,No,Yes,Yes,One year,No,Electronic check,116.14,7497.55,Yes
CUST-4325,Female,0,Yes,No,29,Yes,No phone service,DSL,Yes,No internet service,No internet service,No,No internet service,No,Month-to-month,Yes,Electronic check,109.85,3243.45,Yes
CUST-4326,Male,0,No,Yes,2,Yes,No,DSL,No,No,No internet service,No internet service,No,No internet service,One year,No,Electronic check,34.5,76.95,No
CUST-4327,Male,0,Yes,Yes,20,Yes,Yes,Fiber optic,No internet service,Yes,Yes,No,No,No internet service,Month-to-month,No,Electronic check,55.32,1108.02,Yes
CUST-4328,Female,0,No,Yes,48,Yes,Yes,Fiber optic,Yes,No,No internet service,No,No,Yes,Two year,Yes,Mailed check,60.86,2936.9,No
CUST-4329,Female,0,Yes,No,61,Yes,No phone service,DSL,No internet service,Yes,No,Yes,No internet service,No,Month-to-month,Yes,Electronic check,54.48,3307.72,Yes
CUST-4330,Male,0,No,Yes,37,Yes,No,Fiber optic,No,Yes,No internet service,No,Yes,No,Month-to-month,Yes,Electronic check,98.5,3601.68,No
CUST-4331,Male,0,No,No,14,Yes,No,DSL,No internet service,No internet service,No,Yes,No,No internet service,Month-to-month,Yes,Electronic check,70.92,995.43,No
CUST-4332,Female,0,No,No,51,No,No,DSL,No,No,Yes,Yes,No,No,Month-to-month,Yes,Electronic check,75.75,3849.9,Yes
CUST-4333,Female,0,Yes,No,45,Yes,Yes,Fiber optic,No,No internet service,No,No,No,No internet service,One year,Yes,Mailed check,103.98,4696.45,Yes
CUST-4334,Female,0,Yes,No,24,No,Yes,No,No,No,No,No,Yes,No,Two year,No,Credit card (automatic),99.25,2300.4,No
CUST-4335,Female,0,No,No,20,Yes,No,Fiber optic,No internet service,No,No internet service,Yes,No,No,One year,Yes,Mailed check,31.54,640.12,No
CUST-4336,Male,0,Yes,No,4,Yes,Yes,Fiber optic,No internet service,No internet service,No,No,No,No,Month-to-month,Yes,Bank transfer (automatic),90.0,325.54,No
CUST-4337,Male,0,No,Yes,69,No,No,No,No,No,No,No,No,No,Two year,Yes,Electronic check,62.01,4286.26,Yes
CUST-4338,Male,0,Yes,No,46,Yes,No,DSL,No,No,No,Yes,No internet service,No internet service,Month-to-month,No,Mailed check,47.86,2246.81,Yes
CUST-4339,Male,1,No,No,67,Yes,No,Fiber optic,Yes,No,No internet service,No internet service,Yes,No,One year,Yes,Electronic check,23.28,1531.95,Yes
CUST-4340,Female,0,Yes,Yes,17,Yes,Yes,No,No,No,No internet service,No,No internet service,No,One year,Yes,Electronic check,67.22,1202.58,No
CUST-4341,Male,0,No,No,20,No,No,DSL,No internet service,No internet service,No internet service,No,No,No internet service,Month-to-month,Yes,Electronic check,53.97,992.36,Yes
CUST-4342,Female,0,Yes,No,22,Yes,No phone service,Fiber optic,No internet service,No,No,No,No,No,Two year,No,Bank transfer (automatic),43.53,1034.85,No
CUST-4343,Female,0,No,No,63,Yes,No,No,No,Yes,No internet service,No internet service,No,No,Month-to-month,Yes,Bank transfer (automatic),88.06,5609.7,Yes
CUST-4344,Female,0,No,No,66,Yes,Yes,No,No,No,No internet service,Yes,No,Yes,One year,Yes,Electronic check,95.58,6263.95,No
CUST-4345,Female,1,No,Yes,39,Yes,No,DSL,No,No internet service,Yes,No internet service,No,Yes,One year,No,Electronic check,42.85,1627.24,Yes
CUST-4346,Female,0,Yes,Yes,9,Yes,No,DSL,No,No internet service,No,No,No internet service,No,Two year,Yes,Electronic check,23.22,134.23,No
CUST-4347,Male,0,Yes,No,51,Yes,No,DSL,No,No,Yes,No,No,No,Two year,Yes,Credit card (automatic),103.55,5327.12,No
CUST-4348,Male,0,No,No,71,Yes,No,Fiber optic,No internet service,Yes,Yes,No,No,No,Month-to-month,Yes,Bank transfer (automatic),19.25,1350.23,Yes
CUST-4349,Male,0,No,No,60,Yes,No,Fiber optic,No,No,No internet service,Yes,Yes,No,One year,Yes,Electronic check,112.43,6725.61,Yes
CUST-4350,Female,0,Yes,Yes,63,Yes,No,Fiber optic,Yes,No,No internet service,Yes,No,No internet service,Month-to-month,Yes,Mailed check,81.33,5067.65,Yes
CUST-4351,Male,0,Yes,No,4,No,Yes,No,No,No internet service,No,No,No,Yes,Month-to-month,No,Mailed check,50.6,293.0,Yes
CUST-4352,Female,0,No,No,52,Yes,No phone service,DSL,No,No internet service,No,No,No,Yes,Two year,No,Electronic check,43.02,2188.4,Yes
CUST-4353,Male,0,Yes,No,54,Yes,Yes,No,No,No internet service,No,No internet service,No,No internet service,Two year,Yes,Bank transfer (automatic),19.16,1035.85,No
CUST-4354,Male,0,No,Yes,36,No,No,DSL,No,No internet service,No,No,No,Yes,Two year,Yes,Mailed check,41.91,1519.56,No
CUST-4355,Female,1,No,No,55,Yes,Yes,DSL,No internet service,No,No internet service,No,No internet service,Yes,Month-to-month,Yes,Electronic check,32.09,1745.02,Yes
CUST-4356,Female,1,No,No,58,Yes,No,Fiber optic,No,No,No internet service,No,No,Yes,Two year,Yes,Bank transfer (automatic),79.77,4596.62,No
CUST-4357,Male,1,Yes,No,68,Yes,Yes,DSL,No internet service,No internet service,Yes,No internet service,No internet service,No,Two year,No,Bank transfer (automatic),34.99,2360.86,Yes
CUST-4358,Female,0,Yes,Yes,72,Yes,Yes,Fiber optic,Yes,No internet service,No internet service,No,No internet service,No,Month-to-month,Yes,Bank transfer (automatic),71.38,5167.63,Yes
CUST-4359,Female,0,No,No,58,No,Yes,No,No,No internet service,No,Yes,No,Yes,Month-to-month,No,Bank transfer (automatic),77.56,4481.13,No
CUST-4360,Female,0,No,Yes,1,Yes,Yes,DSL,No,No,No internet service,No,No,No,Two year,Yes,Credit card (automatic),48.2,129.48,No
CUST-4361,Male,1,No,No,64,Yes,Yes,Fiber optic,Yes,No,No internet service,No,No,No,One year,Yes,Mailed check,21.77,1354.43,Yes
CUST-4362,Male,0,No,Yes,59,Yes,No,DSL,No internet service,Yes,No,Yes,Yes,No,Two year,Yes,Credit card (automatic),21.99,1335.12,No
CUST-4363,Male,0,No,No,50,Yes,Yes,DSL,No internet service,No,Yes,No internet service,Yes,No internet service,Month-to-month,No,Credit card (automatic),20.9,957.18,No
CUST-4364,Female,1,No,No,29,Yes,Yes,Fiber optic,No,Yes,No,No,No internet service,No,One year,Yes,Credit card (automatic),92.53,2644.52,No
CUST-4365,Female,0,No,No,10,Yes,Yes,No,Yes,No,Yes,No,Yes,No,Two year,No,Bank transfer (automatic),50.21,461.29,No
CUST-4366,Female,0,Yes,No,38,Yes,Yes,Fiber optic,Yes,No internet service,No,No,Yes,Yes,Month-to-month,Yes,Credit card (automatic),98.28,3679.44,Yes
CUST-4367,Female,0,No,No,71,Yes,Yes,Fiber optic,Yes,No,No internet service,No,No,No,Two year,Yes,Electronic check,61.64,4390.61,No
CUST-4368,Female,0,No,Yes,62,Yes,Yes,No,Yes,No internet service,No internet service,Yes,No internet service,Yes,Month-to-month,No,Credit card (automatic),63.78,3948.85,Yes
CUST-4369,Male,0,No,No,63,Yes,No phone service,No,No internet service,No internet service,No,No,No internet service,No,Month-to-month,Yes,Electronic check,69.79,4282.83,Yes
CUST-4370,Male,1,Yes,No,60,Yes,No,DSL,No,Yes,No,No,No,Yes,Month-to-month,Yes,Credit card (automatic),89.91,5494.38,Yes
CUST-4371,Male,1,No,No,53,Yes,No phone service,Fiber optic,Yes,No internet service,No,Yes,No internet service,Yes,Month-to-month,Yes,Mailed check,45.74,2433.02,Yes
CUST-4372,Female,0,No,Yes,72,Yes,No,Fiber optic,No internet service,No internet service,No,Yes,No,No,One year,Yes,Bank transfer (automatic),30.47,2193.9,Yes
CUST-4373,Male,0,No,No,57,Yes,Yes,Fiber optic,Yes,Yes,No,No,No internet service,Yes,Two year,Yes,Credit card (automatic),74.13,4290.92,Yes
CUST-4374,Male,0,Yes,No,55,Yes,Yes,Fiber optic,No,No,No internet service,No,No,No internet service,Month-to-month,No,Bank transfer (automatic),51.11,2860.49,Yes
CUST-4375,Male,0,No,No,33,Yes,No,DSL,No,No internet service,No,No,No,No,Month-to-month,Yes,Mailed check,62.72,2054.85,No
CUST-4376,Female,0,Yes,Yes,30,Yes,No phone service,Fiber optic,No internet service,Yes,Yes,No,No,Yes,Month-to-month,No,Bank transfer (automatic),83.27,2400.47,Yes
CUST-4377,Female,1,No,No,51,Yes,No,Fiber optic,No internet service,No,No,No internet service,No,No,One year,No,Electronic check,67.91,3491.63,No
CUST-4378,Male,0,No,No,0,Yes,No,Fiber optic,No internet service,No,No,No,No,No internet service,Two year,Yes,Bank transfer (automatic),80.59, ,No
CUST-4379,Male,1,No,No,54,No,No,No,Yes,No,No,No internet service,No,No internet service,One year,Yes,Mailed check,72.94,4000.72,Yes
CUST-4380,Male,0,No,No,21,No,No,No,No,No,No,No,No,No,One year,No,Electronic check,92.6,1905.79,No
CUST-4381,Male,0,Yes,Yes,39,Yes,No,Fiber optic,No,No,No,No,No,No,One year,Yes,Mailed check,89.2,3456.21,Yes
CUST-4382,Female,1,Yes,No,0,Yes,Yes,Fiber optic,No internet service,No internet service,No,No,Yes,No internet service,Month-to-month,Yes,Mailed check,71.94, ,Yes
CUST-4383,Male,0,Yes,No,64,Yes,Yes,Fiber optic,No,No,Yes,Yes,Yes,No,One year,No,Electronic check,86.48,5471.61,Yes
CUST-4384,Female,0,Yes,No,62,Yes,Yes,Fiber optic,Yes,Yes,No,Yes,Yes,No,One year,Yes,Electronic check,106.04,6569.03,No
CUST-4385,Male,0,Yes,Yes,53,No,No,No,No internet service,Yes,No,No,No,No,One year,No,Mailed check,61.69,3259.46,No
CUST-4386,Female,1,Yes,No,41,Yes,Yes,Fiber optic,No internet service,No,No,No,No,No,Two year,Yes,Credit card (automatic),59.73,2425.14,Yes
CUST-4387,Female,0,Yes,No,20,Yes,Yes,DSL,Yes,Yes,No,No,No internet service,No,Two year,No,Bank transfer (automatic),95.06,2003.85,No
CUST-4388,Female,0,Yes,No,21,Yes,No phone service,Fiber optic,Yes,No,Yes,No,No,Yes,Two year,Yes,Bank transfer (automatic),76.8,1642.98,Yes
CUST-4389,Male,0,No,No,37,Yes,No,Fiber optic,No internet service,No,No internet service,No,No,No,Two year,Yes,Bank transfer (automatic),25.39,939.94,No
CUST-4390,Female,0,No,Yes,7,Yes,Yes,Fiber optic,No,No,No,No,No,No,Two year,Yes,Electronic check,107.91,617.5,Yes
CUST-4391,Female,0,No,Yes,61,Yes,No,Fiber optic,Yes,No,Yes,No,No,No,One year,Yes,Electronic check,21.34,1343.03,Yes
CUST-4392,Male,1,No,No,46,Yes,No,DSL,No,No internet service,No,No,No,No internet service,Month-to-month,Yes,Credit card (automatic),93.46,4448.89,Yes
CUST-4393,Male,0,No,No,16,Yes,No,DSL,No,No,Yes,No,No,No internet service,Month-to-month,Yes,Electronic check,94.51,1502.76,Yes
CUST-4394,Female,0,No,No,16,Yes,No,DSL,No,No internet service,No,Yes,No internet service,No,Two year,No,Bank transfer (automatic),114.04,1784.11,Yes
CUST-4395,Female,1,Yes,No,12,Yes,No,Fiber optic,Yes,No,Yes,No internet service,No,No,Month-to-month,Yes,Mailed check,23.69,292.45,Yes
CUST-4396,Male,0,No,Yes,16,No,No,DSL,No internet service,No internet service,No,No,No,No,Month-to-month,Yes,Mailed check,78.23,1180.11,Yes
CUST-4397,Male,0,No,No,37,Yes,No phone service,No,No,No,Yes,Yes,Yes,Yes,Month-to-month,Yes,Electronic check,61.25,2289.35,Yes
CUST-4398,Female,0,No,Yes,44,Yes,No,Fiber optic,No,Yes,No internet service,No internet service,No internet service,Yes,One year,No,Electronic check,51.48,2340.13,Yes
CUST-4399,Male,0,No,Yes,5,Yes,Yes,No,No,No,No,No,Yes,Yes,Month-to-month,Yes,Electronic check,27.33,103.1,No
CUST-4400,Male,0,No,No,34,No,No,DSL,Yes,No,Yes,No internet service,Yes,No,Month-to-month,Yes,Bank transfer (automatic),74.8,2511.27,Yes
CUST-4401,Female,0,No,No,13,No,Yes,DSL,No,No internet service,No,No,Yes,No internet service,Month-to-month,No,Bank transfer (automatic),66.39,859.09,Yes
CUST-4402,Male,0,Yes,Yes,71,Yes,No,Fiber optic,Yes,Yes,Yes,No,No internet service,Yes,One year,Yes,Mailed check,28.76,2016.9,No
CUST-4403,Female,0,No,No,60,Yes,Yes,DSL,No,Yes,No,No,No internet service,No,Month-to-month,Yes,Credit card (automatic),79.81,4712.98,Yes
CUST-4404,Male,0,Yes,No,14,Yes,No,No,No,No,No,Yes,No internet service,No,Month-to-month,Yes,Electronic check,92.41,1274.48,Yes
CUST-4405,Male,0,No,No,53,Yes,Yes,DSL,Yes,No,No,No,Yes,No,One year,No,Mailed check,95.36,5024.73,Yes
CUST-4406,Male,0,No,Yes,26,Yes,No,Fiber optic,No,No,No,No,No internet service,No,One year,Yes,Bank transfer (automatic),109.24,2908.57,No
CUST-4407,Male,0,No,No,12,Yes,No,No,No,No,No internet service,Yes,No,No,Month-to-month,No,Electronic check,59.4,770.57,No
CUST-4408,Male,1,No,No,30,Yes,No,Fiber optic,No,No,No internet service,No,No internet service,No,One year,No,Electronic check,114.03,3490.77,Yes
CUST-4409,Male,0,Yes,No,34,Yes,No phone service,DSL,No,No internet service,Yes,No,No,Yes,Month-to-month,No,Bank transfer (automatic),105.23,3617.91,Yes
CUST-4410,Female,0,No,No,59,Yes,Yes,DSL,Yes,No,No,Yes,No,No,Two year,No,Electronic check,48.05,2845.24,No
CUST-4411,Male,0,No,Yes,5,Yes,No,Fiber optic,No,No internet service,No,No,No internet service,No internet service,Month-to-month,No,Bank transfer (automatic),34.26,127.58,Yes
CUST-4412,Female,1,No,No,68,Yes,Yes,DSL,Yes,No,No,No internet service,No,Yes,Month-to-month,Yes,Bank transfer (automatic),62.01,4282.99,Yes
CUST-4413,Male,0,No,Yes,57,Yes,No,Fiber optic,Yes,Yes,No internet service,No,Yes,No,Two year,No,Mailed check,58.64,3359.87,No
CUST-4414,Male,0,No,No,48,Yes,No,No,Yes,Yes,No,No internet service,No,Yes,One year,Yes,Credit card (automatic),76.11,3590.88,Yes
CUST-4415,Male,0,No,No,22,Yes,No,No,Yes,No internet service,No internet service,No,No,Yes,Month-to-month,No,Electronic check,76.88,1645.67,Yes
CUST-4416,Male,0,No,No,33,Yes,No,DSL,No internet service,Yes,Yes,No internet service,No,Yes,Month-to-month,Yes,Mailed check,93.62,3026.27,Yes
CUST-4417,Male,0,Yes,No,25,Yes,Yes,DSL,No,Yes,Yes,No,Yes,No,Two year,No,Electronic check,69.49,1634.65,No
CUST-4418,Male,0,Yes,Yes,46,Yes,Yes,DSL,No,No internet service,No internet service,No,No,No,Two year,Yes,Electronic check,28.78,1343.31,Yes
CUST-4419,Female,0,Yes,No,4,Yes,No,Fiber optic,No internet service,No internet service,No,Yes,No,Yes,Month-to-month,Yes,Credit card (automatic),104.51,356.15,No
CUST-4420,Female,0,Yes,Yes,19,Yes,Yes,Fiber optic,Yes,No,No,No internet service,No,No,One year,No,Electronic check,49.38,900.42,No
CUST-4421,Male,0,No,Yes,5,Yes,No,No,Yes,Yes,No internet service,No,Yes,No,Month-to-month,No,Credit card (automatic),115.87,581.29,Yes
CUST-4422,Female,0,Yes,Yes,69,Yes,Yes,Fiber optic,No,Yes,No,Yes,No,No,Month-to-month,No,Bank transfer (automatic),30.09,2066.82,No
CUST-4423,Male,0,No,Yes,58,Yes,Yes,DSL,No,No,No,No,No,No internet service,Month-to-month,Yes,Bank transfer (automatic),114.55,6608.23,Yes
CUST-4424,Female,0,Yes,No,63,Yes,No,Fiber optic,No internet service,Yes,No,No,No,No internet service,Month-to-month,Yes,Electronic check,27.4,1802.15,Yes
CUST-4425,Female,0,Yes,Yes,17,No,Yes,DSL,No,No,No internet service,Yes,Yes,No internet service,Month-to-month,Yes,Electronic check,41.47,628.66,Yes
CUST-4426,Male,1,No,Yes,3,Yes,No,DSL,No,No,No,No,Yes,No,Month-to-month,Yes,Bank transfer (automatic),22.93,-5.38,Yes
CUST-4427,Female,0,Yes,Yes,16,No,No,DSL,No,Yes,No,Yes,Yes,No,Month-to-month,No,Bank transfer (automatic),89.11,1448.65,Yes
CUST-4428,Male,0,Yes,No,13,Yes,Yes,DSL,Yes,No internet service,Yes,No,No internet service,No,Month-to-month,No,Credit card (automatic),103.71,1316.92,Yes
CUST-4429,Male,0,Yes,No,12,Yes,No,Fiber optic,No,Yes,No,No,No,No internet service,Month-to-month,Yes,Bank transfer (automatic),61.87,709.18,Yes
CUST-4430,Female,0,Yes,No,6,Yes,Yes,Fiber optic,No,No,No internet service,Yes,No,Yes,Month-to-month,Yes,Electronic check,111.57,615.47,Yes
CUST-4431,Male,1,Yes,No,43,Yes,Yes,DSL,No internet service,No internet service,No,No,No,No,One year,No,Mailed check,77.58,3352.85,Yes
CUST-4432,Female,1,No,No,14,Yes,Yes,No,No,No internet service,No internet service,No,Yes,No,Month-to-month,No,Bank transfer (automatic),81.57,1153.26,Yes
CUST-4433,Male,0,Yes,Yes,18,Yes,No,Fiber optic,No,Yes,No internet service,Yes,No internet service,No,One year,Yes,Mailed check,103.21,1863.74,No
CUST-4434,Female,0,No,No,62,No,No phone service,DSL,No,No internet service,No,No,No,Yes,Month-to-month,Yes,Mailed check,48.08,2951.81,Yes
CUST-4435,Female,0,Yes,No,34,Yes,No,DSL,Yes,No,No,Yes,No internet service,No,Month-to-month,Yes,Electronic check,53.85,1793.35,No
CUST-4436,Female,0,Yes,No,34,Yes,Yes,Fiber optic,No internet service,Yes,Yes,No internet service,No,No internet service,One year,Yes,Credit card (automatic),109.3,3708.05,No
CUST-4437,Male,1,No,No,18,Yes,Yes,No,Yes,No internet service,No,No,No,No,Two year,No,Electronic check,108.8,2006.73,Yes
CUST-4438,Female,0,No,No,19,Yes,No,Fiber optic,Yes,No,Yes,No,No internet service,Yes,Month-to-month,Yes,Electronic check,116.39,2289.82,Yes
CUST-4439,Female,0,Yes,No,34,Yes,Yes,No,Yes,Yes,No,No,No internet service,No,Month-to-month,Yes,Electronic check,108.88,3757.49,Yes
CUST-4440,Male,0,Yes,No,31,Yes,No,Fiber optic,Yes,No,No,No,No,Yes,One year,Yes,Bank transfer (automatic),31.05,987.84,No
CUST-4441,Female,1,Yes,Yes,47,Yes,No phone service,Fiber optic,No,No internet service,No,No,No,Yes,Two year,No,Mailed check,101.03,4797.52,No
CUST-4442,Female,0,No,No,43,Yes,Yes,Fiber optic,No internet service,No,Yes,No,Yes,Yes,Two year,No,Credit card (automatic),59.44,2496.82,Yes
CUST-4443,Male,0,Yes,No,23,Yes,No,Fiber optic,No,No,No internet service,No internet service,No,No,Month-to-month,Yes,Electronic check,117.83,2674.4,Yes
CUST-4444,Female,0,Yes,No,60,Yes,Yes,Fiber optic,No,Yes,No,Yes,No,No,Month-to-month,Yes,Electronic check,65.71,3968.82,Yes
CUST-4445,Female,0,No,No,16,Yes,Yes,No,Yes,No,No,Yes,Yes,Yes,One year,No,Electronic check,73.91,1176.65,No
CUST-4446,Male,0,No,No,70,Yes,Yes,DSL,No internet service,No,Yes,No internet service,No,No,One year,No,Credit card (automatic),71.49,5021.18,Yes
CUST-4447,Male,0,Yes,Yes,49,No,No,Fiber optic,Yes,No internet service,No,No,No,No,One year,Yes,Bank transfer (automatic),50.58,2527.39,No
CUST-4448,Male,0,Yes,Yes,64,Yes,No,Fiber optic,No,No,No,No,No internet service,No,Two year,Yes,Mailed check,25.79,1691.76,No
CUST-4449,Female,0,No,No,31,Yes,Yes,Fiber optic,No,No,No,Yes,Yes,Yes,One year,Yes,Electronic check,108.26,3301.51,Yes
CUST-4450,Male,0,Yes,Yes,35,Yes,Yes,DSL,Yes,No internet service,No,No,Yes,Yes,Month-to-month,Yes,Electronic check,98.92,3462.79,Yes
CUST-4451,Male,0,Yes,No,12,Yes,No,Fiber optic,No,No,No internet service,No,No,No,Month-to-month,Yes,Electronic check,32.27,341.2,Yes
CUST-4452,Male,0,Yes,No,69,Yes,Yes,Fiber optic,No internet service,No,No,No,Yes,Yes,One year,Yes,Bank transfer (automatic),96.32,6607.21,Yes
CUST-4453,Female,0,Yes,Yes,57,Yes,Yes,Fiber optic,No,No internet service,No,No,No,No,Month-to-month,Yes,Bank transfer (automatic),81.15,4540.01,Yes
CUST-4454,Male,0,Yes,No,13,Yes,Yes,Fiber optic,No internet service,No,No,No internet service,Yes,No,Month-to-month,Yes,Mailed check,59.37,778.49,Yes
CUST-4455,Male,1,No,No,36,Yes,Yes,Fiber optic,Yes,No,No,No,No,Yes,Month-to-month,No,Mailed check,43.78,1486.84,Yes
CUST-4456,Male,0,No,Yes,67,Yes,No,Fiber optic,Yes,No,Yes,No,Yes,No internet service,Month-to-month,Yes,Bank transfer (automatic),104.65,7031.26,Yes
CUST-4457,Female,0,No,No,39,Yes,Yes,No,No,No,No,No,No,No,Month-to-month,Yes,Bank transfer (automatic),88.62,3524.1,Yes
CUST-4458,Male,0,No,No,58,Yes,No,No,No internet service,Yes,No,No,No,Yes,Two year,No,Mailed check,73.3,4277.92,No
CUST-4459,Male,0,No,No,15,Yes,Yes,DSL,Yes,Yes,No,No,No,No,Month-to-month,Yes,Mailed check,79.51,1195.24,Yes
CUST-4460,Female,1,Yes,No,61,Yes,Yes,DSL,No,Yes,No,No,No internet service,No,Month-to-month,Yes,Electronic check,27.4,1748.12,Yes
CUST-4461,Female,0,No,No,3,Yes,Yes,DSL,No,No,No,No,No,No,Month-to-month,Yes,Electronic check,65.88,214.01,Yes
CUST-4462,Male,0,Yes,No,44,Yes,No,Fiber optic,No internet service,No,No,No,Yes,No,Month-to-month,No,Bank transfer (automatic),37.72,1616.54,Yes
CUST-4463,Male,1,No,No,27,Yes,No,No,No internet service,No internet service,No,No,Yes,No,Two year,Yes,Mailed check,39.19,1064.39,No
CUST-4464,Female,0,Yes,No,65,Yes,No,Fiber optic,No internet service,No,Yes,No,No internet service,Yes,Two year,No,Electronic check,84.71,5604.13,Yes
CUST-4465,Male,0,No,Yes,30,Yes,Yes,No,No internet service,Yes,No,Yes,Yes,No,Month-to-month,Yes,Mailed check,109.83,3240.27,Yes
CUST-4466,Male,0,No,No,2,Yes,No,DSL,Yes,No,No,Yes,No,No,One year,No,Credit card (automatic),58.83,48.65,No
CUST-4467,Female,1,Yes,Yes,7,Yes,Yes,Fiber optic,No,No,Yes,No,No internet service,No,Month-to-month,Yes,Electronic check,39.13,304.66,Yes
CUST-4468,Male,0,Yes,Yes,23,Yes,Yes,DSL,No internet service,No internet service,No internet service,No,No,Yes,Two year,Yes,Credit card (automatic),83.45,1908.15,Yes
CUST-4469,Female,0,Yes,No,14,Yes,No,DSL,No internet service,No,No,No,Yes,No internet service,Month-to-month,No,Electronic check,105.8,1454.6,Yes
CUST-4470,Female,0,Yes,No,42,Yes,No,Fiber optic,Yes,No,No internet service,No,No,No,Month-to-month,No,Credit card (automatic),93.46,3862.36,Yes
CUST-4471,Male,0,No,No,30,Yes,No,DSL,No,Yes,No,No,Yes,No,One year,Yes,Bank transfer (automatic),105.56,3069.29,Yes
CUST-4472,Female,0,Yes,No,72,Yes,No,Fiber optic,No,No internet service,No internet service,No,No,Yes,Two year,Yes,Electronic check,72.17,5123.42,Yes
CUST-4473,Female,0,Yes,No,44,Yes,No,Fiber optic,No,No,No,No,No,No internet service,Month-to-month,Yes,Electronic check,93.81,4208.39,Yes
CUST-4474,Male,0,Yes,No,65,Yes,No phone service,No,Yes,Yes,No,Yes,No,Yes,One year,Yes,Electronic check,32.33,2101.01,Yes
CUST-4475,Male,0,Yes,Yes,7,Yes,No phone service,DSL,No internet service,Yes,No internet service,No,No,Yes,Month-to-month,Yes,Bank transfer (automatic),53.25,274.63,No
CUST-4476,Female,0,No,No,70,Yes,No,No,No,No,Yes,No,Yes,No internet service,Two year,Yes,Electronic check,57.4,4077.2,Yes
CUST-4477,Female,0,No,No,56,No,No,No,Yes,Yes,No,No,No,No internet service,Month-to-month,Yes,Credit card (automatic),69.64,3961.58,Yes
CUST-4478,Male,0,Yes,No,29,Yes,No,No,No,Yes,No internet service,No internet service,No,Yes,Two year,Yes,Mailed check,111.62,3298.44,Yes
CUST-4479,Male,0,No,No,17,Yes,No phone service,Fiber optic,No internet service,No,No internet service,No,Yes,No internet service,Month-to-month,Yes,Electronic check,106.12,1782.91,Yes
CUST-4480,Female,0,No,Yes,68,Yes,Yes,Fiber optic,No,No,Yes,No internet service,No,Yes,Month-to-month,No,Credit card (automatic),31.77,2146.92,Yes
CUST-4481,Male,0,No,No,38,Yes,Yes,Fiber optic,Yes,No,No internet service,Yes,No,No,Two year,Yes,Credit card (automatic),35.62,1360.44,No
CUST-4482,Female,1,Yes,Yes,59,No,Yes,Fiber optic,No,No internet service,No,No,Yes,Yes,Two year,Yes,Bank transfer (automatic),54.19,3267.26,Yes
CUST-4483,Male,0,Yes,No,42,Yes,Yes,Fiber optic,Yes,No,No internet service,No,No internet service,No,One year,No,Mailed check,47.47,1965.99,Yes
CUST-4484,Female,0,Yes,Yes,44,Yes,Yes,Fiber optic,Yes,No,No,No,No,No internet service,Month-to-month,No,Electronic check,80.03,3483.6,Yes
CUST-4485,Female,1,No,No,22,Yes,No,No,No,No,No,Yes,Yes,No,Month-to-month,Yes,Credit card (automatic),108.98,2432.34,Yes
CUST-4486,Female,0,No,Yes,68,Yes,No,Fiber optic,Yes,Yes,No,No internet service,No internet service,Yes,Month-to-month,Yes,Electronic check,114.96,7877.74,Yes
CUST-4487,Male,0,Yes,No,5,Yes,Yes,DSL,No,No,No,No internet service,No,No,Month-to-month,No,Bank transfer (automatic),83.94,417.06,No
CUST-4488,Female,0,No,No,55,Yes,No,Fiber optic,No,No,No internet service,No,No internet service,Yes,One year,Yes,Mailed check,102.48,5669.92,Yes
CUST-4489,Male,0,Yes,No,3,Yes,Yes,DSL,No,No,Yes,No internet service,No,No internet service,Month-to-month,Yes,Mailed check,71.03,218.71,No
CUST-4490,Male,0,Yes,No,22,Yes,No,Fiber optic,Yes,No,Yes,No,No internet service,Yes,One year,No,Bank transfer (automatic),39.19,849.62,Yes
CUST-4491,Female,0,Yes,Yes,5,Yes,No,DSL,No,No,No,No internet service,No internet service,No,One year,No,Credit card (automatic),70.98,313.44,No
CUST-4492,Male,0,Yes,No,31,Yes,No,Fiber optic,No internet service,No,No,Yes,No,Yes,Month-to-month,No,Bank transfer (automatic),74.04,2237.55,Yes
CUST-4493,Male,0,No,No,17,Yes,Yes,No,No,No,No internet service,No,No,No,One year,Yes,Electronic check,92.87,1548.05,Yes
CUST-4494,Female,0,No,No,14,Yes,No,Fiber optic,No internet service,Yes,No,Yes,No,No,One year,No,Bank transfer (automatic),40.35,516.1,No
CUST-4495,Female,0,Yes,Yes,39,Yes,Yes,DSL,No,No,Yes,Yes,Yes,No,One year,Yes,Electronic check,55.27,2169.7,No
CUST-4496,Male,0,Yes,No,72,Yes,Yes,Fiber optic,No,No internet service,No internet service,No,No,No,Month-to-month,Yes,Credit card (automatic),54.83,4008.64,Yes
CUST-4497,Female,0,No,No,5,Yes,Yes,DSL,Yes,Yes,Yes,No,No,Yes,One year,Yes,Electronic check,114.67,583.55,Yes
CUST-4498,Female,1,No,No,62,Yes,Yes,Fiber optic,No,Yes,No,No,Yes,No internet service,Month-to-month,No,Credit card (automatic),62.87,3851.9,Yes
CUST-4499,Female,0,Yes,No,66,Yes,No,Fiber optic,No,No,No,No,No,No,Month-to-month,No,Electronic check,94.14,6256.01,Yes
CUST-4500,Male,1,No,Yes,10,Yes,Yes,No,No,No,No,No internet service,No internet service,No internet service,Two year,Yes,Credit card (automatic),93.71,951.94,No
CUST-4501,Female,0,Yes,No,42,Yes,No,DSL,No,No,No,Yes,No internet service,No,One year,Yes,Mailed check,44.94,1912.22,Yes
CUST-4502,Male,1,No,No,16,Yes,No,Fiber optic,No,No internet service,No,No internet service,No,No,Month-to-month,Yes,Mailed check,75.72,1185.55,No
CUST-4503,Female,0,No,Yes,3,Yes,Yes,No,Yes,No,No,Yes,No internet service,No internet service,One year,No,Mailed check,108.13,381.06,No
CUST-4504,Male,0,No,No,62,Yes,Yes,No,No internet service,Yes,No internet service,Yes,No internet service,Yes,Two year,Yes,Bank transfer (automatic),66.01,4149.03,No
CUST-4505,Female,0,Yes,No,67,Yes,No,DSL,Yes,No,No,No internet service,Yes,Yes,Month-to-month,Yes,Bank transfer (automatic),113.23,7577.21,Yes
CUST-4506,Female,1,No,No,40,Yes,Yes,Fiber optic,Yes,No,No,No,No,No,Two year,Yes,Credit card (automatic),39.8,1627.92,No
CUST-4507,Male,0,No,No,4,Yes,Yes,DSL,No,No,No,Yes,No,No internet service,One year,Yes,Electronic check,25.7,157.87,No
CUST-4508,Female,0,No,No,31,Yes,No,Fiber optic,No internet service,No internet service,No,Yes,No,No internet service,Two year,Yes,Bank transfer (automatic),107.84,3319.77,No
CUST-4509,Female,0,No,No,69,Yes,No,DSL,Yes,No,No,No,Yes,No,Month-to-month,Yes,Electronic check,103.44,7133.3,Yes
CUST-4510,Female,0,Yes,Yes,34,Yes,Yes,No,Yes,No,No,No internet service,No,Yes,Month-to-month,Yes,Mailed check,118.01,4016.33,Yes
CUST-4511,Female,0,No,No,21,Yes,No,DSL,Yes,No,No,No,No,No,Two year,No,Mailed check,86.53,1762.24,No
CUST-4512,Male,0,No,No,64,Yes,No,Fiber optic,No,No,Yes,No,No,No internet service,Month-to-month,Yes,Credit card (automatic),112.39,7215.04,Yes
CUST-4513,Female,0,Yes,Yes,21,Yes,Yes,Fiber optic,No,Yes,No,No,No internet service,No internet service,Month-to-month,No,Electronic check,101.36,2179.69,Yes
CUST-4514,Male,0,Yes,Yes,10,Yes,Yes,No,No,No internet service,No,Yes,No,Yes,One year,Yes,Electronic check,103.11,1023.91,No
CUST-4515,Male,0,No,Yes,2,Yes,Yes,Fiber optic,No,No,Yes,Yes,No,No,Month-to-month,No,Electronic check,75.45,167.89,Yes
CUST-4516,Male,0,No,No,8,Yes,Yes,DSL,No,No,No internet service,No,No,No,Two year,Yes,Credit card (automatic),56.68,523.37,No
CUST-4517,Female,0,Yes,No,59,Yes,No,DSL,No internet service,No,No,No,No,No,One year,Yes,Mailed check,112.17,6597.77,Yes
CUST-4518,Female,0,Yes,Yes,13,Yes,Yes,DSL,No internet service,No,No,No,No,Yes,Two year,Yes,Electronic check,61.68,819.85,No
CUST-4519,Male,1,Yes,No,17,No,No phone service,Fiber optic,No,No,Yes,Yes,Yes,No,Two year,Yes,Bank transfer (automatic),72.4,1202.31,No
CUST-4520,Male,0,Yes,No,72,Yes,Yes,Fiber optic,No internet service,No,No,Yes,No,No,Month-to-month,No,Electronic check,63.08,4511.9,Yes
CUST-4521,Male,0,No,No,22,Yes,No,Fiber optic,No internet service,No,No,No,Yes,No,Month-to-month,No,Mailed check,75.01,1667.31,Yes
CUST-4522,Female,0,Yes,No,46,Yes,No,DSL,No,No internet service,No,No internet service,No,No,Two year,Yes,Bank transfer (automatic),65.54,3026.91,No
CUST-4523,Male,0,No,No,68,Yes,No,Fiber optic,No,No internet service,No,No,No,Yes,Month-to-month,Yes,Mailed check,23.07,1596.51,Yes
CUST-4524,Female,0,Yes,No,46,Yes,No,Fiber optic,No,No,Yes,No,No,No,Two year,Yes,Mailed check,106.9,4921.21,No
CUST-4525,Male,0,No,No,29,Yes,Yes,No,No,No,Yes,No,No,No,One year,Yes,Credit card (automatic),62.91,1847.65,No
CUST-4526,Female,0,Yes,Yes,24,Yes,Yes,Fiber optic,No,Yes,Yes,Yes,No,No internet service,Month-to-month,No,Electronic check,77.44,1941.84,Yes
CUST-4527,Male,0,Yes,Yes,27,Yes,No phone service,DSL,No,No,No,Yes,No,No,Two year,No,Bank transfer (automatic),32.24,923.48,Yes
CUST-4528,Female,1,No,No,24,No,Yes,Fiber optic,Yes,No internet service,No internet service,No internet service,No internet service,No,Month-to-month,Yes,Electronic check,18.59,463.08,No
CUST-4529,Female,0,No,No,57,Yes,No,DSL,No internet service,No,No,Yes,No,No,Month-to-month,No,Bank transfer (automatic),42.9,2470.55,Yes
CUST-4530,Female,0,Yes,Yes,40,Yes,No,Fiber optic,Yes,No,No,No,No,No,One year,Yes,Credit card (automatic),89.06,3547.45,Yes
CUST-4531,Male,0,No,No,24,Yes,Yes,Fiber optic,No internet service,No internet service,No,No,No,No internet service,Two year,Yes,Electronic check,28.22,669.32,No
CUST-4532,Female,0,Yes,No,47,Yes,Yes,DSL,No internet service,No,Yes,No,No,Yes,Month-to-month,Yes,Bank transfer (automatic),109.59,5175.35,Yes
CUST-4533,Male,0,Yes,No,9,Yes,Yes,DSL,No internet service,No internet service,Yes,No internet service,Yes,No internet service,Month-to-month,Yes,Credit card (automatic),39.86,363.12,No
CUST-4534,Female,0,Yes,No,10,Yes,Yes,DSL,No internet service,No,No,No internet service,No,No,Month-to-month,No,Credit card (automatic),38.81,427.75,No
CUST-4535,Female,1,No,No,20,Yes,Yes,No,No internet service,No,No,No,Yes,No internet service,Month-to-month,Yes,Electronic check,36.49,793.15,No
CUST-4536,Female,1,Yes,No,44,Yes,Yes,DSL,No,No,No,No,No,No,Month-to-month,No,Electronic check,19.66,859.95,No
CUST-4537,Female,0,No,No,6,Yes,Yes,Fiber optic,Yes,No,No,No,No,No internet service,Month-to-month,No,Mailed check,95.82,474.46,Yes
CUST-4538,Male,0,No,No,63,Yes,Yes,DSL,No,No,No,No internet service,No,No,One year,Yes,Credit card (automatic),106.19,6791.68,Yes
CUST-4539,Female,1,Yes,Yes,63,Yes,No,Fiber optic,Yes,Yes,No,No,No,No,Two year,No,Credit card (automatic),79.97,5005.49,No
CUST-4540,Male,0,No,No,1,Yes,Yes,Fiber optic,No internet service,Yes,No internet service,No internet service,No,No internet service,Month-to-month,No,Bank transfer (automatic),37.16,46.92,Yes
CUST-4541,Female,0,Yes,Yes,41,Yes,Yes,No,No internet service,Yes,Yes,No,No internet service,No internet service,Month-to-month,Yes,Credit card (automatic),46.92,1960.09,Yes
CUST-4542,Female,0,Yes,No,53,Yes,No,DSL,No internet service,No,No,Yes,No internet service,No internet service,Two year,No,Electronic check,66.08,3572.69,Yes
CUST-4543,Male,0,Yes,No,15,Yes,No,Fiber optic,No,No internet service,No,No internet service,No internet service,No internet service,One year,Yes,Electronic check,114.16,1802.7,Yes
CUST-4544,Male,0,Yes,No,17,Yes,No,Fiber optic,Yes,No,No,No internet service,Yes,No,Two year,No,Electronic check,43.11,714.68,No
CUST-4545,Male,0,Yes,No,58,Yes,Yes,No,No,No,No,No,Yes,Yes,Month-to-month,Yes,Bank transfer (automatic),91.78,5382.72,Yes
CUST-4546,Male,0,Yes,No,15,Yes,No,DSL,No,No,Yes,No internet service,No,No,Month-to-month,No,Mailed check,62.41,946.05,No
CUST-4547,Male,0,No,Yes,5,Yes,No,DSL,No internet service,No,Yes,No,No,No internet service,Month-to-month,No,Electronic check,48.18,378.06,Yes
CUST-4548,Male,0,Yes,No,56,Yes,No,Fiber optic,No,No,Yes,No,No,No,One year,Yes,Bank transfer (automatic),64.07,3642.94,Yes
CUST-4549,Male,0,No,Yes,46,Yes,No,DSL,Yes,Yes,No internet service,No,No internet service,No internet service,Month-to-month,No,Mailed check,25.41,1159.99,Yes
CUST-4550,Male,0,No,No,47,Yes,Yes,DSL,No internet service,No,No,No,No,No internet service,One year,Yes,Credit card (automatic),98.52,4590.79,Yes
CUST-4551,Female,0,No,Yes,41,Yes,Yes,Fiber optic,No,Yes,No,No,No,No internet service,Month-to-month,Yes,Credit card (automatic),42.7,1619.37,Yes
CUST-4552,Male,0,No,Yes,59,Yes,Yes,Fiber optic,No internet service,No,Yes,No,Yes,Yes,Month-to-month,No,Electronic check,91.15,5411.58,Yes
CUST-4553,Female,0,No,Yes,3,Yes,No,Fiber optic,Yes,No,No,No,No,No,One year,No,Bank transfer (automatic),25.12,125.78,No
CUST-4554,Male,1,Yes,No,1,Yes,No phone service,Fiber optic,No,No,No,No,No internet service,No,Month-to-month,Yes,Mailed check,114.24,151.51,Yes
CUST-4555,Male,0,Yes,Yes,58,Yes,Yes,Fiber optic,No,No,No,No,No,No,One year,No,Bank transfer (automatic),37.65,2066.03,Yes
CUST-4556,Male,0,No,No,26,Yes,No phone service,Fiber optic,No internet service,No,No,Yes,Yes,No,Month-to-month,No,Mailed check,106.97,2718.32,No
CUST-4557,Male,0,Yes,No,26,Yes,No,Fiber optic,No internet service,No internet service,No internet service,No,Yes,No,Month-to-month,No,Credit card (automatic),99.6,2613.64,Yes
CUST-4558,Female,0,Yes,No,71,Yes,No,Fiber optic,No,No,No,No,No,No,Month-to-month,Yes,Bank transfer (automatic),115.52,8291.2,Yes
CUST-4559,Male,0,Yes,No,6,No,No,DSL,No,No internet service,No internet service,No,No,No internet service,Month-to-month,Yes,Mailed check,66.28,394.9,No
CUST-4560,Male,0,No,No,62,Yes,Yes,DSL,No,No,No,No internet service,No,No,Month-to-month,No,Bank transfer (automatic),91.35,5718.28,Yes
CUST-4561,Male,0,Yes,No,45,Yes,Yes,Fiber optic,No internet service,No,No,No,No,No,One year,No,Bank transfer (automatic),55.51,2446.23,No
CUST-4562,Male,0,No,Yes,62,Yes,No,Fiber optic,No,No internet service,No,No,No,Yes,Two year,Yes,Credit card (automatic),36.78,2290.72,No
CUST-4563,Male,1,Yes,No,11,Yes,No,Fiber optic,No internet service,No,No,No internet service,No,No,Month-to-month,Yes,Mailed check,62.78,676.85,Yes
CUST-4564,Male,0,No,No,12,Yes,No,Fiber optic,No,No,No,No internet service,No,No internet service,Month-to-month,Yes,Mailed check,34.91,478.3,No
CUST-4565,Female,0,Yes,No,42,No,Yes,DSL,Yes,No internet service,No,No internet service,Yes,No,Two year,No,Electronic check,116.95,4884.91,Yes
CUST-4566,Male,0,No,Yes,16,Yes,No,DSL,No,No internet service,Yes,No internet service,No internet service,Yes,Month-to-month,No,Electronic check,27.92,530.57,No
CUST-4567,Female,0,Yes,No,62,Yes,Yes,DSL,No internet service,No,No,No,No,Yes,Month-to-month,No,Mailed check,77.47,4787.75,Yes
CUST-4568,Female,0,Yes,No,35,Yes,Yes,Fiber optic,No,No,No,No,No internet service,No,Month-to-month,Yes,Electronic check,81.21,2788.86,No
CUST-4569,Male,1,No,Yes,7,Yes,Yes,Fiber optic,Yes,Yes,Yes,Yes,Yes,No internet service,One year,Yes,Electronic check,72.33,454.49,No
CUST-4570,Male,0,Yes,Yes,68,Yes,Yes,Fiber optic,Yes,No internet service,No,Yes,No,No internet service,Month-to-month,No,Bank transfer (automatic),84.8,5735.28,Yes
CUST-4571,Male,0,No,No,35,Yes,No,Fiber optic,No,No internet service,No,No internet service,No internet service,No internet service,One year,No,Electronic check,29.93,1066.08,Yes
CUST-4572,Female,0,Yes,No,27,No,No phone service,No,Yes,No internet service,No internet service,Yes,No,Yes,Month-to-month,Yes,Mailed check,74.03,1968.31,Yes
CUST-4573,Male,0,Yes,No,46,Yes,Yes,No,Yes,No,Yes,Yes,No,Yes,Month-to-month,Yes,Mailed check,47.11,2126.04,Yes
CUST-4574,Female,0,No,No,29,Yes,Yes,Fiber optic,No,No,No,No,Yes,No,Month-to-month,Yes,Mailed check,112.74,3313.95,Yes
CUST-4575,Male,0,No,No,22,Yes,No,No,No,No internet service,No,No,No,No internet service,One year,Yes,Electronic check,94.84,1925.92,Yes
CUST-4576,Male,0,No,No,15,Yes,No,Fiber optic,Yes,No,No,Yes,No,No,One year,No,Electronic check,115.99,1718.36,Yes
CUST-4577,Female,1,No,No,13,Yes,Yes,No,No internet service,No,No,Yes,Yes,No,Month-to-month,Yes,Electronic check,22.02,219.55,No
CUST-4578,Male,0,No,No,70,Yes,Yes,No,Yes,No,No,Yes,No,No internet service,Month-to-month,Yes,Electronic check,46.91,3240.27,Yes
CUST-4579,Male,1,No,No,51,Yes,No,No,No,No,No internet service,No,No internet service,Yes,One year,Yes,Bank transfer (automatic),37.89,1944.58,Yes
CUST-4580,Male,1,Yes,Yes,36,Yes,No,Fiber optic,No,Yes,Yes,No,No internet service,No internet service,Two year,Yes,Electronic check,19.37,687.06,No
CUST-4581,Female,0,Yes,No,28,Yes,No phone service,Fiber optic,No internet service,No internet service,No internet service,No,No,No,Month-to-month,Yes,Mailed check,42.6,1178.02,No
CUST-4582,Female,0,Yes,No,66,Yes,No,Fiber optic,No,No internet service,No,No internet service,Yes,Yes,One year,No,Credit card (automatic),86.47,5766.5,Yes
CUST-4583,Female,0,Yes,No,14,Yes,No,DSL,Yes,No internet service,No internet service,No internet service,No internet service,No internet service,Month-to-month,Yes,Electronic check,41.47,579.9,No
CUST-4584,Female,0,No,Yes,46,Yes,No phone service,Fiber optic,Yes,No,No internet service,No,Yes,No,Month-to-month,No,Electronic check,69.4,3282.7,Yes
CUST-4585,Male,0,No,Yes,45,Yes,Yes,No,Yes,No internet service,No,Yes,No,Yes,Month-to-month,No,Electronic check,107.48,4872.21,Yes
CUST-4586,Female,0,Yes,No,51,Yes,Yes,DSL,No internet service,No,No internet service,No internet service,Yes,No internet service,Two year,Yes,Bank transfer (automatic),87.97,4438.13,No
CUST-4587,Female,1,Yes,No,18,Yes,No phone service,Fiber optic,No,No,No,Yes,No,No,Month-to-month,Yes,Credit card (automatic),57.91,1139.08,No
CUST-4588,Male,1,Yes,Yes,20,Yes,No,Fiber optic,No internet service,No internet service,No,No,No,No,Two year,No,Bank transfer (automatic),55.68,1127.51,No
CUST-4589,Female,0,No,No,63,Yes,Yes,Fiber optic,No,Yes,No,No,Yes,Yes,One year,No,Credit card (automatic),64.05,4128.74,Yes
CUST-4590,Male,1,No,Yes,36,No,Yes,No,Yes,No,No internet service,No internet service,No,No,Two year,No,Bank transfer (automatic),36.04,1284.14,No
CUST-4591,Male,1,Yes,No,26,Yes,Yes,No,No,No internet service,Yes,No,Yes,Yes,Month-to-month,Yes,Mailed check,81.97,2144.83,No
CUST-4592,Female,0,Yes,No,54,Yes,Yes,Fiber optic,Yes,No,No internet service,No,No,No,Month-to-month,Yes,Bank transfer (automatic),54.85,2983.51,Yes
CUST-4593,Male,0,No,No,28,No,No,DSL,No internet service,No,Yes,No,No,No,Two year,No,Electronic check,103.91,2901.07,No
CUST-4594,Female,0,Yes,Yes,19,Yes,Yes,Fiber optic,Yes,Yes,Yes,No internet service,No internet service,No,One year,No,Electronic check,94.28,1854.92,No
CUST-4595,Male,0,No,No,24,Yes,Yes,Fiber optic,Yes,No,No,Yes,No,No,Two year,Yes,Credit card (automatic),79.61,2007.27,No
CUST-4596,Female,0,Yes,No,69,Yes,Yes,Fiber optic,No,Yes,No,No internet service,Yes,Yes,Month-to-month,Yes,Electronic check,54.85,3669.98,Yes
CUST-4597,Female,0,No,No,62,Yes,No,DSL,No internet service,No,No,No,No,Yes,Month-to-month,No,Bank transfer (automatic),39.35,2480.44,Yes
CUST-4598,Male,0,No,Yes,35,Yes,No,Fiber optic,No,No,No,Yes,No,No,One year,Yes,Credit card (automatic),96.25,3324.02,Yes
CUST-4599,Female,0,No,No,1,No,No phone service,DSL,No,No,No,No,No,No,Month-to-month,No,Credit card (automatic),67.13,-62.51,Yes
CUST-4600,Female,0,No,No,21,Yes,Yes,Fiber optic,Yes,No,No internet service,No,No,Yes,One year,Yes,Mailed check,40.84,883.49,Yes
CUST-4601,Female,0,Yes,Yes,15,Yes,No phone service,DSL,Yes,No,No,No,No,No,Month-to-month,Yes,Mailed check,37.87,594.01,Yes
CUST-4602,Female,0,Yes,Yes,17,Yes,No,Fiber optic,Yes,No internet service,No,No,No internet service,No,Month-to-month,No,Bank transfer (automatic),34.87,626.8,Yes
CUST-4603,Male,1,No,No,68,Yes,Yes,DSL,No internet service,No,No internet service,No internet service,No,No internet service,Month-to-month,Yes,Mailed check,96.35,6570.35,Yes
CUST-4604,Female,0,Yes,No,53,Yes,Yes,No,No,No,No,No internet service,No,No,Month-to-month,No,Credit card (automatic),41.26,2230.53,No
CUST-4605,Male,0,Yes,No,29,Yes,Yes,Fiber optic,Yes,No,No,No,No,No,Month-to-month,No,Electronic check,71.18,2034.07,No
CUST-4606,Male,0,No,Yes,44,Yes,Yes,DSL,Yes,No,No,Yes,No,Yes,One year,Yes,Credit card (automatic),63.63,2812.89,Yes
CUST-4607,Male,0,Yes,No,18,Yes,Yes,Fiber optic,Yes,No internet service,No internet service,No,No,No,Month-to-month,No,Bank transfer (automatic),76.5,1411.91,Yes
CUST-4608,Female,0,No,Yes,33,Yes,No,No,No,No internet service,No,Yes,No internet service,No internet service,Month-to-month,No,Bank transfer (automatic),106.4,3578.85,Yes
CUST-4609,Male,0,Yes,Yes,12,Yes,Yes,Fiber optic,No,No,No internet service,Yes,Yes,No internet service,Two year,No,Credit card (automatic),105.46,1267.71,Yes
CUST-4610,Female,0,No,No,42,Yes,No,Fiber optic,Yes,No,Yes,No,No internet service,No,Month-to-month,No,Electronic check,63.58,2659.67,Yes
CUST-4611,Male,0,Yes,Yes,61,Yes,No,DSL,Yes,No,Yes,No internet service,No,Yes,Month-to-month,Yes,Electronic check,19.79,1204.43,Yes
CUST-4612,Male,0,No,Yes,21,Yes,No,Fiber optic,No,No internet service,No,Yes,No,No internet service,One year,No,Credit card (automatic),61.11,1223.63,Yes
CUST-4613,Female,0,No,No,51,Yes,No,Fiber optic,No,No internet service,No,No internet service,No internet service,No internet service,Two year,Yes,Electronic check,79.17,4076.15,No
CUST-4614,Male,0,No,Yes,51,Yes,Yes,Fiber optic,Yes,No internet service,No internet service,Yes,No,No,Month-to-month,Yes,Electronic check,74.31,3716.94,No
CUST-4615,Female,0,Yes,No,35,Yes,No,No,Yes,Yes,No internet service,Yes,No,No,Month-to-month,Yes,Credit card (automatic),83.71,2949.4,No
CUST-4616,Female,0,No,No,72,Yes,Yes,DSL,Yes,Yes,No,No internet service,Yes,No,One year,Yes,Credit card (automatic),33.73,2432.79,Yes
CUST-4617,Female,0,No,No,18,Yes,Yes,DSL,Yes,No internet service,No,No,No internet service,No,Month-to-month,No,Electronic check,83.23,1420.59,No
CUST-4618,Male,0,Yes,No,37,Yes,No,No,No,No,Yes,No internet service,No internet service,No,Two year,No,Bank transfer (automatic),36.61,1279.87,No
CUST-4619,Female,0,No,Yes,69,Yes,No phone service,Fiber optic,No,No,No,Yes,Yes,Yes,Two year,Yes,Electronic check,93.68,6421.24,Yes
CUST-4620,Female,0,No,No,56,Yes,No,DSL,Yes,No,No,No,No internet service,No,Two year,No,Electronic check,52.33,2913.28,No
CUST-4621,Female,0,Yes,No,19,Yes,No,Fiber optic,No,No internet service,No,No,Yes,Yes,Month-to-month,Yes,Mailed check,89.59,1776.23,No
CUST-4622,Male,0,No,Yes,8,Yes,No,No,No internet service,No internet service,No,No,No,No,Month-to-month,No,Electronic check,23.06,178.94,No
CUST-4623,Female,1,No,No,31,Yes,No,DSL,No,No internet service,No,No,No,No internet service,Two year,Yes,Mailed check,59.24,1863.76,No
CUST-4624,Female,0,No,Yes,3,Yes,Yes,DSL,Yes,No internet service,No,No internet service,Yes,No internet service,Month-to-month,No,Electronic check,89.11,330.66,No
CUST-4625,Male,0,No,No,49,Yes,No,DSL,Yes,Yes,No internet service,No,Yes,No,Month-to-month,No,Mailed check,41.05,2065.11,Yes
CUST-4626,Male,0,Yes,No,4,Yes,No,No,No internet service,No,No,No internet service,Yes,No,One year,Yes,Credit card (automatic),98.18,392.37,No
CUST-4627,Female,0,Yes,No,19,No,No,No,No,No,Yes,No internet service,No internet service,Yes,Month-to-month,Yes,Credit card (automatic),81.64,1515.88,No
CUST-4628,Female,0,No,No,36,Yes,Yes,Fiber optic,No internet service,No,No,No internet service,No,Yes,Month-to-month,Yes,Mailed check,77.3,2807.74,Yes
CUST-4629,Female,1,Yes,No,21,Yes,No,Fiber optic,No,No,Yes,No,No internet service,No,Two year,No,Credit card (automatic),53.78,1095.1,No
CUST-4630,Female,1,No,No,57,Yes,Yes,DSL,No,No,No,No,No internet service,No,Month-to-month,Yes,Electronic check,66.74,3894.92,Yes
CUST-4631,Female,1,No,No,67,Yes,No phone service,DSL,Yes,No,No internet service,No,No,No internet service,Month-to-month,Yes,Mailed check,78.28,5288.15,Yes
CUST-4632,Male,0,Yes,No,43,Yes,No phone service,No,No internet service,No,No,No,No internet service,No internet service,Month-to-month,Yes,Electronic check,65.73,2836.82,Yes
CUST-4633,Male,0,No,No,33,Yes,No,DSL,No,No,No internet service,No,Yes,No internet service,One year,Yes,Electronic check,88.43,2943.82,No
CUST-4634,Female,0,Yes,Yes,41,Yes,Yes,Fiber optic,No,Yes,No,No,No,No,Month-to-month,No,Credit card (automatic),61.84,2544.35,No
CUST-4635,Female,1,Yes,No,8,Yes,Yes,Fiber optic,No,Yes,No,No internet service,No,No internet service,Month-to-month,Yes,Electronic check,38.58,290.22,No
CUST-4636,Female,0,No,No,6,Yes,No,DSL,Yes,No,No,No,No,No,One year,Yes,Credit card (automatic),39.75,263.43,No
CUST-4637,Female,0,No,No,67,Yes,No,Fiber optic,Yes,No,No internet service,No,No,No,Two year,No,Mailed check,18.83,1249.47,No
CUST-4638,Male,0,Yes,No,18,Yes,No,Fiber optic,Yes,No,No,No internet service,No,No,Month-to-month,No,Bank transfer (automatic),48.5,969.83,Yes
CUST-4639,Female,0,Yes,No,30,Yes,No,Fiber optic,No,No,No,Yes,No,No internet service,Two year,Yes,Electronic check,93.52,2770.96,Yes
CUST-4640,Female,0,No,No,34,Yes,No,DSL,No,No,No,No,No,No,Month-to-month,Yes,Electronic check,98.06,3359.48,Yes
CUST-4641,Male,1,Yes,No,56,Yes,Yes,DSL,Yes,No,No,No,No internet service,No internet service,One year,Yes,Electronic check,38.6,2122.46,Yes
CUST-4642,Female,1,Yes,Yes,60,Yes,No,Fiber optic,No internet service,No,Yes,No,No,No internet service,Month-to-month,Yes,Electronic check,114.63,6838.14,Yes
CUST-4643,Male,0,No,No,30,Yes,No phone service,No,No internet service,Yes,No internet service,No,No,No,Month-to-month,No,Credit card (automatic),68.74,1972.9,No
CUST-4644,Female,0,No,No,52,Yes,Yes,DSL,Yes,No internet service,No,Yes,Yes,Yes,One year,No,Credit card (automatic),110.41,5761.89,Yes
CUST-4645,Female,1,No,Yes,31,Yes,No,No,No,No,No,No internet service,No,No,Month-to-month,No,Electronic check,89.28,2741.06,Yes
CUST-4646,Male,0,Yes,Yes,65,Yes,Yes,Fiber optic,No,No,No,No,Yes,No,Month-to-month,Yes,Bank transfer (automatic),90.85,5959.42,Yes
CUST-4647,Female,0,Yes,Yes,58,Yes,Yes,No,No,No,No,Yes,No internet service,No internet service,Month-to-month,Yes,Mailed check,26.8,1575.06,Yes
CUST-4648,Female,0,No,No,9,Yes,No,DSL,No,Yes,No,No,No internet service,No,One year,No,Bank transfer (automatic),40.36,370.65,No
CUST-4649,Female,0,No,Yes,1,Yes,Yes,DSL,No,No,No,No internet service,No,No,Month-to-month,Yes,Bank transfer (automatic),19.14,-51.38,No
CUST-4650,Male,0,No,No,65,Yes,Yes,DSL,No,No internet service,Yes,No internet service,No internet service,Yes,Month-to-month,Yes,Electronic check,90.22,5893.55,Yes
CUST-4651,Male,0,Yes,No,59,No,Yes,Fiber optic,No,No internet service,No,No,No,No,Month-to-month,Yes,Electronic check,52.87,3086.22,Yes
CUST-4652,Female,0,No,No,16,Yes,No,No,Yes,No internet service,No,No internet service,Yes,No,Month-to-month,Yes,Mailed check,97.31,1485.32,Yes
CUST-4653,Male,0,No,No,15,Yes,No,DSL,No,No,No,No internet service,No,No,Month-to-month,Yes,Electronic check,52.31,806.18,No
CUST-4654,Female,0,Yes,No,15,Yes,Yes,Fiber optic,No internet service,No,Yes,Yes,No,No,Month-to-month,No,Bank transfer (automatic),100.59,1445.94,Yes
CUST-4655,Male,0,No,No,45,Yes,No phone service,DSL,No,No,No,No,Yes,No,Month-to-month,Yes,Electronic check,31.39,1307.99,Yes
CUST-4656,Female,1,Yes,No,38,Yes,No,Fiber optic,No,No,No,No,No,No,Month-to-month,Yes,Bank transfer (automatic),35.67,1420.32,No
CUST-4657,Male,0,No,No,30,No,No,DSL,No,No internet service,Yes,No,Yes,No internet service,Two year,Yes,Electronic check,52.51,1547.26,No
CUST-4658,Female,0,No,No,0,Yes,Yes,DSL,No internet service,No,No,No internet service,Yes,No,One year,Yes,Electronic check,59.3, ,No
CUST-4659,Female,0,No,Yes,10,Yes,No,DSL,No,No,No internet service,No,No internet service,No,Two year,Yes,Bank transfer (automatic),53.29,484.77,No
CUST-4660,Male,1,Yes,No,3,Yes,Yes,Fiber optic,No,Yes,Yes,No internet service,No,Yes,Month-to-month,No,Electronic check,95.0,248.95,Yes
CUST-4661,Female,0,Yes,Yes,70,Yes,Yes,DSL,No,No,Yes,Yes,No internet service,No internet service,Two year,No,Bank transfer (automatic),27.99,2016.51,Yes
CUST-4662,Male,0,Yes,No,25,Yes,No,DSL,No,No internet service,No,No internet service,Yes,No,Month-to-month,Yes,Mailed check,53.55,1255.6,Yes
CUST-4663,Male,0,Yes,No,49,Yes,Yes,DSL,Yes,No,No,Yes,No,No,Two year,Yes,Bank transfer (automatic),102.39,4950.16,No
CUST-4664,Female,0,Yes,No,11,Yes,No,No,No,No internet service,No,No,No,No,Month-to-month,No,Electronic check,24.96,323.58,No
CUST-4665,Female,0,Yes,No,64,Yes,No,Fiber optic,Yes,No,No,No,No internet service,No,Month-to-month,Yes,Bank transfer (automatic),112.96,7206.95,Yes
CUST-4666,Male,0,No,No,46,Yes,No,Fiber optic,No,No,Yes,Yes,No internet service,No internet service,Month-to-month,Yes,Credit card (automatic),117.37,5410.42,Yes
CUST-4667,Female,0,Yes,Yes,52,Yes,Yes,Fiber optic,No,No,Yes,No internet service,No,No,Month-to-month,No,Mailed check,27.15,1387.25,No
CUST-4668,Female,0,Yes,No,70,Yes,No,DSL,No,No,No,No,No,No,Two year,No,Mailed check,47.52,3427.43,Yes
CUST-4669,Female,0,Yes,Yes,1,Yes,No,Fiber optic,Yes,No internet service,Yes,No,No internet service,Yes,One year,Yes,Electronic check,55.68,-8.8,No
CUST-4670,Male,0,Yes,No,23,Yes,No,DSL,No internet service,Yes,No,No,No,No,Two year,Yes,Credit card (automatic),96.28,2228.55,No
CUST-4671,Male,0,No,No,3,Yes,Yes,Fiber optic,Yes,No internet service,No,No internet service,No,Yes,One year,Yes,Credit card (automatic),78.14,309.57,Yes
CUST-4672,Female,0,Yes,No,18,Yes,Yes,Fiber optic,Yes,No,No,No internet service,No internet service,No,Month-to-month,Yes,Bank transfer (automatic),83.01,1475.43,Yes
CUST-4673,Male,0,No,Yes,25,Yes,Yes,Fiber optic,Yes,Yes,No,No,No internet service,No,Month-to-month,No,Electronic check,94.38,2321.81,Yes
CUST-4674,Male,0,Yes,No,39,Yes,Yes,DSL,No,No,No internet service,No,Yes,No internet service,Two year,No,Bank transfer (automatic),30.11,1212.65,No
CUST-4675,Male,0,Yes,No,49,Yes,No,DSL,No,No internet service,No internet service,Yes,No,No,One year,Yes,Electronic check,101.99,5047.71,Yes
CUST-4676,Female,0,No,Yes,42,Yes,No,No,Yes,No,No,Yes,No,No,One year,Yes,Mailed check,89.16,3704.72,No
CUST-4677,Female,0,No,Yes,66,Yes,Yes,Fiber optic,No,Yes,No,No,No,No,Month-to-month,Yes,Electronic check,76.27,5106.93,Yes
CUST-4678,Female,0,No,No,11,Yes,Yes,DSL,No internet service,No,No,No,No,No,Month-to-month,Yes,Bank transfer (automatic),107.67,1186.93,Yes
CUST-4679,Female,0,No,No,66,Yes,Yes,DSL,No,Yes,No internet service,No,No internet service,Yes,Two year,Yes,Bank transfer (automatic),88.63,5875.02,Yes
CUST-4680,Male,0,No,No,26,Yes,Yes,No,No internet service,Yes,No,No,No,No,Month-to-month,Yes,Electronic check,38.52,1075.93,No
CUST-4681,Male,0,No,No,53,Yes,Yes,Fiber optic,No internet service,No,Yes,No,No,Yes,Month-to-month,Yes,Bank transfer (automatic),61.44,3294.76,Yes
CUST-4682,Female,1,No,Yes,65,Yes,No,No,Yes,No,No,No internet service,No,No,Month-to-month,No,Mailed check,67.9,4413.49,Yes
CUST-4683,Female,0,Yes,No,48,Yes,Yes,DSL,No,No,No,No internet service,Yes,No,Two year,Yes,Mailed check,23.8,1108.82,No
CUST-4684,Male,1,No,No,15,Yes,Yes,Fiber optic,No internet service,Yes,Yes,No,No,No,Month-to-month,Yes,Electronic check,114.19,1848.28,Yes
CUST-4685,Female,0,No,Yes,1,Yes,No,DSL,No,No,No,Yes,No,No internet service,Month-to-month,No,Electronic check,31.17,-8.28,No
CUST-4686,Female,0,Yes,No,59,Yes,Yes,Fiber optic,No,No,No,No internet service,No,No,Month-to-month,No,Electronic check,88.34,5227.97,Yes
CUST-4687,Female,0,No,No,53,Yes,No,DSL,No,No,No,Yes,Yes,No internet service,Month-to-month,No,Electronic check,69.13,3689.39,Yes
CUST-4688,Female,0,Yes,Yes,29,Yes,Yes,DSL,No,Yes,No,No,No,No,Month-to-month,No,Electronic check,20.83,631.94,Yes
CUST-4689,Female,0,No,No,37,Yes,No,DSL,Yes,No internet service,No internet service,No,No internet service,No,Month-to-month,Yes,Mailed check,111.19,4220.43,Yes
CUST-4690,Female,0,Yes,Yes,27,Yes,Yes,Fiber optic,Yes,No,No,No,No internet service,Yes,Two year,Yes,Electronic check,103.86,2806.6,Yes
CUST-4691,Male,1,No,No,24,Yes,Yes,Fiber optic,Yes,No internet service,No internet service,No internet service,Yes,No internet service,Two year,No,Bank transfer (automatic),70.94,1697.81,No
CUST-4692,Male,0,Yes,Yes,9,Yes,No,Fiber optic,No,Yes,No,No,No,No,Month-to-month,No,Mailed check,41.26,448.95,Yes
CUST-4693,Female,1,Yes,No,59,Yes,No,No,Yes,No,No,No,Yes,No,One year,No,Electronic check,30.47,1790.94,Yes
CUST-4694,Female,0,Yes,Yes,41,Yes,Yes,Fiber optic,No,Yes,No,No,No,No,One year,No,Mailed check,54.77,2289.37,No
CUST-4695,Male,0,No,No,39,Yes,Yes,Fiber optic,No internet service,No,Yes,Yes,No,Yes,Month-to-month,No,Electronic check,43.92,1722.6,Yes
CUST-4696,Male,1,No,No,41,Yes,No,No,No internet service,No,No,No,Yes,No internet service,Month-to-month,Yes,Mailed check,69.17,2882.02,Yes
CUST-4697,Female,0,Yes,No,46,Yes,No,Fiber optic,No internet service,No,No,No internet service,No internet service,No,Month-to-month,Yes,Bank transfer (automatic),115.37,5343.29,Yes
CUST-4698,Female,0,Yes,No,36,Yes,Yes,DSL,No,No,No,No,No,Yes,Month-to-month,No,Credit card (automatic),76.03,2716.92,Yes
CUST-4699,Female,0,Yes,No,21,Yes,No,No,Yes,No internet service,No,No,No internet service,No,Month-to-month,No,Mailed check,107.69,2169.29,Yes
CUST-4700,Male,0,No,Yes,56,Yes,No,DSL,No,No,No,No,No,No,Two year,Yes,Credit card (automatic),83.66,4601.26,Yes
CUST-4701,Female,0,Yes,Yes,26,Yes,No phone service,Fiber optic,Yes,No internet service,No,No,No,No,Month-to-month,No,Electronic check,66.01,1624.24,No
CUST-4702,Female,0,Yes,No,40,Yes,No,DSL,Yes,No internet service,No internet service,No,No,No internet service,One year,No,Credit card (automatic),104.14,4161.04,Yes
CUST-4703,Male,0,Yes,No,33,Yes,No phone service,Fiber optic,No internet service,No,No internet service,No,No,No internet service,Month-to-month,No,Credit card (automatic),65.62,2047.83,Yes
CUST-4704,Male,1,No,No,31,Yes,No,Fiber optic,Yes,No,No,No,No internet service,No,Month-to-month,Yes,Credit card (automatic),105.55,3264.05,Yes
CUST-4705,Female,0,No,No,65,Yes,No phone service,DSL,No,No,No,No,Yes,No,Month-to-month,Yes,Mailed check,47.55,3097.44,Yes
CUST-4706,Female,0,Yes,No,11,Yes,Yes,Fiber optic,Yes,Yes,Yes,No,No,No,Month-to-month,Yes,Electronic check,31.2,386.01,No
CUST-4707,Male,1,Yes,No,39,No,Yes,Fiber optic,Yes,No,Yes,No,Yes,No,Two year,No,Mailed check,104.21,4089.41,No
CUST-4708,Female,0,Yes,Yes,72,Yes,No,DSL,No,No,No internet service,No,No internet service,No,Two year,Yes,Mailed check,77.29,5609.97,No
CUST-4709,Female,0,No,Yes,72,No,Yes,Fiber optic,Yes,Yes,No,No,Yes,No internet service,Month-to-month,Yes,Electronic check,107.6,7767.9,Yes
CUST-4710,Male,0,Yes,No,9,No,No,DSL,Yes,No,Yes,No,No,No internet service,One year,No,Bank transfer (automatic),112.5,996.32,No
CUST-4711,Female,0,No,No,47,Yes,Yes,No,No,No,No,No internet service,Yes,No,Two year,No,Electronic check,23.64,1105.78,No
CUST-4712,Male,1,No,Yes,19,Yes,Yes,Fiber optic,No,No,No internet service,Yes,No,No,One year,No,Credit card (automatic),68.6,1260.82,Yes
CUST-4713,Female,0,No,Yes,38,Yes,Yes,No,No internet service,No,No internet service,No,No internet service,No,Month-to-month,Yes,Bank transfer (automatic),55.93,2136.74,Yes
CUST-4714,Male,0,Yes,No,59,Yes,Yes,DSL,No,No,No,No,No,No,One year,Yes,Credit card (automatic),81.15,4708.64,No
CUST-4715,Male,0,Yes,No,65,Yes,Yes,DSL,No,No,Yes,No,Yes,No,Month-to-month,No,Mailed check,98.01,6423.95,Yes
CUST-4716,Male,0,Yes,No,64,Yes,No,DSL,Yes,No,No,Yes,No,No,Two year,No,Electronic check,46.45,2924.97,Yes
CUST-4717,Male,0,No,Yes,50,Yes,Yes,DSL,No,No,No internet service,No,No internet service,No,Month-to-month,Yes,Electronic check,74.21,3718.19,Yes
CUST-4718,Female,0,No,Yes,35,Yes,No,Fiber optic,No,Yes,No internet service,No,No,No,Month-to-month,No,Credit card (automatic),89.48,3147.87,Yes
CUST-4719,Male,0,No,No,23,Yes,Yes,No,Yes,Yes,No,No,No,No internet service,Month-to-month,Yes,Mailed check,31.76,788.62,Yes
CUST-4720,Female,0,Yes,No,26,Yes,No,Fiber optic,Yes,No internet service,Yes,No,Yes,Yes,Month-to-month,Yes,Electronic check,100.06,2517.5,Yes
CUST-4721,Male,0,Yes,No,1,No,No,No,No internet service,No,No internet service,No,No,No internet service,Two year,Yes,Bank transfer (automatic),79.16,62.89,No
CUST-4722,Male,1,No,Yes,30,Yes,No,DSL,Yes,No,No internet service,No,No,No,Month-to-month,Yes,Bank transfer (automatic),113.68,3437.89,Yes
CUST-4723,Male,0,No,No,56,Yes,No phone service,No,No,No,No,No,No internet service,Yes,Month-to-month,Yes,Bank transfer (automatic),52.37,3020.28,Yes
CUST-4724,Female,0,No,No,65,Yes,Yes,DSL,No,No,No,No,No,No,Two year,Yes,Bank transfer (automatic),29.12,1890.86,No
CUST-4725,Male,0,Yes,No,28,Yes,No,No,No,No,No,Yes,No,Yes,Month-to-month,Yes,Mailed check,69.15,1906.48,No
CUST-4726,Female,0,Yes,Yes,14,Yes,No,DSL,No,No,No,No,No internet service,No internet service,Month-to-month,Yes,Electronic check,26.87,477.53,No
CUST-4727,Male,0,Yes,No,11,Yes,No,No,Yes,No,No,No,No,Yes,One year,No,Bank transfer (automatic),115.69,1312.72,Yes
CUST-4728,Female,0,No,No,27,Yes,Yes,DSL,No,No,Yes,No,Yes,Yes,Month-to-month,No,Bank transfer (automatic),22.14,666.46,Yes
CUST-4729,Female,0,No,No,23,Yes,Yes,DSL,No,No,No internet service,Yes,Yes,No,Month-to-month,Yes,Bank transfer (automatic),93.98,2101.06,No
CUST-4730,Female,0,Yes,No,20,Yes,No,Fiber optic,No,No,No,Yes,No internet service,No internet service,Month-to-month,No,Bank transfer (automatic),71.02,1446.46,Yes
CUST-4731,Female,0,No,No,9,Yes,No,Fiber optic,No,No internet service,No,No,No,No,One year,Yes,Credit card (automatic),55.3,443.53,No
CUST-4732,Female,0,No,No,17,Yes,No,Fiber optic,Yes,Yes,No,No,No,Yes,Two year,Yes,Electronic check,24.87,357.54,Yes
CUST-4733,Female,0,No,Yes,13,Yes,Yes,No,No,Yes,No,Yes,No internet service,No,Month-to-month,No,Bank transfer (automatic),80.78,1079.23,No
CUST-4734,Male,0,Yes,No,33,Yes,No,Fiber optic,Yes,No,No,No,No,No internet service,Month-to-month,No,Bank transfer (automatic),77.06,2575.57,Yes
CUST-4735,Female,0,No,Yes,57,Yes,No,Fiber optic,No,No,No,No,No,No,Month-to-month,No,Credit card (automatic),46.48,2625.26,Yes
CUST-4736,Male,0,No,No,21,Yes,No,DSL,No,No internet service,Yes,No,No internet service,Yes,Two year,No,Electronic check,109.73,2375.93,No
CUST-4737,Male,0,Yes,Yes,69,Yes,No,Fiber optic,No,Yes,Yes,No,No,No internet service,Month-to-month,Yes,Mailed check,48.81,3349.44,Yes
CUST-4738,Female,1,No,Yes,35,Yes,No,Fiber optic,No,No internet service,No,Yes,No,No internet service,Two year,Yes,Mailed check,63.45,2207.25,Yes
CUST-4739,Female,1,Yes,Yes,44,Yes,No,No,No,No,No,No,Yes,No,Month-to-month,Yes,Electronic check,72.9,3205.8,No
CUST-4740,Male,0,No,No,35,Yes,No,Fiber optic,Yes,No,Yes,Yes,No,No,Two year,Yes,Bank transfer (automatic),28.32,979.05,No
CUST-4741,Male,0,Yes,No,21,Yes,No,Fiber optic,Yes,No,No,Yes,No internet service,No internet service,One year,Yes,Bank transfer (automatic),111.93,2414.39,Yes
CUST-4742,Female,0,No,Yes,60,Yes,Yes,DSL,No,Yes,No,Yes,No internet service,No,One year,Yes,Bank transfer (automatic),55.89,3301.31,Yes
CUST-4743,Male,0,No,No,55,Yes,No,DSL,No,No,No,No,Yes,No,Month-to-month,No,Credit card (automatic),26.37,1412.63,Yes
CUST-4744,Male,0,No,No,32,Yes,No,Fiber optic,No,Yes,No,No,No internet service,Yes,Two year,Yes,Mailed check,57.17,1769.87,No
CUST-4745,Female,0,Yes,No,44,Yes,No,DSL,No,Yes,No,No,No,No,Month-to-month,No,Credit card (automatic),78.57,3551.26,Yes
CUST-4746,Male,0,Yes,Yes,35,Yes,No,DSL,No,No,No,Yes,No,Yes,Month-to-month,No,Credit card (automatic),69.87,2429.22,No
CUST-4747,Female,0,Yes,No,19,Yes,No,DSL,No,No,No,Yes,No,No,Month-to-month,No,Electronic check,88.05,1634.52,Yes
CUST-4748,Female,1,Yes,Yes,17,Yes,Yes,No,No,Yes,No,No internet service,No,No,Two year,Yes,Mailed check,23.83,390.74,No
CUST-4749,Male,0,No,No,37,No,No,DSL,No internet service,Yes,Yes,No,No,No,One year,Yes,Bank transfer (automatic),46.85,1775.9,Yes
CUST-4750,Male,0,No,Yes,66,Yes,Yes,No,Yes,No internet service,No,Yes,No,Yes,Month-to-month,Yes,Electronic check,100.58,6671.47,No
CUST-4751,Male,0,Yes,No,22,No,No,DSL,No,No,Yes,No,No internet service,No,One year,Yes,Bank transfer (automatic),26.28,549.4,No
CUST-4752,Female,0,No,No,15,Yes,Yes,DSL,No internet service,Yes,No,Yes,No,No,Month-to-month,Yes,Bank transfer (automatic),104.23,1543.47,Yes
CUST-4753,Male,0,No,No,58,Yes,No,Fiber optic,Yes,No,No,No,No internet service,No,Two year,No,Electronic check,27.49,1521.65,No
CUST-4754,Male,0,No,No,68,Yes,No,Fiber optic,Yes,Yes,No internet service,No,No,No internet service,Two year,No,Credit card (automatic),102.11,6950.42,Yes
CUST-4755,Female,0,Yes,No,67,Yes,Yes,Fiber optic,No,No,No,No internet service,Yes,Yes,One year,Yes,Credit card (automatic),54.51,3716.29,No
CUST-4756,Male,0,Yes,No,20,Yes,No,Fiber optic,No,No,No,No,No,No,Month-to-month,Yes,Electronic check,79.78,1566.51,No
CUST-4757,Male,0,Yes,No,69,No,Yes,DSL,Yes,No,No,No,No,No,Two year,Yes,Bank transfer (automatic),33.62,2351.57,No
CUST-4758,Female,0,Yes,No,11,Yes,No,Fiber optic,Yes,No,No,No,No internet service,No,Two year,Yes,Bank transfer (automatic),24.9,244.79,No
CUST-4759,Female,0,No,No,15,Yes,Yes,Fiber optic,Yes,No,No internet service,No,No,No internet service,One year,No,Bank transfer (automatic),39.95,544.47,No
CUST-4760,Male,1,No,Yes,13,Yes,No phone service,DSL,No,No,Yes,No,Yes,No,Month-to-month,No,Bank transfer (automatic),31.1,438.31,No
CUST-4761,Female,0,No,Yes,60,Yes,No,No,No internet service,No,No internet service,No,No,No internet service,One year,Yes,Mailed check,49.65,3096.38,Yes
CUST-4762,Male,0,No,No,70,Yes,No,Fiber optic,No internet service,Yes,No,Yes,Yes,No,One year,Yes,Electronic check,69.95,4923.67,Yes
CUST-4763,Female,0,Yes,Yes,45,No,No,Fiber optic,No internet service,No,No,No,Yes,No,Month-to-month,No,Mailed check,77.42,3463.21,Yes
CUST-4764,Female,0,Yes,No,31,Yes,No,No,No,No,Yes,Yes,No,No,Month-to-month,Yes,Credit card (automatic),97.63,3009.06,Yes
CUST-4765,Female,1,Yes,No,14,Yes,No,No,No,No,Yes,Yes,No internet service,No,Month-to-month,No,Electronic check,84.2,1274.26,Yes
CUST-4766,Male,0,No,No,43,Yes,Yes,Fiber optic,No internet service,No,No internet service,Yes,No internet service,Yes,One year,Yes,Bank transfer (automatic),79.43,3430.84,Yes
CUST-4767,Female,0,No,Yes,16,Yes,Yes,DSL,No internet service,No,Yes,No,No internet service,No,Month-to-month,Yes,Electronic check,59.63,915.78,Yes
CUST-4768,Female,0,No,No,40,Yes,No phone service,No,Yes,No,Yes,No,Yes,Yes,Month-to-month,No,Bank transfer (automatic),65.87,2631.69,No
CUST-4769,Female,0,Yes,No,53,Yes,Yes,DSL,Yes,Yes,No,Yes,No,No,Two year,Yes,Mailed check,59.91,3185.99,No
CUST-4770,Female,0,No,Yes,43,Yes,Yes,DSL,No,No,No,No,No,No internet service,Month-to-month,Yes,Bank transfer (automatic),102.89,4447.73,No
CUST-4771,Male,0,No,No,4,Yes,No,DSL,Yes,No,No,Yes,Yes,Yes,Month-to-month,Yes,Mailed check,41.37,241.08,No
CUST-4772,Female,0,No,No,26,Yes,No,Fiber optic,No,Yes,No internet service,No,Yes,No,Month-to-month,No,Electronic check,18.82,553.11,Yes
CUST-4773,Male,0,No,No,42,Yes,Yes,No,No,No internet service,No internet service,No,No,Yes,Two year,Yes,Credit card (automatic),83.71,3525.73,Yes
CUST-4774,Male,0,Yes,No,30,Yes,Yes,Fiber optic,No,No internet service,No internet service,Yes,No,No,One year,Yes,Credit card (automatic),38.6,1155.93,No
CUST-4775,Female,1,Yes,No,16,Yes,No,No,No internet service,No,Yes,No,No,No,Month-to-month,No,Electronic check,107.71,1743.16,No
CUST-4776,Male,1,No,No,53,Yes,Yes,DSL,No internet service,No,No,No internet service,No,No,Two year,Yes,Credit card (automatic),104.58,5512.33,Yes
CUST-4777,Female,0,No,No,61,Yes,No phone service,DSL,No,No,No,Yes,Yes,No,Month-to-month,No,Credit card (automatic),25.96,1632.56,No
CUST-4778,Male,0,Yes,No,31,Yes,Yes,Fiber optic,Yes,No,Yes,No internet service,No,No internet service,Two year,Yes,Mailed check,28.94,886.97,No
CUST-4779,Female,0,No,No,39,Yes,No,No,Yes,Yes,No internet service,No internet service,No,No internet service,Month-to-month,Yes,Credit card (automatic),68.01,2676.94,Yes
CUST-4780,Male,0,Yes,Yes,12,Yes,No,Fiber optic,No internet service,No,No internet service,No,No,No,Month-to-month,Yes,Credit card (automatic),79.48,1039.42,No
CUST-4781,Male,0,Yes,No,34,Yes,Yes,DSL,No,No,Yes,Yes,No,No,Month-to-month,No,Bank transfer (automatic),45.88,1587.56,Yes
CUST-4782,Female,0,Yes,No,4,Yes,Yes,DSL,Yes,No,No,No,No,No,Month-to-month,Yes,Mailed check,90.29,372.7,Yes
CUST-4783,Female,0,No,Yes,72,Yes,No,DSL,No,No,Yes,No,No,Yes,Month-to-month,No,Bank transfer (automatic),78.04,5593.01,Yes
CUST-4784,Male,1,No,No,28,Yes,Yes,DSL,No,No internet service,Yes,No,No,Yes,Two year,Yes,Electronic check,50.89,1421.02,No
CUST-4785,Male,0,Yes,Yes,69,Yes,Yes,DSL,No internet service,Yes,No,Yes,Yes,No,Two year,No,Credit card (automatic),20.8,1378.4,No
CUST-4786,Female,0,Yes,No,24,Yes,No phone service,No,Yes,No,No,No,Yes,No,Month-to-month,Yes,Credit card (automatic),93.64,2274.02,Yes
CUST-4787,Male,0,No,No,21,Yes,No,Fiber optic,No,No,No,No,No internet service,No,Month-to-month,Yes,Bank transfer (automatic),39.83,729.71,No
CUST-4788,Male,1,Yes,No,65,Yes,No,Fiber optic,No internet service,No,No,No,No,Yes,Month-to-month,Yes,Bank transfer (automatic),102.11,6685.57,Yes
CUST-4789,Male,0,No,Yes,44,No,No,DSL,No internet service,No,Yes,No,Yes,No internet service,Month-to-month,No,Electronic check,60.49,2698.14,Yes
CUST-4790,Female,0,No,No,68,Yes,Yes,DSL,Yes,No internet service,No internet service,No,No,No,One year,No,Bank transfer (automatic),76.25,5189.91,Yes
CUST-4791,Male,0,Yes,No,71,Yes,No,Fiber optic,No internet service,No,No internet service,No,No,Yes,Month-to-month,Yes,Credit card (automatic),105.98,7497.93,Yes
CUST-4792,Female,0,Yes,No,0,Yes,No,No,No internet service,No internet service,Yes,Yes,No,No,One year,Yes,Mailed check,105.04, ,No
CUST-4793,Female,0,No,Yes,43,Yes,No phone service,Fiber optic,Yes,No internet service,No,No internet service,No,No,Month-to-month,Yes,Bank transfer (automatic),55.59,2301.67,No
CUST-4794,Male,0,Yes,No,38,Yes,Yes,No,No,Yes,No,No,Yes,No,Month-to-month,Yes,Electronic check,39.24,1532.31,No
CUST-4795,Female,0,Yes,No,53,Yes,Yes,No,No internet service,Yes,Yes,No,Yes,Yes,Month-to-month,No,Electronic check,96.15,5087.76,Yes
CUST-4796,Female,0,No,Yes,28,Yes,Yes,DSL,No,No,No,Yes,No,No,Month-to-month,No,Bank transfer (automatic),61.77,1805.32,Yes
CUST-4797,Female,0,No,Yes,53,Yes,No,DSL,Yes,No,No,No,No,Yes,Month-to-month,Yes,Electronic check,37.55,2009.75,Yes
CUST-4798,Female,1,Yes,Yes,15,Yes,No,Fiber optic,No internet service,No internet service,No,Yes,No internet service,Yes,Two year,Yes,Electronic check,109.14,1648.67,No
CUST-4799,Female,0,Yes,No,19,Yes,Yes,Fiber optic,No internet service,No,No internet service,No,No internet service,No internet service,Month-to-month,Yes,Mailed check,38.16,745.09,Yes
CUST-4800,Female,0,Yes,No,45,Yes,No,DSL,No,No,Yes,No,No,Yes,Month-to-month,Yes,Electronic check,20.84,889.02,Yes
CUST-4801,Female,1,No,Yes,66,Yes,No,Fiber optic,No,No,No,Yes,No,No,One year,Yes,Electronic check,20.29,1316.59,Yes
CUST-4802,Female,1,Yes,No,64,Yes,No phone service,Fiber optic,No,No,No,No,No internet service,No,Month-to-month,No,Electronic check,80.79,5177.21,Yes
CUST-4803,Male,0,Yes,No,57,Yes,No,No,No,No,No,No,No,No,One year,Yes,Credit card (automatic),84.75,4815.62,Yes
CUST-4804,Female,0,No,No,52,Yes,Yes,DSL,No,No,No,No,No internet service,No,Month-to-month,Yes,Electronic check,49.51,2545.69,No
CUST-4805,Male,1,Yes,No,0,Yes,Yes,DSL,No,No,Yes,No,No,No,Month-to-month,Yes,Electronic check,50.41, ,No
CUST-4806,Female,0,No,No,65,Yes,No,Fiber optic,Yes,No internet service,Yes,Yes,Yes,No internet service,Two year,No,Credit card (automatic),52.37,3406.26,Yes
CUST-4807,Female,0,No,No,28,Yes,No,Fiber optic,No,No,No,No,Yes,No internet service,One year,Yes,Electronic check,86.61,2541.02,Yes
CUST-4808,Male,1,Yes,No,69,No,No,Fiber optic,No,Yes,No,No,No internet service,No internet service,Month-to-month,No,Credit card (automatic),24.09,1645.94,Yes
CUST-4809,Male,0,No,No,7,Yes,Yes,No,Yes,No internet service,Yes,No,No,No,Month-to-month,Yes,Mailed check,111.63,747.54,No
CUST-4810,Male,0,Yes,No,28,Yes,Yes,No,Yes,No,No internet service,No internet service,No,No,Two year,No,Mailed check,40.61,1129.44,No
CUST-4811,Male,0,No,No,50,Yes,No,Fiber optic,No,Yes,Yes,No,No,No,Month-to-month,No,Mailed check,118.72,6011.08,Yes
CUST-4812,Male,0,Yes,No,32,Yes,No,DSL,No internet service,No internet service,No,No,No,No,Month-to-month,Yes,Electronic check,35.49,1214.33,Yes
CUST-4813,Male,0,No,Yes,2,Yes,Yes,Fiber optic,No internet service,Yes,No,No,Yes,No,One year,No,Bank transfer (automatic),95.79,289.03,No
CUST-4814,Female,0,No,Yes,59,Yes,Yes,Fiber optic,No internet service,Yes,No,No internet service,No,No,One year,Yes,Mailed check,40.7,2404.35,Yes
CUST-4815,Male,0,No,No,34,Yes,Yes,No,Yes,No,No,No,No,No,Two year,No,Bank transfer (automatic),26.38,929.0,Yes
CUST-4816,Female,1,Yes,No,68,Yes,Yes,No,No internet service,No,No,No,No internet service,No,One year,No,Electronic check,106.18,7167.74,Yes
CUST-4817,Male,1,No,No,19,Yes,Yes,Fiber optic,No,Yes,Yes,Yes,No,No,One year,Yes,Electronic check,104.55,1968.78,Yes
CUST-4818,Male,1,No,No,72,Yes,No,Fiber optic,No internet service,No internet service,No internet service,No,Yes,No,Two year,No,Mailed check,58.81,4178.57,Yes
CUST-4819,Female,0,Yes,Yes,38,No,Yes,DSL,Yes,No,No internet service,No,No,No internet service,One year,Yes,Electronic check,88.84,3399.58,Yes
CUST-4820,Female,0,Yes,No,3,Yes,No,DSL,No,No,No,No,No,Yes,Month-to-month,Yes,Credit card (automatic),74.24,224.64,No
CUST-4821,Male,0,No,Yes,18,Yes,Yes,DSL,Yes,No internet service,No,No,No,No,Month-to-month,No,Mailed check,103.97,1882.77,No
CUST-4822,Female,0,Yes,No,44,Yes,No,DSL,No internet service,No,No,No,No,No,One year,Yes,Electronic check,49.91,2153.73,Yes
CUST-4823,Male,0,No,Yes,42,Yes,Yes,Fiber optic,No,No,No internet service,No internet service,No,No,Two year,No,Electronic check,70.88,3019.49,Yes
CUST-4824,Male,1,Yes,No,12,Yes,No,DSL,No,Yes,No,No,No,No,Month-to-month,Yes,Credit card (automatic),67.03,684.01,Yes
CUST-4825,Female,0,No,No,12,Yes,No,Fiber optic,Yes,Yes,Yes,Yes,No internet service,No,Month-to-month,Yes,Electronic check,53.82,633.24,No
CUST-4826,Male,0,Yes,No,59,Yes,Yes,Fiber optic,No,No,No internet service,No,No,No,Two year,No,Credit card (automatic),107.84,6357.23,Yes
CUST-4827,Female,0,Yes,No,56,Yes,No,Fiber optic,Yes,No internet service,Yes,No,No,No,One year,No,Bank transfer (automatic),34.92,1854.44,No
CUST-4828,Female,0,No,No,51,Yes,No,Fiber optic,Yes,No,No internet service,No,Yes,No,Month-to-month,Yes,Bank transfer (automatic),33.28,1716.49,Yes
CUST-4829,Female,0,No,No,52,Yes,No,DSL,No,Yes,No,No internet service,Yes,Yes,One year,Yes,Electronic check,76.23,3955.3,Yes
CUST-4830,Male,0,Yes,No,42,Yes,No,No,Yes,No internet service,No,No,No internet service,Yes,Two year,No,Mailed check,84.33,3569.92,Yes
CUST-4831,Male,0,No,Yes,71,Yes,No,DSL,Yes,No,No,Yes,No internet service,No internet service,Two year,Yes,Credit card (automatic),37.81,2784.5,Yes
CUST-4832,Female,0,Yes,No,71,Yes,Yes,No,No,Yes,No,No,Yes,Yes,One year,Yes,Electronic check,57.52,4100.15,No
CUST-4833,Male,0,Yes,Yes,41,Yes,No,DSL,No,No,No,No internet service,Yes,Yes,Month-to-month,Yes,Mailed check,113.38,4697.21,No
CUST-4834,Male,0,Yes,No,25,Yes,No,Fiber optic,Yes,No,Yes,No,No internet service,No internet service,Two year,Yes,Mailed check,43.04,1145.05,No
CUST-4835,Female,0,Yes,No,22,Yes,No,DSL,Yes,Yes,No internet service,Yes,Yes,No internet service,Month-to-month,Yes,Mailed check,85.42,1903.84,No
CUST-4836,Female,0,Yes,No,42,Yes,Yes,DSL,No internet service,No internet service,No,No,Yes,Yes,Two year,Yes,Credit card (automatic),92.64,3847.59,Yes
CUST-4837,Male,1,No,No,27,Yes,No,Fiber optic,Yes,No,No,Yes,No internet service,Yes,Month-to-month,No,Mailed check,63.29,1626.82,Yes
CUST-4838,Female,0,Yes,No,8,Yes,Yes,Fiber optic,No,No,Yes,No,No,Yes,Month-to-month,No,Bank transfer (automatic),112.47,918.48,No
CUST-4839,Male,0,Yes,Yes,19,No,No,DSL,No,Yes,Yes,No,No,No,Month-to-month,Yes,Electronic check,92.28,1733.31,Yes
CUST-4840,Male,0,Yes,Yes,55,Yes,No,Fiber optic,No,No,No internet service,No internet service,Yes,No,Month-to-month,No,Electronic check,64.27,3599.03,Yes
CUST-4841,Female,0,No,No,38,Yes,Yes,DSL,No internet service,No internet service,No,Yes,No,No,One year,No,Credit card (automatic),75.47,2844.1,Yes
CUST-4842,Female,0,No,No,50,Yes,No,Fiber optic,No,Yes,No,No,Yes,No,Two year,No,Mailed check,87.86,4392.28,Yes
CUST-4843,Male,0,Yes,Yes,11,Yes,Yes,No,No,No,Yes,No,No internet service,No,One year,Yes,Bank transfer (automatic),77.77,797.52,Yes
CUST-4844,Male,1,Yes,No,54,Yes,Yes,No,No,Yes,No,Yes,No,No internet service,Two year,No,Electronic check,106.56,5737.05,No
CUST-4845,Male,0,No,Yes,10,No,No,Fiber optic,No,No,No,No internet service,No,No,Month-to-month,Yes,Credit card (automatic),54.12,494.06,No
CUST-4846,Female,0,No,Yes,25,Yes,No,DSL,Yes,Yes,Yes,No,No,Yes,Two year,Yes,Electronic check,48.39,1167.17,No
CUST-4847,Female,0,No,Yes,41,Yes,No,DSL,Yes,No,Yes,No,No,No,Two year,Yes,Bank transfer (automatic),39.74,1626.7,No
CUST-4848,Female,0,Yes,Yes,26,Yes,Yes,No,No internet service,No,No,No,No,No internet service,One year,Yes,Electronic check,22.05,542.95,No
CUST-4849,Female,0,Yes,No,10,Yes,No phone service,DSL,No,No,No,Yes,No internet service,No internet service,Month-to-month,Yes,Bank transfer (automatic),22.57,357.16,No
CUST-4850,Male,0,Yes,No,37,Yes,Yes,No,Yes,No internet service,No internet service,No internet service,Yes,No,One year,Yes,Credit card (automatic),105.69,3952.32,No
CUST-4851,Male,0,Yes,No,42,Yes,No phone service,Fiber optic,Yes,Yes,No,No,No,No,One year,Yes,Bank transfer (automatic),86.43,3684.29,No
CUST-4852,Male,0,Yes,No,18,Yes,No,No,No internet service,No,No,No,No internet service,No,Month-to-month,Yes,Bank transfer (automatic),84.63,1517.8,Yes
CUST-4853,Male,0,Yes,Yes,63,Yes,Yes,Fiber optic,Yes,No internet service,No,No,No,No,Two year,No,Bank transfer (automatic),80.02,5046.55,No
CUST-4854,Female,0,Yes,Yes,5,Yes,No,Fiber optic,No,No,Yes,Yes,No internet service,No,Two year,Yes,Mailed check,103.6,496.52,Yes
CUST-4855,Female,0,Yes,Yes,45,Yes,Yes,Fiber optic,No internet service,No,No,No internet service,No,No,Month-to-month,Yes,Electronic check,66.52,3124.62,Yes
CUST-4856,Female,1,No,No,41,No,Yes,No,No internet service,No,Yes,No,No,No,One year,Yes,Bank transfer (automatic),105.73,4329.49,No
CUST-4857,Male,1,No,No,64,Yes,Yes,No,No internet service,Yes,No,No,No internet service,Yes,One year,Yes,Credit card (automatic),54.37,3449.49,Yes
CUST-4858,Male,0,No,Yes,71,Yes,Yes,Fiber optic,No internet service,No internet service,Yes,Yes,No internet service,No,One year,No,Credit card (automatic),111.38,7870.28,Yes
CUST-4859,Female,0,Yes,No,58,Yes,Yes,Fiber optic,Yes,No,No,No,No,No,Month-to-month,No,Electronic check,88.47,5148.03,Yes
CUST-4860,Male,1,No,No,51,Yes,No,Fiber optic,No,Yes,No,Yes,No,No,Two year,Yes,Credit card (automatic),44.1,2320.15,No
CUST-4861,Male,0,No,No,46,Yes,Yes,Fiber optic,No,No internet service,No internet service,No internet service,No,No,Month-to-month,Yes,Electronic check,74.94,3501.59,Yes
CUST-4862,Male,0,Yes,No,6,Yes,Yes,No,No internet service,Yes,No internet service,No,Yes,No,Month-to-month,Yes,Bank transfer (automatic),71.82,393.1,No
CUST-4863,Male,0,No,No,10,Yes,No,Fiber optic,No,No internet service,No,No,No,No internet service,Two year,No,Mailed check,32.11,282.05,No
CUST-4864,Male,0,No,No,60,Yes,Yes,Fiber optic,No,No,Yes,No internet service,Yes,No internet service,One year,Yes,Electronic check,77.67,4722.51,Yes
CUST-4865,Female,1,Yes,No,67,Yes,No,Fiber optic,No internet service,No internet service,No,Yes,Yes,No,Two year,Yes,Bank transfer (automatic),49.89,3447.7,Yes
CUST-4866,Female,0,No,No,24,Yes,No phone service,Fiber optic,No internet service,No internet service,No internet service,No,No,Yes,Month-to-month,Yes,Bank transfer (automatic),23.51,556.99,No
CUST-4867,Male,0,No,No,11,Yes,Yes,No,No,No,Yes,No,No internet service,No,Month-to-month,Yes,Credit card (automatic),113.59,1309.82,No
CUST-4868,Male,0,Yes,No,25,No,No,Fiber optic,No,No internet service,No,No internet service,No,Yes,Two year,Yes,Bank transfer (automatic),82.72,1994.7,No
CUST-4869,Male,0,Yes,No,11,Yes,No,DSL,No,No internet service,No,No,Yes,No,Month-to-month,Yes,Electronic check,106.38,1128.0,No
CUST-4870,Female,0,Yes,No,42,Yes,No,Fiber optic,No internet service,No internet service,No,No,No,No internet service,Two year,Yes,Bank transfer (automatic),86.19,3569.5,No
CUST-4871,Male,0,No,No,50,Yes,No phone service,DSL,No,No,No internet service,No,No,No,Two year,Yes,Electronic check,54.13,2727.11,No
CUST-4872,Male,0,No,Yes,36,Yes,No,Fiber optic,Yes,Yes,No,No,No,No,One year,Yes,Credit card (automatic),69.78,2503.13,No
CUST-4873,Male,0,Yes,No,45,Yes,Yes,No,Yes,No internet service,No internet service,No,No internet service,No,Month-to-month,Yes,Bank transfer (automatic),86.16,3889.1,Yes
CUST-4874,Male,0,No,No,52,No,Yes,Fiber optic,Yes,No internet service,Yes,No,No internet service,No,One year,Yes,Mailed check,114.76,6028.48,Yes
CUST-4875,Female,0,Yes,No,12,Yes,No,No,No,No internet service,Yes,No,Yes,No,Two year,No,Electronic check,43.74,492.22,No
CUST-4876,Male,0,No,No,53,Yes,Yes,DSL,No,No internet service,No internet service,No,No,No,Month-to-month,Yes,Bank transfer (automatic),106.19,5632.77,Yes
CUST-4877,Female,0,No,No,56,Yes,No,No,Yes,Yes,No internet service,No,No,No,Month-to-month,Yes,Electronic check,111.12,6155.82,Yes
CUST-4878,Male,1,Yes,No,3,Yes,No,Fiber optic,No,No,Yes,No internet service,No internet service,No,Month-to-month,Yes,Electronic check,85.63,315.08,Yes
CUST-4879,Male,0,Yes,No,48,Yes,Yes,DSL,No,No internet service,Yes,No,No,No,Month-to-month,Yes,Electronic check,111.84,5423.14,Yes
CUST-4880,Male,0,Yes,No,6,Yes,No,Fiber optic,No,No,No,No,Yes,No,Two year,Yes,Credit card (automatic),58.24,367.53,No
CUST-4881,Male,1,No,No,10,Yes,Yes,No,No internet service,No internet service,No,No internet service,No,No internet service,Two year,Yes,Mailed check,114.03,1146.3,No
CUST-4882,Male,0,Yes,Yes,53,Yes,Yes,DSL,No,Yes,No,Yes,No,Yes,Two year,Yes,Electronic check,88.88,4685.18,Yes
CUST-4883,Male,0,Yes,No,44,Yes,No,Fiber optic,No,No,No,No internet service,Yes,Yes,One year,Yes,Bank transfer (automatic),22.47,918.9,No
CUST-4884,Female,0,No,No,22,Yes,No,No,No,Yes,Yes,Yes,No,No,One year,Yes,Mailed check,109.39,2421.86,Yes
CUST-4885,Male,0,Yes,No,27,No,No,DSL,No,No,No internet service,No,Yes,No internet service,Month-to-month,No,Credit card (automatic),66.94,1845.19,Yes
CUST-4886,Female,0,No,No,56,Yes,No,Fiber optic,Yes,No,No internet service,No,No internet service,No,One year,No,Electronic check,64.51,3713.53,Yes
CUST-4887,Female,0,Yes,Yes,25,Yes,No phone service,Fiber optic,Yes,Yes,No,Yes,No,Yes,One year,No,Electronic check,75.18,1859.82,No
CUST-4888,Male,0,No,No,24,Yes,No phone service,Fiber optic,No,No,No,No,No internet service,No,Two year,No,Credit card (automatic),33.26,811.75,Yes
CUST-4889,Female,1,No,No,53,Yes,No,Fiber optic,No,No,No,No,No,No,Two year,No,Bank transfer (automatic),65.4,3521.92,No
CUST-4890,Male,0,Yes,No,28,Yes,No,DSL,No,No,No,No,No,Yes,Two year,Yes,Mailed check,101.78,2907.07,No
CUST-4891,Male,0,No,Yes,35,Yes,Yes,Fiber optic,No internet service,No internet service,No,No,No,No,Two year,No,Credit card (automatic),19.81,662.23,Yes
CUST-4892,Male,0,Yes,Yes,13,Yes,No,DSL,No,No,No,No,No,Yes,Two year,No,Bank transfer (automatic),45.68,579.88,No
CUST-4893,Male,1,No,No,34,No,No,DSL,Yes,No internet service,No internet service,No,No,No,Month-to-month,No,Electronic check,18.5,602.74,No
CUST-4894,Female,0,No,Yes,29,Yes,Yes,Fiber optic,No,No,No,Yes,Yes,No internet service,Two year,No,Bank transfer (automatic),60.03,1695.78,No
CUST-4895,Female,0,No,Yes,16,Yes,Yes,Fiber optic,No,Yes,No,No,No,No,One year,No,Electronic check,91.45,1536.78,Yes
CUST-4896,Male,0,Yes,No,66,Yes,No,DSL,Yes,Yes,No,No internet service,No internet service,No,Month-to-month,Yes,Electronic check,98.53,6506.12,Yes
CUST-4897,Female,0,No,No,29,Yes,Yes,No,Yes,No,Yes,No,No internet service,Yes,Month-to-month,No,Electronic check,113.24,3280.25,Yes
CUST-4898,Male,0,Yes,Yes,44,Yes,Yes,No,No internet service,No,No,No,No,No,One year,No,Mailed check,79.4,3505.99,No
CUST-4899,Male,0,Yes,No,50,Yes,Yes,No,No,Yes,No,No,No,No,Month-to-month,Yes,Bank transfer (automatic),43.84,2194.69,No
CUST-4900,Female,0,No,No,46,Yes,Yes,Fiber optic,No,Yes,Yes,No,No,No,Month-to-month,Yes,Electronic check,111.13,5100.93,No
CUST-4901,Male,0,No,No,52,Yes,No,No,No,No,No,Yes,No,No internet service,One year,Yes,Mailed check,96.17,4962.76,No
CUST-4902,Female,0,Yes,No,63,Yes,No,No,No internet service,No,Yes,No,No internet service,No,Two year,Yes,Mailed check,75.98,4865.0,Yes
CUST-4903,Female,0,No,Yes,37,Yes,Yes,Fiber optic,No,No,No,Yes,No,No,Two year,Yes,Credit card (automatic),88.16,3233.41,No
CUST-4904,Male,0,No,No,63,Yes,Yes,DSL,No internet service,No internet service,Yes,Yes,Yes,No,Month-to-month,No,Mailed check,111.14,6955.29,Yes
CUST-4905,Female,0,Yes,No,6,Yes,Yes,DSL,Yes,No,No internet service,Yes,No,No,Month-to-month,Yes,Electronic check,89.85,535.07,Yes
CUST-4906,Female,1,No,No,21,Yes,No,Fiber optic,No internet service,No,No,No internet service,No internet service,No internet service,Month-to-month,Yes,Electronic check,55.27,1268.55,No
CUST-4907,Male,1,No,No,40,Yes,Yes,No,No internet service,No internet service,No internet service,No,No,Yes,Month-to-month,Yes,Electronic check,89.91,3555.32,No
CUST-4908,Female,1,No,Yes,9,Yes,No,Fiber optic,Yes,No internet service,Yes,No,No,No,Month-to-month,No,Electronic check,22.3,236.18,No
CUST-4909,Female,0,No,No,56,Yes,No,Fiber optic,Yes,No,No,Yes,No,No,Two year,No,Electronic check,57.08,3184.16,No
CUST-4910,Female,0,No,No,6,Yes,Yes,DSL,Yes,No internet service,No,Yes,No,No,One year,Yes,Electronic check,59.09,366.78,Yes
CUST-4911,Female,1,No,Yes,49,Yes,No,DSL,No,Yes,Yes,No,No,No,Month-to-month,Yes,Credit card (automatic),35.02,1762.09,No
CUST-4912,Male,0,No,No,51,Yes,No,Fiber optic,No,No,Yes,Yes,No,No,Month-to-month,Yes,Mailed check,20.57,963.09,Yes
CUST-4913,Male,0,No,No,32,Yes,Yes,No,Yes,No,No internet service,No internet service,No,No,Month-to-month,Yes,Mailed check,31.65,967.98,Yes
CUST-4914,Female,0,Yes,No,0,Yes,No phone service,Fiber optic,No,No,No internet service,No internet service,No,Yes,Month-to-month,No,Mailed check,84.04, ,Yes
CUST-4915,Female,1,Yes,No,52,No,Yes,No,Yes,Yes,No internet service,No internet service,No,Yes,Month-to-month,Yes,Electronic check,98.88,5146.63,Yes
CUST-4916,Male,0,No,No,59,Yes,No,DSL,No,Yes,No internet service,Yes,No internet service,No,Two year,Yes,Electronic check,117.56,6946.63,Yes
CUST-4917,Male,0,Yes,Yes,33,Yes,Yes,Fiber optic,Yes,Yes,No,Yes,No,No,Month-to-month,No,Mailed check,53.06,1786.55,No
CUST-4918,Female,0,Yes,Yes,3,Yes,Yes,Fiber optic,No,Yes,No,No,Yes,No internet service,Month-to-month,No,Bank transfer (automatic),78.49,190.99,No
CUST-4919,Female,0,No,No,16,Yes,No,No,No,No,Yes,No,No,No internet service,Month-to-month,Yes,Credit card (automatic),112.43,1851.63,Yes
CUST-4920,Male,0,Yes,No,3,Yes,Yes,DSL,Yes,Yes,No,Yes,No,No internet service,One year,Yes,Mailed check,35.04,146.11,No
CUST-4921,Female,0,No,No,42,Yes,Yes,DSL,Yes,No internet service,Yes,No,No,Yes,Month-to-month,Yes,Mailed check,90.37,3807.46,No
CUST-4922,Female,0,Yes,Yes,3,Yes,Yes,DSL,No,No,Yes,No,No,No,Month-to-month,No,Electronic check,94.13,305.8,Yes
CUST-4923,Female,0,Yes,No,0,Yes,No,No,No internet service,No internet service,No,No,No,Yes,Month-to-month,Yes,Bank transfer (automatic),27.19, ,No
CUST-4924,Female,0,No,Yes,70,Yes,No,DSL,No,No,No,No,No,No,One year,Yes,Bank transfer (automatic),104.81,7307.01,Yes
CUST-4925,Male,0,No,Yes,49,Yes,No,DSL,No internet service,No,No,No,No,No internet service,Month-to-month,Yes,Bank transfer (automatic),99.97,4931.6,Yes
CUST-4926,Male,0,No,No,72,Yes,No,Fiber optic,No internet service,No,No,Yes,No,Yes,Month-to-month,No,Credit card (automatic),21.61,1643.14,Yes
CUST-4927,Male,0,No,Yes,60,Yes,No,Fiber optic,No,No,No internet service,Yes,No,No,Month-to-month,Yes,Electronic check,27.4,1676.03,Yes
CUST-4928,Male,0,Yes,No,34,No,Yes,No,Yes,No internet service,No,No internet service,No,No,Month-to-month,Yes,Mailed check,23.19,777.34,No
CUST-4929,Male,1,Yes,No,7,Yes,No phone service,No,Yes,No internet service,No internet service,No,No,No,Month-to-month,Yes,Mailed check,51.89,479.14,No
CUST-4930,Male,0,No,No,23,Yes,No,Fiber optic,No,Yes,No,No,No internet service,No,Month-to-month,Yes,Bank transfer (automatic),69.43,1608.43,Yes
CUST-4931,Male,0,Yes,No,35,Yes,No,No,No,No,Yes,No internet service,No,No,Month-to-month,Yes,Electronic check,71.75,2581.18,Yes
CUST-4932,Male,0,Yes,No,49,Yes,No,Fiber optic,No,No,No internet service,Yes,No,No,Month-to-month,No,Bank transfer (automatic),45.15,2191.27,Yes
CUST-4933,Male,0,Yes,No,42,Yes,Yes,DSL,No,No internet service,No,No,Yes,No,Month-to-month,Yes,Electronic check,109.87,4667.93,Yes
CUST-4934,Female,0,No,No,26,Yes,No,No,No,No,Yes,No,Yes,No internet service,Month-to-month,No,Credit card (automatic),55.26,1409.44,Yes
CUST-4935,Male,0,Yes,Yes,31,No,No,Fiber optic,No,No,Yes,Yes,No internet service,No internet service,Month-to-month,Yes,Bank transfer (automatic),22.83,723.9,Yes
CUST-4936,Female,0,No,No,17,Yes,No,Fiber optic,No,No,Yes,No,No,No internet service,Two year,Yes,Electronic check,48.42,792.8,Yes
CUST-4937,Female,0,Yes,No,27,Yes,Yes,Fiber optic,No,Yes,No,Yes,No internet service,No,One year,Yes,Mailed check,71.63,2029.07,Yes
CUST-4938,Female,0,Yes,No,28,Yes,Yes,Fiber optic,No internet service,No,No,No,No internet service,No,Two year,Yes,Electronic check,59.28,1648.78,No
CUST-4939,Male,0,No,Yes,15,Yes,No,DSL,No,No,No internet service,No,No,Yes,Two year,Yes,Electronic check,45.77,631.15,No
CUST-4940,Female,1,No,Yes,46,Yes,No,Fiber optic,No internet service,No,No,No,Yes,No,Two year,No,Credit card (automatic),31.45,1451.46,Yes
CUST-4941,Male,0,No,No,58,Yes,Yes,No,No,No,No,No,No,No,Two year,Yes,Bank transfer (automatic),100.58,5860.49,Yes
CUST-4942,Male,0,Yes,No,30,Yes,Yes,Fiber optic,No,No internet service,No,Yes,No internet service,Yes,One year,Yes,Electronic check,118.36,3549.47,Yes
CUST-4943,Male,0,No,Yes,3,Yes,No,DSL,No internet service,No,No internet service,No,No internet service,No,Month-to-month,Yes,Bank transfer (automatic),51.37,113.44,Yes
CUST-4944,Female,0,Yes,No,36,Yes,Yes,No,Yes,No,Yes,No,No internet service,No,Month-to-month,Yes,Electronic check,56.6,2089.47,No
CUST-4945,Female,0,Yes,Yes,16,Yes,Yes,DSL,No internet service,No,Yes,Yes,No internet service,No,One year,No,Credit card (automatic),80.36,1348.72,No
CUST-4946,Male,0,Yes,No,38,No,No,DSL,No,No,No internet service,No,Yes,No,Two year,Yes,Credit card (automatic),90.45,3354.7,Yes
CUST-4947,Female,0,Yes,No,47,Yes,No,DSL,No,No,Yes,No,No,No,Month-to-month,Yes,Mailed check,57.65,2665.7,Yes
CUST-4948,Male,0,Yes,Yes,45,Yes,No,DSL,No,No,No internet service,No,No,No,One year,Yes,Electronic check,109.2,4906.03,Yes
CUST-4949,Female,1,No,Yes,47,Yes,Yes,Fiber optic,Yes,No,No,No internet service,No,No internet service,Month-to-month,No,Electronic check,74.53,3476.36,Yes
CUST-4950,Female,0,Yes,No,38,Yes,No phone service,Fiber optic,No,No,No,Yes,No,No,Month-to-month,No,Mailed check,63.51,2439.68,Yes
CUST-4951,Female,1,No,No,3,No,No,No,No,No,Yes,No,No,No,Month-to-month,No,Electronic check,83.24,341.69,No
CUST-4952,Male,0,Yes,No,29,Yes,Yes,No,No,Yes,Yes,No,No,No internet service,Month-to-month,No,Credit card (automatic),114.01,3287.24,Yes
CUST-4953,Female,1,No,No,29,Yes,No,No,Yes,No,No internet service,No internet service,Yes,No,Month-to-month,Yes,Electronic check,98.1,2923.74,Yes
CUST-4954,Male,0,No,No,21,Yes,No,Fiber optic,No,No,No internet service,No internet service,No,Yes,One year,Yes,Bank transfer (automatic),22.27,394.25,No
CUST-4955,Female,0,No,No,65,Yes,Yes,Fiber optic,No,Yes,No internet service,No,No,No,Two year,Yes,Credit card (automatic),51.65,3380.04,No
CUST-4956,Female,0,No,Yes,11,Yes,No,No,No,No,No internet service,No,Yes,No,Two year,Yes,Electronic check,65.54,691.2,No
CUST-4957,Male,1,Yes,No,35,Yes,Yes,Fiber optic,Yes,No,No,No,No,Yes,Month-to-month,Yes,Electronic check,49.86,1768.97,Yes
CUST-4958,Female,0,Yes,No,17,Yes,No,No,No,No,No internet service,No,Yes,No,Two year,Yes,Credit card (automatic),88.62,1418.7,No
CUST-4959,Male,0,Yes,No,52,No,Yes,Fiber optic,Yes,No,Yes,No,No,No internet service,Month-to-month,Yes,Electronic check,101.29,5202.81,Yes
CUST-4960,Male,0,No,Yes,70,No,Yes,Fiber optic,Yes,No,No internet service,No internet service,No,Yes,Month-to-month,No,Electronic check,91.75,6446.27,Yes
CUST-4961,Female,0,Yes,Yes,0,Yes,No,Fiber optic,Yes,Yes,No,No,No internet service,No,One year,Yes,Bank transfer (automatic),117.68, ,No
CUST-4962,Male,0,Yes,No,57,Yes,Yes,Fiber optic,Yes,No internet service,No,Yes,Yes,No internet service,Month-to-month,No,Electronic check,45.64,2585.32,Yes
CUST-4963,Female,0,No,No,5,Yes,No phone service,Fiber optic,No,No,No,No internet service,No internet service,No internet service,Month-to-month,Yes,Electronic check,106.19,622.76,Yes
CUST-4964,Male,0,No,No,69,Yes,Yes,Fiber optic,No,No,No internet service,No,No,No,Month-to-month,Yes,Mailed check,95.3,6582.58,Yes
CUST-4965,Male,0,No,Yes,43,Yes,No,Fiber optic,No internet service,No,No,No,Yes,No,One year,Yes,Electronic check,54.65,2395.03,No
CUST-4966,Female,0,No,Yes,71,Yes,No phone service,No,No,No,No,Yes,No,No,Month-to-month,No,Electronic check,92.03,6496.17,Yes
CUST-4967,Male,0,No,Yes,23,Yes,No,No,No,Yes,No internet service,No,No internet service,No,One year,Yes,Mailed check,28.71,593.27,Yes
CUST-4968,Male,0,Yes,No,18,Yes,Yes,DSL,No internet service,No,Yes,No,No,No,One year,Yes,Electronic check,97.58,1752.4,No
CUST-4969,Male,0,No,No,17,No,Yes,DSL,No,Yes,Yes,No internet service,No,Yes,One year,No,Mailed check,71.75,1145.23,Yes
CUST-4970,Male,0,Yes,No,29,Yes,No,Fiber optic,No,No,Yes,No,Yes,Yes,Two year,Yes,Mailed check,47.63,1346.34,Yes
CUST-4971,Female,0,Yes,Yes,41,Yes,Yes,Fiber optic,Yes,No,No internet service,No,No,Yes,Month-to-month,Yes,Electronic check,84.16,3462.45,Yes
CUST-4972,Female,0,No,No,32,Yes,No,DSL,No,No,No,No internet service,Yes,Yes,Month-to-month,No,Mailed check,82.73,2641.8,Yes
CUST-4973,Female,0,Yes,No,11,Yes,Yes,Fiber optic,Yes,Yes,Yes,No internet service,No,No,Month-to-month,No,Electronic check,39.3,449.03,Yes
CUST-4974,Male,0,Yes,No,26,Yes,No phone service,No,No internet service,No,No,No,No,No internet service,Month-to-month,Yes,Credit card (automatic),21.3,583.82,No
CUST-4975,Male,0,Yes,No,38,Yes,No,No,No,No internet service,No,No,No,No internet service,One year,Yes,Bank transfer (automatic),61.83,2289.75,Yes
CUST-4976,Female,0,No,No,8,Yes,Yes,Fiber optic,No,No,No internet service,No,No,No,Month-to-month,Yes,Mailed check,75.49,556.82,Yes
CUST-4977,Female,0,Yes,No,20,Yes,No,Fiber optic,No,Yes,No,No,No internet service,No,Month-to-month,Yes,Electronic check,106.35,2018.07,Yes
CUST-4978,Female,0,No,No,28,Yes,No phone service,Fiber optic,No,No internet service,Yes,No internet service,No,Yes,Two year,Yes,Electronic check,111.54,3104.59,No
CUST-4979,Male,1,No,No,32,Yes,No,DSL,No internet service,No,No,Yes,No,No internet service,One year,Yes,Credit card (automatic),71.39,2321.32,Yes
CUST-4980,Female,0,No,Yes,61,Yes,No,Fiber optic,No,No,Yes,No,Yes,Yes,One year,No,Electronic check,94.01,5809.17,Yes
CUST-4981,Male,1,Yes,No,14,Yes,No,DSL,Yes,No,No,No internet service,No,Yes,Two year,Yes,Electronic check,62.4,883.12,No
CUST-4982,Male,0,No,No,1,Yes,Yes,Fiber optic,No,No internet service,No,No internet service,No,No,Two year,Yes,Mailed check,93.23,161.89,Yes
CUST-4983,Female,0,Yes,No,51,No,No,DSL,No internet service,No,No,Yes,No internet service,No,One year,No,Mailed check,38.83,1999.52,Yes
CUST-4984,Male,0,No,No,43,Yes,Yes,Fiber optic,No internet service,No,No internet service,No,No internet service,Yes,Month-to-month,No,Electronic check,55.54,2393.59,Yes
CUST-4985,Female,0,Yes,No,53,Yes,No,Fiber optic,No,Yes,Yes,No,No,No internet service,Two year,Yes,Bank transfer (automatic),81.99,4314.91,Yes
CUST-4986,Female,1,No,No,17,Yes,No,Fiber optic,No,Yes,Yes,No,No internet service,Yes,One year,Yes,Credit card (automatic),20.07,221.93,No
CUST-4987,Male,1,Yes,No,2,No,No,DSL,No,No,No,Yes,No,No,Month-to-month,Yes,Mailed check,90.86,242.88,Yes
CUST-4988,Male,1,Yes,No,6,Yes,No,DSL,Yes,No,No internet service,No,No,No,Month-to-month,Yes,Credit card (automatic),102.22,610.66,No
CUST-4989,Female,0,No,No,42,Yes,No,Fiber optic,No,Yes,No,No,No,No,One year,No,Electronic check,58.36,2520.53,No
CUST-4990,Female,0,No,Yes,37,Yes,No,DSL,No,No,No internet service,No,No internet service,No,Two year,No,Credit card (automatic),63.27,2293.51,No
CUST-4991,Female,0,Yes,No,36,Yes,Yes,DSL,No internet service,No,No,No internet service,No,No,Month-to-month,No,Electronic check,103.8,3858.24,Yes
CUST-4992,Female,0,Yes,Yes,57,Yes,No phone service,Fiber optic,No,Yes,No internet service,No,No internet service,No internet service,Month-to-month,No,Mailed check,96.2,5470.96,Yes
CUST-4993,Female,0,Yes,Yes,32,Yes,No phone service,Fiber optic,No internet service,No internet service,Yes,Yes,Yes,No,Two year,Yes,Mailed check,47.21,1476.11,No
CUST-4994,Female,1,Yes,No,58,Yes,Yes,DSL,No,No internet service,No,Yes,No,No internet service,Two year,Yes,Electronic check,50.81,2936.25,Yes
CUST-4995,Male,0,Yes,No,10,Yes,No,Fiber optic,Yes,No,No,No,No,Yes,Month-to-month,Yes,Electronic check,86.48,873.32,No
CUST-4996,Male,0,Yes,No,67,Yes,No,No,Yes,No internet service,Yes,No,No internet service,No,Month-to-month,Yes,Electronic check,74.85,5011.45,Yes
CUST-4997,Male,0,Yes,No,67,Yes,Yes,No,No internet service,Yes,No internet service,No,No,No,One year,Yes,Mailed check,34.55,2289.08,Yes
CUST-4998,Female,0,Yes,No,21,Yes,No,DSL,No internet service,No internet service,No internet service,No internet service,Yes,No,Month-to-month,Yes,Mailed check,49.4,947.23,Yes
CUST-4999,Male,0,No,Yes,65,Yes,Yes,No,No,No,No,No internet service,No internet service,No,Two year,Yes,Mailed check,108.7,7025.28,Yes
CUST-5000,Female,0,No,No,43,Yes,No,Fiber optic,No,Yes,No,Yes,No,No,Month-to-month,No,Mailed check,87.41,3812.35,Yes
CUST-5001,Female,0,Yes,No,5,Yes,No,No,No internet service,No,Yes,No,No internet service,No,Month-to-month,Yes,Mailed check,117.34,542.71,Yes
CUST-5002,Male,0,No,No,41,Yes,Yes,Fiber optic,Yes,No internet service,No internet service,No,No,No,Month-to-month,No,Credit card (automatic),95.33,3822.68,Yes
CUST-5003,Male,0,Yes,No,24,Yes,Yes,Fiber optic,No,No,No,No,No,No internet service,Month-to-month,Yes,Mailed check,112.92,2657.31,Yes
CUST-5004,Female,0,No,Yes,56,Yes,Yes,Fiber optic,No internet service,No,Yes,No,No,No,Month-to-month,No,Credit card (automatic),39.98,2234.45,Yes
CUST-5005,Male,1,No,Yes,54,Yes,No,Fiber optic,No,Yes,No,Yes,No internet service,No,Month-to-month,Yes,Electronic check,95.78,5134.16,Yes
CUST-5006,Female,1,No,No,15,Yes,No,No,No internet service,No,Yes,Yes,No internet service,No internet service,One year,Yes,Electronic check,20.28,290.21,No
CUST-5007,Male,0,Yes,No,13,Yes,No,DSL,No,No,Yes,Yes,Yes,No,Month-to-month,Yes,Bank transfer (automatic),85.66,1073.66,No
CUST-5008,Male,0,Yes,Yes,38,Yes,No,DSL,No,No,No,No,No internet service,No internet service,Two year,Yes,Electronic check,65.41,2536.07,No
CUST-5009,Male,0,No,No,27,Yes,Yes,Fiber optic,Yes,Yes,No,Yes,No,No internet service,Month-to-month,Yes,Mailed check,53.1,1458.24,No
CUST-5010,Male,1,Yes,Yes,50,Yes,No phone service,No,Yes,No internet service,Yes,No,No internet service,No,One year,No,Electronic check,104.92,5356.9,Yes
CUST-5011,Male,0,No,Yes,48,Yes,No,Fiber optic,Yes,No internet service,No internet service,No internet service,No,Yes,Month-to-month,Yes,Electronic check,104.1,4977.71,Yes
CUST-5012,Male,0,Yes,Yes,8,Yes,Yes,Fiber optic,No internet service,No,Yes,Yes,Yes,No,Month-to-month,Yes,Bank transfer (automatic),20.49,149.68,No
CUST-5013,Male,0,No,No,57,Yes,No,Fiber optic,No internet service,No,No internet service,No,No internet service,No internet service,One year,No,Credit card (automatic),79.51,4591.25,Yes
CUST-5014,Female,0,Yes,No,44,Yes,Yes,DSL,No,No,Yes,No,No,No,One year,Yes,Electronic check,55.22,2449.23,No
CUST-5015,Male,0,No,No,21,Yes,No,Fiber optic,No,No internet service,No internet service,No,Yes,No internet service,Two year,Yes,Mailed check,60.02,1213.34,No
CUST-5016,Female,0,Yes,No,31,Yes,Yes,Fiber optic,Yes,No internet service,Yes,Yes,Yes,No,One year,No,Mailed check,101.87,3185.79,Yes
CUST-5017,Female,0,No,Yes,68,No,No,No,No,Yes,No internet service,No,No,Yes,One year,Yes,Electronic check,49.39,3378.35,Yes
CUST-5018,Male,0,No,No,68,No,Yes,DSL,Yes,No,No,No,No,No,Month-to-month,Yes,Mailed check,113.03,7596.35,Yes
CUST-5019,Female,1,Yes,No,41,Yes,No,Fiber optic,Yes,Yes,Yes,No internet service,No,Yes,Two year,Yes,Credit card (automatic),36.3,1455.73,No
CUST-5020,Male,0,No,No,52,Yes,Yes,DSL,Yes,No,No,No,No internet service,No internet service,One year,Yes,Credit card (automatic),84.85,4421.72,Yes
CUST-5021,Male,0,No,No,58,Yes,Yes,DSL,No,No internet service,Yes,No,No,No,Two year,Yes,Credit card (automatic),85.8,5048.71,Yes
CUST-5022,Male,0,Yes,No,38,Yes,Yes,Fiber optic,No,No,Yes,Yes,No,No internet service,Two year,Yes,Mailed check,43.6,1691.7,No
CUST-5023,Female,0,Yes,No,14,Yes,No,Fiber optic,No,No,No,Yes,No,Yes,Month-to-month,No,Credit card (automatic),50.89,684.26,Yes
CUST-5024,Male,0,No,Yes,70,Yes,No,DSL,No,No,No,No,No internet service,No internet service,Month-to-month,Yes,Credit card (automatic),102.15,7115.09,Yes
CUST-5025,Female,0,No,Yes,28,Yes,No,DSL,No,No,No,No,No,No,One year,Yes,Mailed check,94.81,2694.57,No
CUST-5026,Female,0,Yes,Yes,2,No,No,Fiber optic,No,Yes,No,No internet service,No internet service,No,One year,No,Electronic check,51.32,-18.68,No
CUST-5027,Male,0,No,No,9,Yes,No,No,No internet service,No internet service,No,Yes,No,Yes,One year,Yes,Electronic check,71.91,606.81,No
CUST-5028,Male,0,No,Yes,28,Yes,No,DSL,No,No,Yes,No internet service,Yes,Yes,Two year,Yes,Bank transfer (automatic),24.45,755.07,No
CUST-5029,Male,0,Yes,No,34,Yes,No phone service,Fiber optic,No,No internet service,Yes,Yes,No internet service,No,Month-to-month,Yes,Bank transfer (automatic),39.23,1348.66,Yes
CUST-5030,Female,0,No,No,5,Yes,Yes,DSL,Yes,No,No,No internet service,No internet service,No,Month-to-month,Yes,Credit card (automatic),67.07,297.42,Yes
CUST-5031,Female,0,Yes,No,11,Yes,Yes,No,No,No,No,No,No,No,Month-to-month,No,Electronic check,26.89,235.69,Yes
CUST-5032,Male,0,Yes,No,37,Yes,Yes,Fiber optic,No,Yes,Yes,No,No,No,One year,No,Credit card (automatic),103.0,3852.99,Yes
CUST-5033,Female,0,Yes,No,18,Yes,No,No,Yes,No,No,No internet service,No,No internet service,One year,No,Electronic check,90.41,1631.27,No
CUST-5034,Male,0,Yes,No,66,Yes,No,DSL,No,No internet service,No internet service,Yes,No,No,Month-to-month,No,Bank transfer (automatic),113.09,7453.0,No
CUST-5035,Male,0,No,No,7,Yes,Yes,Fiber optic,No,No internet service,No internet service,No,No,Yes,One year,Yes,Credit card (automatic),87.94,634.28,No
CUST-5036,Female,0,Yes,No,7,Yes,Yes,Fiber optic,No,No internet service,No internet service,Yes,Yes,No,Month-to-month,No,Credit card (automatic),112.76,797.55,No
CUST-5037,Female,0,No,Yes,46,Yes,No,DSL,No internet service,Yes,No,No,No,No,Month-to-month,No,Electronic check,73.98,3407.48,Yes
CUST-5038,Female,0,Yes,No,3,No,Yes,DSL,No,No,Yes,Yes,No,No internet service,One year,Yes,Electronic check,78.57,169.5,No
CUST-5039,Male,0,No,No,50,Yes,No,Fiber optic,Yes,Yes,No,No,No internet service,No,Month-to-month,No,Mailed check,116.44,5770.68,Yes
CUST-5040,Female,0,Yes,No,66,Yes,Yes,Fiber optic,Yes,No internet service,No,Yes,Yes,No internet service,One year,Yes,Electronic check,82.78,5500.89,Yes
CUST-5041,Female,0,No,No,44,Yes,Yes,DSL,No,No,No internet service,No,No internet service,No,Two year,No,Mailed check,21.34,966.92,No
CUST-5042,Male,0,No,No,7,Yes,No phone service,Fiber optic,Yes,No internet service,Yes,No,Yes,No,Two year,Yes,Credit card (automatic),90.99,656.04,No
CUST-5043,Female,0,No,No,15,No,Yes,DSL,No internet service,Yes,Yes,No internet service,Yes,No,Month-to-month,No,Credit card (automatic),109.25,1609.42,Yes
CUST-5044,Female,0,No,No,66,Yes,Yes,DSL,No internet service,Yes,No,No internet service,No internet service,Yes,Month-to-month,Yes,Bank transfer (automatic),98.21,6520.12,Yes
CUST-5045,Female,0,Yes,No,8,Yes,No phone service,Fiber optic,No internet service,Yes,No,No,No,Yes,One year,No,Bank transfer (automatic),76.93,596.9,Yes
CUST-5046,Female,0,No,No,59,Yes,No,DSL,No,No,No internet service,No internet service,No,Yes,Two year,Yes,Bank transfer (automatic),85.72,5122.56,Yes
CUST-5047,Female,0,Yes,No,70,Yes,No,Fiber optic,Yes,No internet service,No,No internet service,No,No,Two year,Yes,Credit card (automatic),117.76,8205.86,Yes
CUST-5048,Male,0,Yes,No,14,Yes,No,Fiber optic,No,Yes,No,No internet service,No,Yes,Month-to-month,Yes,Bank transfer (automatic),27.36,356.78,No
CUST-5049,Male,0,No,No,70,Yes,Yes,Fiber optic,No,Yes,No internet service,No,No,No,Month-to-month,Yes,Mailed check,85.31,5964.13,Yes
CUST-5050,Male,0,Yes,Yes,40,Yes,Yes,Fiber optic,Yes,Yes,No internet service,No internet service,No,Yes,One year,Yes,Bank transfer (automatic),46.73,1911.57,Yes
CUST-5051,Male,0,No,Yes,21,Yes,Yes,No,No internet service,Yes,Yes,No,No,No,One year,Yes,Credit card (automatic),82.58,1732.43,No
CUST-5052,Male,0,No,Yes,23,Yes,Yes,Fiber optic,No internet service,Yes,No internet service,No,Yes,No,Month-to-month,No,Electronic check,79.32,1826.24,No
CUST-5053,Female,0,No,No,43,Yes,No,Fiber optic,No,No,No,No internet service,No internet service,No,Month-to-month,Yes,Credit card (automatic),33.67,1428.23,Yes
CUST-5054,Female,0,No,No,0,Yes,Yes,DSL,No,Yes,No internet service,No internet service,No,Yes,One year,No,Electronic check,39.03, ,No
CUST-5055,Male,0,Yes,Yes,9,Yes,Yes,Fiber optic,No,No,Yes,No internet service,No,No internet service,Month-to-month,Yes,Bank transfer (automatic),80.72,722.94,Yes
CUST-5056,Female,0,No,No,71,Yes,No,Fiber optic,No,No internet service,No internet service,No internet service,Yes,No,Month-to-month,Yes,Electronic check,31.14,2171.72,Yes
CUST-5057,Female,0,No,No,55,Yes,Yes,DSL,No,No,Yes,No,No,No,Month-to-month,Yes,Mailed check,44.9,2475.86,Yes
CUST-5058,Female,1,No,No,49,No,No phone service,Fiber optic,No,Yes,No,Yes,Yes,No,Month-to-month,Yes,Electronic check,102.19,5014.85,Yes
CUST-5059,Male,1,Yes,No,11,Yes,No,DSL,No,Yes,Yes,No,No,No,One year,Yes,Electronic check,51.12,679.81,No
CUST-5060,Male,0,No,No,59,Yes,No,DSL,No,Yes,Yes,No,No,Yes,Month-to-month,No,Mailed check,67.3,3940.15,Yes
CUST-5061,Female,0,No,No,25,Yes,No,DSL,No,No,Yes,No,No,No,Month-to-month,No,Electronic check,112.83,2778.78,Yes
CUST-5062,Male,0,Yes,Yes,40,Yes,Yes,Fiber optic,No,No,No,No internet service,No,No internet service,Month-to-month,No,Mailed check,41.08,1657.15,Yes
CUST-5063,Male,0,No,No,35,No,No,Fiber optic,Yes,No internet service,No,No,No,Yes,Month-to-month,Yes,Bank transfer (automatic),57.41,1959.71,No
CUST-5064,Female,0,No,No,22,Yes,Yes,DSL,No internet service,Yes,Yes,Yes,No,No internet service,One year,No,Electronic check,79.2,1688.75,Yes
CUST-5065,Male,0,No,No,42,Yes,No,Fiber optic,No internet service,No,No,No,No,Yes,Month-to-month,Yes,Credit card (automatic),94.16,3882.88,Yes
CUST-5066,Female,0,Yes,No,5,Yes,No,DSL,No,Yes,No,No internet service,No,No internet service,One year,Yes,Mailed check,108.87,505.62,No
CUST-5067,Male,0,Yes,No,68,Yes,No,DSL,No,No,No internet service,No,No internet service,No,Month-to-month,Yes,Credit card (automatic),110.26,7460.19,Yes
CUST-5068,Female,0,No,No,42,Yes,Yes,Fiber optic,No,Yes,Yes,Yes,Yes,No,Month-to-month,No,Bank transfer (automatic),96.3,3980.44,Yes
CUST-5069,Female,0,Yes,Yes,24,Yes,Yes,Fiber optic,Yes,Yes,No,No,No internet service,Yes,Month-to-month,No,Electronic check,41.2,976.29,No
CUST-5070,Male,0,No,Yes,17,Yes,No,DSL,Yes,Yes,No,Yes,No,No,Month-to-month,No,Mailed check,20.74,234.28,Yes
CUST-5071,Female,0,Yes,No,61,Yes,Yes,DSL,No,Yes,Yes,Yes,No,No,One year,Yes,Electronic check,56.82,3490.61,No
CUST-5072,Female,0,No,No,12,Yes,No,No,Yes,Yes,No,No,No,Yes,Month-to-month,No,Electronic check,32.48,361.92,Yes
CUST-5073,Male,0,No,Yes,42,Yes,No,DSL,No,No,No,No,No,No,Two year,No,Bank transfer (automatic),89.64,3744.39,Yes
CUST-5074,Female,0,Yes,No,27,Yes,Yes,DSL,No,No,No internet service,No,No,No,Month-to-month,Yes,Bank transfer (automatic),84.69,2315.97,Yes
CUST-5075,Male,0,No,Yes,17,Yes,No,Fiber optic,Yes,Yes,No internet service,Yes,No,No internet service,Month-to-month,No,Electronic check,22.67,403.98,Yes
CUST-5076,Male,0,No,No,58,Yes,Yes,Fiber optic,No,Yes,No,Yes,Yes,No internet service,Month-to-month,Yes,Electronic check,102.33,5903.64,Yes
CUST-5077,Male,0,No,No,59,Yes,Yes,Fiber optic,No,No,No,Yes,No internet service,No internet service,Two year,Yes,Mailed check,43.25,2574.34,Yes
CUST-5078,Male,0,No,No,62,Yes,No,No,No,Yes,No,No,No internet service,No internet service,Month-to-month,No,Mailed check,61.69,3902.22,No
CUST-5079,Male,1,Yes,No,56,Yes,Yes,DSL,No,No internet service,No,No internet service,No,No,Month-to-month,Yes,Bank transfer (automatic),85.38,4730.67,Yes
CUST-5080,Female,0,Yes,No,50,Yes,No,Fiber optic,No,No,Yes,No,Yes,Yes,Month-to-month,Yes,Credit card (automatic),61.41,3108.19,Yes
CUST-5081,Female,0,Yes,No,55,Yes,No,DSL,No,Yes,No internet service,No,No internet service,Yes,Month-to-month,No,Electronic check,62.6,3387.34,Yes
CUST-5082,Male,0,Yes,No,26,Yes,No,Fiber optic,No,No internet service,No,No internet service,Yes,No internet service,Two year,Yes,Mailed check,24.85,704.87,No
CUST-5083,Female,0,No,Yes,31,Yes,Yes,No,No internet service,No,No,Yes,Yes,No,Month-to-month,Yes,Mailed check,58.6,1781.0,Yes
CUST-5084,Male,0,No,No,8,Yes,No,Fiber optic,No internet service,No,No,Yes,Yes,No internet service,Two year,No,Credit card (automatic),95.12,723.45,No
CUST-5085,Female,0,Yes,Yes,67,Yes,Yes,Fiber optic,No,No,Yes,No,Yes,No,One year,Yes,Mailed check,110.23,7442.87,Yes
CUST-5086,Male,0,No,Yes,45,Yes,Yes,No,No internet service,No,No internet service,Yes,Yes,No internet service,Month-to-month,Yes,Electronic check,59.81,2727.53,No
CUST-5087,Female,0,No,No,66,Yes,No,DSL,No internet service,Yes,No,No,No,No internet service,Month-to-month,Yes,Bank transfer (automatic),60.82,3980.17,Yes
CUST-5088,Female,0,No,Yes,25,Yes,No,Fiber optic,No,No,No,No,Yes,Yes,One year,Yes,Electronic check,88.86,2227.87,Yes
CUST-5089,Female,0,No,Yes,7,Yes,No,No,No internet service,No,No,No,No,No,Month-to-month,No,Electronic check,113.0,755.5,Yes
CUST-5090,Female,0,Yes,No,5,Yes,Yes,Fiber optic,Yes,No,Yes,Yes,No,Yes,Month-to-month,No,Electronic check,45.09,145.81,Yes
CUST-5091,Female,1,Yes,No,23,Yes,No,DSL,No internet service,No internet service,Yes,No,No,No,One year,Yes,Bank transfer (automatic),62.48,1446.5,Yes
CUST-5092,Male,0,Yes,No,47,Yes,No,DSL,No,No internet service,No,Yes,Yes,Yes,Two year,No,Credit card (automatic),98.25,4599.93,Yes
CUST-5093,Female,0,No,No,44,Yes,No phone service,DSL,No,No internet service,No internet service,No,No,No,One year,Yes,Mailed check,79.52,3451.59,Yes
CUST-5094,Female,0,Yes,Yes,12,Yes,Yes,DSL,No,Yes,No internet service,Yes,No internet service,Yes,One year,Yes,Mailed check,29.36,417.56,No
CUST-5095,Male,0,No,Yes,68,Yes,No,Fiber optic,No,No,No,No,No,No,Month-to-month,Yes,Bank transfer (automatic),81.34,5485.52,Yes
CUST-5096,Female,0,No,No,24,Yes,Yes,DSL,No,No,No internet service,No,No,No,Month-to-month,Yes,Credit card (automatic),37.02,895.68,Yes
CUST-5097,Female,1,No,No,19,No,No,DSL,No,No,No internet service,No,No internet service,No,Month-to-month,Yes,Credit card (automatic),69.53,1375.07,Yes
CUST-5098,Male,0,No,Yes,65,Yes,Yes,Fiber optic,Yes,No,No,No internet service,No,No internet service,One year,No,Electronic check,71.42,4629.5,Yes
CUST-5099,Female,0,No,No,44,Yes,Yes,Fiber optic,No,Yes,Yes,No,No,Yes,Two year,Yes,Credit card (automatic),106.31,4640.93,No
CUST-5100,Female,0,No,No,46,Yes,No,Fiber optic,No,No,No,No,No,No,Month-to-month,No,Bank transfer (automatic),64.73,2992.47,Yes
CUST-5101,Male,1,Yes,No,62,Yes,Yes,Fiber optic,Yes,No internet service,No internet service,No internet service,No,Yes,Month-to-month,No,Electronic check,46.33,2895.24,No
CUST-5102,Female,0,Yes,No,54,Yes,Yes,DSL,Yes,No,No,No,Yes,Yes,Month-to-month,No,Credit card (automatic),41.46,2282.67,No
CUST-5103,Female,0,No,No,18,Yes,Yes,DSL,No internet service,Yes,No,No internet service,Yes,No,Two year,No,Electronic check,106.11,2003.54,No
CUST-5104,Male,0,Yes,No,34,Yes,No,DSL,No,No,No,No,No,No internet service,One year,No,Mailed check,35.44,1182.1,No
CUST-5105,Female,1,Yes,No,52,Yes,No phone service,Fiber optic,No,No,No internet service,No internet service,No,No internet service,Month-to-month,Yes,Mailed check,61.05,3184.39,Yes
CUST-5106,Male,0,Yes,Yes,25,Yes,Yes,DSL,No,No,Yes,Yes,No,No,Two year,No,Mailed check,37.06,863.04,No
CUST-5107,Male,0,No,Yes,13,Yes,Yes,Fiber optic,Yes,No,No,No,Yes,No,Two year,No,Credit card (automatic),95.97,1280.93,No
CUST-5108,Female,0,Yes,No,44,Yes,No phone service,DSL,Yes,No,Yes,Yes,No internet service,No,Month-to-month,No,Credit card (automatic),65.92,2909.67,Yes
CUST-5109,Male,0,No,No,43,Yes,No,No,No,Yes,Yes,No,Yes,No,Two year,No,Electronic check,53.54,2293.29,No
CUST-5110,Male,0,No,No,64,Yes,Yes,Fiber optic,No,No,No,No,No internet service,No,Month-to-month,Yes,Credit card (automatic),54.54,3459.66,No
CUST-5111,Female,1,Yes,No,50,Yes,No,Fiber optic,No internet service,No,No internet service,No,No,No,Month-to-month,No,Bank transfer (automatic),103.9,5177.58,Yes
CUST-5112,Male,0,Yes,No,42,No,Yes,No,No,No internet service,Yes,Yes,No internet service,No internet service,Month-to-month,No,Credit card (automatic),73.9,3115.62,No
CUST-5113,Male,1,Yes,No,22,Yes,No phone service,Fiber optic,No,No,No,No internet service,No,No,Two year,Yes,Bank transfer (automatic),90.4,1940.49,No
CUST-5114,Female,1,Yes,No,55,Yes,No,Fiber optic,No internet service,No,No,Yes,Yes,No,One year,No,Electronic check,108.4,5946.64,Yes
CUST-5115,Female,0,Yes,No,18,Yes,No,No,No,No,Yes,No internet service,Yes,No,Month-to-month,Yes,Credit card (automatic),108.88,1960.67,No
CUST-5116,Female,0,No,No,54,Yes,No,Fiber optic,No,No,No internet service,No,No internet service,Yes,Two year,No,Credit card (automatic),51.27,2691.6,No
CUST-5117,Male,0,No,Yes,59,No,Yes,No,No,Yes,Yes,Yes,No,No,Month-to-month,Yes,Mailed check,113.97,6671.67,Yes
CUST-5118,Female,0,No,No,58,Yes,Yes,Fiber optic,Yes,No,No internet service,Yes,No,Yes,One year,Yes,Credit card (automatic),20.75,1170.5,Yes
CUST-5119,Female,0,No,No,32,Yes,No,No,Yes,No,No,No internet service,No,No internet service,One year,No,Bank transfer (automatic),56.12,1874.25,No
CUST-5120,Female,0,Yes,Yes,18,Yes,No,DSL,No,No internet service,No,No,No,No,Month-to-month,Yes,Bank transfer (automatic),108.28,1907.5,No
CUST-5121,Male,0,Yes,No,27,No,Yes,DSL,No internet service,Yes,No internet service,No internet service,No,No internet service,Month-to-month,Yes,Mailed check,45.85,1235.16,Yes
CUST-5122,Female,1,No,No,51,Yes,Yes,Fiber optic,No internet service,No,No internet service,No internet service,No internet service,No,Two year,Yes,Bank transfer (automatic),45.69,2278.16,Yes
CUST-5123,Male,1,Yes,No,48,Yes,No,DSL,No internet service,Yes,No,No internet service,No internet service,Yes,Month-to-month,No,Bank transfer (automatic),48.66,2296.86,Yes
CUST-5124,Male,0,Yes,No,36,Yes,No,DSL,No internet service,Yes,Yes,No,No,No,One year,Yes,Electronic check,79.79,2800.39,Yes
CUST-5125,Male,0,No,No,25,Yes,Yes,DSL,No,No internet service,Yes,No,No,Yes,Month-to-month,Yes,Credit card (automatic),62.3,1591.02,Yes
CUST-5126,Male,0,No,No,39,Yes,No phone service,Fiber optic,No,No internet service,No internet service,Yes,No,No,One year,Yes,Mailed check,91.29,3494.03,No
CUST-5127,Female,0,Yes,No,37,Yes,No,No,No,Yes,No,Yes,Yes,No internet service,Month-to-month,No,Mailed check,108.19,4048.38,Yes
CUST-5128,Male,0,Yes,No,53,Yes,No,Fiber optic,No,No,Yes,No,No,No,Month-to-month,No,Credit card (automatic),86.01,4581.92,Yes
CUST-5129,Female,1,No,No,21,Yes,Yes,No,No,Yes,No,No internet service,No,No,Month-to-month,No,Bank transfer (automatic),38.8,811.03,Yes
CUST-5130,Female,0,Yes,Yes,15,Yes,Yes,Fiber optic,Yes,No,No,Yes,No,No,Two year,No,Credit card (automatic),111.98,1726.7,No
CUST-5131,Female,0,Yes,No,27,Yes,No,DSL,Yes,No,No,No internet service,No,No,Month-to-month,Yes,Bank transfer (automatic),44.83,1365.57,Yes
CUST-5132,Male,1,No,No,34,Yes,Yes,DSL,No internet service,No,No,No,No,No internet service,Month-to-month,No,Electronic check,33.31,1156.42,Yes
CUST-5133,Female,0,Yes,No,59,Yes,Yes,Fiber optic,No internet service,No,No,Yes,No,No internet service,Two year,Yes,Electronic check,27.29,1554.11,No
CUST-5134,Female,0,Yes,Yes,44,Yes,No,DSL,No internet service,No,No,Yes,No,No internet service,Two year,Yes,Mailed check,74.87,3368.73,No
CUST-5135,Female,0,No,No,45,Yes,No,DSL,No,No,No,No internet service,Yes,Yes,Month-to-month,Yes,Mailed check,29.68,1344.91,No
CUST-5136,Female,0,Yes,No,71,Yes,No,Fiber optic,No,No,No,No internet service,No internet service,No,Two year,No,Electronic check,32.2,2391.76,Yes
CUST-5137,Male,0,No,No,54,Yes,No,Fiber optic,No,No,No,No internet service,No internet service,No,One year,No,Mailed check,48.4,2588.3,No
CUST-5138,Female,0,No,No,25,Yes,Yes,Fiber optic,No,No,Yes,No,No,Yes,Month-to-month,Yes,Credit card (automatic),46.56,1228.1,No
CUST-5139,Male,0,Yes,Yes,24,Yes,Yes,No,No,No,Yes,Yes,Yes,No,Month-to-month,No,Electronic check,78.98,1895.51,No
CUST-5140,Male,0,No,No,64,Yes,No,Fiber optic,Yes,No,No internet service,No internet service,No,No,One year,Yes,Mailed check,100.33,6553.96,Yes
CUST-5141,Female,0,No,No,5,Yes,Yes,Fiber optic,No,No,Yes,No,No internet service,Yes,Two year,No,Credit card (automatic),94.77,459.77,Yes
CUST-5142,Male,0,No,No,22,Yes,No,No,Yes,Yes,No,No,No,No,Month-to-month,No,Electronic check,44.63,1131.94,Yes
CUST-5143,Female,0,Yes,No,63,Yes,No,DSL,Yes,No,No internet service,No,No,Yes,Month-to-month,No,Electronic check,42.9,2724.69,No
CUST-5144,Female,0,Yes,No,42,Yes,No,Fiber optic,No internet service,Yes,No,Yes,No,No,Month-to-month,No,Mailed check,115.31,4885.37,Yes
CUST-5145,Male,1,No,No,22,Yes,Yes,No,No,No internet service,No internet service,No,No internet service,No,One year,No,Credit card (automatic),19.08,504.78,No
CUST-5146,Female,0,No,Yes,29,No,No,Fiber optic,No,No,Yes,No internet service,Yes,No,Month-to-month,Yes,Bank transfer (automatic),106.66,3053.75,Yes
CUST-5147,Female,0,Yes,Yes,17,Yes,No,No,Yes,No,No internet service,No,No,Yes,Month-to-month,Yes,Electronic check,38.32,699.89,No
CUST-5148,Female,0,No,Yes,20,No,No,Fiber optic,Yes,No,No,Yes,No,No,One year,Yes,Bank transfer (automatic),113.45,2254.36,No
CUST-5149,Male,0,Yes,Yes,56,Yes,Yes,Fiber optic,Yes,Yes,Yes,No internet service,No,No,Two year,Yes,Mailed check,52.65,2955.96,No
CUST-5150,Female,0,No,Yes,22,Yes,Yes,DSL,Yes,No,No,No,No,Yes,Month-to-month,No,Mailed check,62.51,1379.37,No
CUST-5151,Female,0,No,No,44,Yes,No phone service,No,No internet service,No,No,No,No,No internet service,Month-to-month,Yes,Mailed check,89.32,3958.7,Yes
CUST-5152,Male,0,No,Yes,43,Yes,Yes,No,No internet service,No,No,No internet service,No,No,Month-to-month,No,Credit card (automatic),77.31,3350.84,Yes
CUST-5153,Male,0,Yes,No,46,Yes,Yes,No,No,No,No internet service,Yes,No internet service,No internet service,Month-to-month,Yes,Bank transfer (automatic),50.2,2280.44,No
CUST-5154,Female,0,No,No,39,Yes,No phone service,Fiber optic,No internet service,Yes,Yes,No internet service,No internet service,No,Two year,No,Credit card (automatic),73.91,2888.73,No
CUST-5155,Female,1,No,No,50,Yes,No,DSL,Yes,Yes,No,No,No,Yes,Two year,Yes,Electronic check,91.69,4467.78,Yes
CUST-5156,Female,0,Yes,Yes,41,Yes,No,DSL,Yes,Yes,No,No,No,No,Month-to-month,No,Electronic check,22.5,972.01,Yes
CUST-5157,Female,1,No,Yes,6,Yes,Yes,No,No,No,No internet service,No internet service,No internet service,No internet service,Month-to-month,Yes,Bank transfer (automatic),19.38,200.98,Yes
CUST-5158,Female,0,Yes,No,49,Yes,No,Fiber optic,No internet service,No,No,No,No,No,Month-to-month,Yes,Electronic check,64.29,3159.74,Yes
CUST-5159,Female,0,Yes,No,47,Yes,No,DSL,No,Yes,Yes,No,No,No internet service,One year,Yes,Credit card (automatic),31.5,1400.2,No
CUST-5160,Male,0,Yes,Yes,5,Yes,No,Fiber optic,Yes,No,No,No,Yes,Yes,Month-to-month,Yes,Credit card (automatic),85.02,462.25,Yes
CUST-5161,Male,0,Yes,No,8,Yes,Yes,Fiber optic,Yes,No internet service,Yes,Yes,No,Yes,Two year,No,Bank transfer (automatic),39.76,279.89,No
CUST-5162,Female,0,Yes,Yes,56,Yes,No,Fiber optic,Yes,No,Yes,No,No,Yes,Two year,Yes,Electronic check,61.75,3467.12,No
CUST-5163,Male,0,Yes,No,30,Yes,Yes,Fiber optic,No,No,No,No,No,No,Month-to-month,Yes,Mailed check,38.12,1177.88,Yes
CUST-5164,Male,0,No,No,20,Yes,No,Fiber optic,Yes,No,Yes,No internet service,No internet service,No,Two year,Yes,Electronic check,73.37,1494.72,No
CUST-5165,Male,0,Yes,No,39,Yes,Yes,No,Yes,No,No internet service,No,No,No internet service,One year,No,Electronic check,29.91,1220.53,No
CUST-5166,Female,0,No,No,44,Yes,Yes,DSL,Yes,Yes,No,No internet service,No,Yes,Two year,Yes,Electronic check,20.57,912.4,No
CUST-5167,Male,0,Yes,No,48,Yes,Yes,DSL,No,No,No,Yes,No internet service,No internet service,Two year,Yes,Mailed check,23.39,1131.39,No
CUST-5168,Male,0,No,Yes,19,Yes,No,Fiber optic,No,No internet service,No,No,No,No,Month-to-month,Yes,Bank transfer (automatic),114.15,2205.69,Yes
CUST-5169,Male,1,Yes,No,16,Yes,No,No,Yes,No,No internet service,No,Yes,No,Month-to-month,No,Mailed check,32.55,517.23,Yes
CUST-5170,Female,1,No,No,27,Yes,Yes,Fiber optic,No internet service,Yes,Yes,No,Yes,No internet service,Two year,Yes,Electronic check,89.45,2380.75,Yes
CUST-5171,Male,0,Yes,No,40,Yes,No phone service,Fiber optic,No,No internet service,No,No,Yes,No,Two year,Yes,Electronic check,25.08,1025.8,No
CUST-5172,Female,0,No,No,65,Yes,No,Fiber optic,No internet service,No,No internet service,No internet service,Yes,Yes,Two year,Yes,Credit card (automatic),29.12,1836.36,Yes
CUST-5173,Female,1,Yes,Yes,24,Yes,Yes,Fiber optic,Yes,No internet service,No,No internet service,No,No internet service,Month-to-month,Yes,Bank transfer (automatic),69.39,1661.32,No
CUST-5174,Male,0,Yes,Yes,57,Yes,No,No,No internet service,No,No,No internet service,No,No,One year,Yes,Mailed check,64.97,3634.4,Yes
CUST-5175,Male,0,Yes,No,40,Yes,No,No,No,No internet service,No,Yes,No,Yes,Month-to-month,No,Credit card (automatic),113.88,4527.46,No
CUST-5176,Female,0,Yes,No,5,Yes,Yes,Fiber optic,No internet service,No internet service,Yes,No,Yes,Yes,Month-to-month,Yes,Mailed check,113.21,540.38,No
CUST-5177,Male,0,Yes,No,37,Yes,Yes,Fiber optic,Yes,No,No,No internet service,No,No internet service,Month-to-month,Yes,Credit card (automatic),96.6,3524.99,Yes
CUST-5178,Female,0,Yes,Yes,5,Yes,No,DSL,No,No internet service,Yes,No internet service,No internet service,No,Month-to-month,Yes,Mailed check,78.76,448.83,No
CUST-5179,Female,0,No,No,44,Yes,No,Fiber optic,Yes,No internet service,No,No,No,Yes,Month-to-month,Yes,Credit card (automatic),63.97,2865.58,Yes
CUST-5180,Female,0,Yes,No,13,Yes,Yes,Fiber optic,No,No,No,Yes,No,No,One year,Yes,Bank transfer (automatic),54.05,768.35,Yes
CUST-5181,Female,0,No,No,65,Yes,No,Fiber optic,No,No,No internet service,No,No,No internet service,Month-to-month,Yes,Bank transfer (automatic),113.43,7363.56,No
CUST-5182,Male,0,No,No,39,Yes,No,DSL,No internet service,No,Yes,No internet service,No,No,Month-to-month,Yes,Bank transfer (automatic),78.84,3053.08,Yes
CUST-5183,Female,1,No,No,2,Yes,No phone service,No,Yes,No,No internet service,Yes,No,No internet service,Month-to-month,Yes,Bank transfer (automatic),76.45,193.08,No
CUST-5184,Female,0,No,Yes,23,Yes,No phone service,Fiber optic,No,No,No,Yes,No internet service,No,Month-to-month,Yes,Electronic check,41.56,962.3,No
CUST-5185,Female,0,No,Yes,18,Yes,No,Fiber optic,Yes,No,No,No,No,No internet service,Two year,No,Electronic check,22.94,419.1,No
CUST-5186,Female,0,No,Yes,17,No,No,DSL,Yes,No,No,No,No,No,Month-to-month,Yes,Electronic check,113.24,1797.89,Yes
CUST-5187,Female,0,No,No,63,Yes,No phone service,Fiber optic,No,No,Yes,Yes,No,Yes,Month-to-month,Yes,Electronic check,49.78,3173.97,Yes
CUST-5188,Female,0,No,No,34,Yes,Yes,No,Yes,Yes,No internet service,No,No,No internet service,Two year,No,Bank transfer (automatic),62.73,2164.02,No
CUST-5189,Male,0,Yes,No,61,Yes,No,Fiber optic,No,Yes,No internet service,No internet service,Yes,No,One year,No,Credit card (automatic),29.77,1815.7,No
CUST-5190,Male,0,Yes,No,0,Yes,No,Fiber optic,Yes,Yes,No,No,No internet service,No,One year,Yes,Electronic check,102.36, ,Yes
CUST-5191,Female,0,Yes,No,24,Yes,No phone service,DSL,Yes,No,No,No,No internet service,No,One year,Yes,Bank transfer (automatic),21.03,534.81,No
CUST-5192,Male,0,No,No,44,Yes,No,Fiber optic,No,Yes,No,No,No internet service,Yes,Two year,No,Mailed check,102.07,4456.25,No
CUST-5193,Female,0,No,No,48,Yes,No,No,Yes,Yes,No,No,No,Yes,Month-to-month,No,Mailed check,32.35,1541.81,No
CUST-5194,Male,1,Yes,No,15,Yes,Yes,Fiber optic,No,No,No,No,No,Yes,Two year,No,Credit card (automatic),107.35,1559.86,Yes
CUST-5195,Female,0,No,No,18,Yes,No,No,No,No,No,No internet service,Yes,No,Two year,Yes,Bank transfer (automatic),91.59,1721.73,No
CUST-5196,Female,0,Yes,Yes,22,Yes,No,No,Yes,No internet service,Yes,No,No,No,One year,Yes,Credit card (automatic),34.8,814.46,No
CUST-5197,Female,0,Yes,No,24,Yes,Yes,No,No internet service,Yes,No,No,No,No internet service,One year,Yes,Credit card (automatic),75.11,1761.94,No
CUST-5198,Male,0,No,No,15,No,No,No,No,No internet service,No,Yes,No,No,One year,Yes,Bank transfer (automatic),49.67,775.99,No
CUST-5199,Male,0,No,Yes,53,Yes,No,DSL,No internet service,No internet service,No internet service,No,No internet service,Yes,Month-to-month,Yes,Electronic check,36.16,1930.41,No
CUST-5200,Male,1,No,Yes,72,No,Yes,No,No,No,No,No internet service,No,No,Month-to-month,No,Bank transfer (automatic),104.6,7496.9,Yes
CUST-5201,Male,0,No,No,0,Yes,No,DSL,Yes,Yes,No internet service,No,No,No,Two year,No,Credit card (automatic),58.8, ,No
CUST-5202,Female,1,No,No,41,Yes,No,DSL,No,Yes,No,No,No,No,Month-to-month,Yes,Credit card (automatic),58.3,2433.22,Yes
CUST-5203,Female,0,Yes,No,18,Yes,No,DSL,No internet service,Yes,No,No internet service,Yes,No,Month-to-month,Yes,Electronic check,35.32,682.76,Yes
CUST-5204,Male,0,Yes,Yes,33,Yes,Yes,Fiber optic,No,Yes,No,Yes,No,Yes,Two year,Yes,Credit card (automatic),56.75,1989.35,No
CUST-5205,Female,0,No,Yes,54,Yes,Yes,Fiber optic,Yes,No,No,No internet service,No internet service,No,Month-to-month,No,Electronic check,105.85,5720.61,Yes
CUST-5206,Male,0,Yes,No,17,Yes,No,Fiber optic,No,No internet service,No,No,No,No,Month-to-month,Yes,Electronic check,54.74,918.69,No
CUST-5207,Female,0,No,No,33,No,Yes,DSL,Yes,No,No internet service,No internet service,No internet service,No,One year,No,Electronic check,113.89,3786.48,No
CUST-5208,Female,0,No,No,44,Yes,Yes,Fiber optic,No,No,No,No internet service,No,No,One year,No,Credit card (automatic),113.35,4978.25,Yes
CUST-5209,Male,0,Yes,Yes,5,Yes,No,Fiber optic,No,No internet service,No,No,No,No,Month-to-month,No,Electronic check,32.81,134.8,No
CUST-5210,Male,0,No,Yes,20,Yes,Yes,Fiber optic,No,Yes,No internet service,No,No,No internet service,Two year,Yes,Electronic check,36.07,675.11,No
CUST-5211,Female,0,Yes,Yes,69,Yes,No,DSL,No internet service,Yes,No,No internet service,No internet service,No internet service,Month-to-month,Yes,Electronic check,104.95,7070.17,Yes
CUST-5212,Male,0,No,Yes,47,Yes,Yes,DSL,No internet service,No internet service,No,Yes,No,Yes,Month-to-month,Yes,Bank transfer (automatic),57.72,2749.58,No
CUST-5213,Female,0,No,No,38,No,No,DSL,No,No,Yes,No,Yes,Yes,Month-to-month,Yes,Electronic check,18.69,628.32,Yes
CUST-5214,Female,1,No,Yes,30,Yes,Yes,DSL,No internet service,No,No internet service,No internet service,No,No,One year,Yes,Bank transfer (automatic),45.77,1329.11,No
CUST-5215,Female,0,Yes,No,9,Yes,No,Fiber optic,Yes,Yes,No internet service,No,No,No,Month-to-month,Yes,Electronic check,78.31,719.41,Yes
CUST-5216,Female,1,Yes,No,29,Yes,No,Fiber optic,Yes,No,No,Yes,No,Yes,Month-to-month,No,Mailed check,98.58,2842.74,Yes
CUST-5217,Female,1,No,No,17,Yes,Yes,DSL,No,No,No internet service,No,No,No,Two year,Yes,Bank transfer (automatic),31.66,645.68,No
CUST-5218,Female,1,No,No,59,Yes,No,Fiber optic,No internet service,No,No internet service,No,Yes,No,Month-to-month,Yes,Electronic check,29.36,1656.78,Yes
CUST-5219,Female,0,No,Yes,72,Yes,Yes,Fiber optic,No internet service,No,No,No internet service,No,No,Two year,No,Mailed check,110.92,8098.18,Yes
CUST-5220,Female,0,No,No,14,Yes,No,No,Yes,No,No,No internet service,No,No,One year,Yes,Electronic check,93.74,1381.39,No
CUST-5221,Male,0,No,Yes,3,Yes,No,DSL,No internet service,No,No,Yes,No,No,Two year,Yes,Bank transfer (automatic),77.52,278.01,No
CUST-5222,Female,1,Yes,Yes,62,Yes,No,No,No,Yes,No,Yes,No,No internet service,One year,No,Mailed check,95.55,5996.07,Yes
CUST-5223,Female,0,No,No,39,Yes,Yes,Fiber optic,No,No,No,Yes,No,No,Month-to-month,No,Electronic check,61.35,2412.88,Yes
CUST-5224,Female,0,No,No,8,Yes,Yes,DSL,No internet service,Yes,No,No,No,No,Month-to-month,No,Electronic check,94.47,670.6,Yes
CUST-5225,Male,0,No,Yes,8,Yes,Yes,No,No internet service,No,No,No internet service,No internet service,Yes,Two year,No,Bank transfer (automatic),55.62,470.7,No
CUST-5226,Female,0,No,No,25,Yes,Yes,Fiber optic,Yes,No,No,Yes,Yes,Yes,Two year,Yes,Mailed check,42.78,995.47,No
CUST-5227,Male,0,No,No,3,Yes,Yes,Fiber optic,Yes,No,No internet service,No,No,No,Month-to-month,No,Bank transfer (automatic),91.52,248.14,Yes
CUST-5228,Male,0,No,No,15,Yes,Yes,Fiber optic,No,No,No internet service,No,Yes,No,One year,Yes,Mailed check,60.43,902.55,Yes
CUST-5229,Male,1,Yes,No,14,Yes,Yes,Fiber optic,No,No internet service,No,No internet service,Yes,No,Month-to-month,No,Mailed check,116.88,1590.77,Yes
CUST-5230,Female,0,Yes,No,51,Yes,Yes,DSL,Yes,Yes,No,No,No,No,Two year,Yes,Credit card (automatic),53.37,2769.17,No
CUST-5231,Female,0,Yes,No,68,Yes,No phone service,DSL,Yes,No,No,No,No internet service,No,Two year,No,Mailed check,110.88,7529.15,Yes
CUST-5232,Female,0,No,No,4,Yes,Yes,No,Yes,No,No,Yes,No,No,Two year,Yes,Credit card (automatic),112.01,468.51,No
CUST-5233,Female,0,Yes,No,19,Yes,No,No,No,Yes,No,No,No,Yes,Two year,Yes,Credit card (automatic),42.56,808.17,No
CUST-5234,Male,0,No,No,17,Yes,No,DSL,Yes,Yes,No internet service,No,No internet service,No,Two year,Yes,Mailed check,98.47,1680.3,No
CUST-5235,Female,1,Yes,No,1,Yes,Yes,No,No,No,No,No internet service,Yes,No,Month-to-month,No,Electronic check,61.77,17.43,Yes
CUST-5236,Male,0,Yes,No,12,No,No,Fiber optic,Yes,Yes,No,No,Yes,No,Two year,Yes,Electronic check,110.46,1266.82,No
CUST-5237,Male,0,No,Yes,3,Yes,Yes,DSL,No internet service,Yes,No internet service,No,No,No,One year,No,Electronic check,63.49,182.78,No
CUST-5238,Female,0,Yes,Yes,41,Yes,No,Fiber optic,Yes,No internet service,Yes,Yes,No,No,Two year,No,Electronic check,93.05,3766.74,Yes
CUST-5239,Female,0,Yes,No,60,Yes,No,Fiber optic,No,No,Yes,Yes,No,Yes,One year,Yes,Bank transfer (automatic),65.18,3980.48,Yes
CUST-5240,Male,0,Yes,No,7,Yes,No,Fiber optic,No internet service,Yes,No,Yes,No,No,Month-to-month,Yes,Electronic check,41.14,219.16,Yes
CUST-5241,Male,0,No,Yes,66,Yes,No phone service,No,No,No internet service,No,No,No internet service,No,One year,No,Credit card (automatic),38.28,2643.33,Yes
CUST-5242,Female,0,Yes,Yes,62,Yes,No,DSL,No internet service,No internet service,No internet service,No internet service,Yes,No internet service,One year,Yes,Bank transfer (automatic),61.01,3797.72,Yes
CUST-5243,Female,0,Yes,Yes,8,Yes,No,Fiber optic,No,No,No,No,No internet service,Yes,Month-to-month,Yes,Bank transfer (automatic),94.18,756.91,Yes
CUST-5244,Female,0,Yes,Yes,10,Yes,No,Fiber optic,Yes,Yes,No,No,Yes,No internet service,Month-to-month,No,Electronic check,79.06,763.59,No
CUST-5245,Male,0,No,No,41,No,No,No,No,No,No,No,No,No,One year,Yes,Electronic check,87.46,3618.71,Yes
CUST-5246,Male,0,Yes,Yes,12,Yes,Yes,DSL,No,No,No,No internet service,No,No internet service,Month-to-month,Yes,Bank transfer (automatic),46.62,549.23,No
CUST-5247,Male,0,Yes,Yes,35,Yes,No,Fiber optic,No internet service,No,No,Yes,No internet service,Yes,Month-to-month,No,Electronic check,66.63,2347.07,Yes
CUST-5248,Male,0,Yes,Yes,12,No,Yes,No,No,Yes,No,No,No,No internet service,Month-to-month,Yes,Electronic check,22.71,314.61,Yes
CUST-5249,Female,0,No,No,11,Yes,Yes,DSL,No,Yes,No internet service,No internet service,No internet service,No,Two year,Yes,Credit card (automatic),100.41,1137.98,Yes
CUST-5250,Female,0,No,Yes,36,Yes,No phone service,Fiber optic,Yes,No,No,Yes,No internet service,Yes,One year,Yes,Mailed check,117.73,4300.27,Yes
CUST-5251,Female,0,No,No,72,No,No,No,Yes,No,No,No,No internet service,No internet service,Month-to-month,Yes,Bank transfer (automatic),59.14,4284.97,Yes
CUST-5252,Female,0,Yes,No,51,Yes,No,DSL,Yes,Yes,No,No,No,No,Two year,No,Electronic check,19.35,939.29,No
CUST-5253,Female,0,No,Yes,70,Yes,No,No,No,No,No,No,Yes,No,One year,No,Electronic check,35.31,2367.71,Yes
CUST-5254,Female,0,Yes,No,1,Yes,Yes,DSL,No internet service,No internet service,No,No internet service,No,No,Month-to-month,Yes,Mailed check,83.83,94.38,No
CUST-5255,Male,1,Yes,Yes,55,Yes,No,DSL,No internet service,No,No,No,No internet service,No,Month-to-month,Yes,Bank transfer (automatic),79.76,4398.07,Yes
CUST-5256,Female,1,Yes,No,59,Yes,No,DSL,No,No internet service,No,No,No,No internet service,One year,No,Bank transfer (automatic),97.43,5844.67,Yes
CUST-5257,Male,0,No,No,22,No,Yes,DSL,No internet service,No,No internet service,No,No,No,Month-to-month,Yes,Credit card (automatic),43.77,957.15,Yes
CUST-5258,Female,0,No,No,39,No,Yes,DSL,No,No internet service,Yes,No internet service,No,No,Two year,No,Bank transfer (automatic),95.0,3723.72,Yes
CUST-5259,Female,0,Yes,No,63,Yes,No,Fiber optic,No,No,No,Yes,No,No,Month-to-month,Yes,Electronic check,87.39,5544.43,Yes
CUST-5260,Female,1,No,No,22,Yes,Yes,DSL,No internet service,No,No internet service,No,No,No,Month-to-month,Yes,Bank transfer (automatic),50.69,1140.85,No
CUST-5261,Male,0,Yes,No,28,Yes,Yes,No,Yes,No,No,Yes,No,No,Two year,Yes,Credit card (automatic),73.07,2088.16,No
CUST-5262,Male,0,Yes,No,50,Yes,Yes,Fiber optic,No internet service,Yes,No internet service,No,No,No,Month-to-month,No,Electronic check,33.05,1611.59,Yes
CUST-5263,Male,0,Yes,Yes,68,Yes,No,Fiber optic,No internet service,Yes,No,No,No,No,One year,No,Electronic check,63.73,4284.82,Yes
CUST-5264,Female,0,No,No,30,Yes,No,Fiber optic,Yes,Yes,No,No,Yes,No,Month-to-month,No,Electronic check,106.81,3190.27,No
CUST-5265,Male,0,Yes,Yes,49,No,No,Fiber optic,No,Yes,Yes,No,No,No internet service,Month-to-month,No,Bank transfer (automatic),60.58,2859.72,Yes
CUST-5266,Female,0,No,No,19,Yes,Yes,Fiber optic,No internet service,No internet service,Yes,No internet service,No,No,Month-to-month,Yes,Mailed check,102.63,1947.99,No
CUST-5267,Female,1,No,Yes,54,No,No,DSL,No,No,No,No,No,No,Month-to-month,No,Bank transfer (automatic),77.57,4155.8,Yes
CUST-5268,Female,0,Yes,No,1,Yes,No,No,No,No,No,No,No internet service,Yes,Month-to-month,Yes,Electronic check,37.53,53.64,No
CUST-5269,Male,1,Yes,No,24,Yes,Yes,Fiber optic,Yes,No,No internet service,No,No,No internet service,Month-to-month,Yes,Electronic check,76.65,1826.35,Yes
CUST-5270,Male,0,No,Yes,12,Yes,Yes,DSL,No,Yes,No internet service,No,No,No,One year,Yes,Electronic check,69.1,778.43,Yes
CUST-5271,Male,0,No,No,69,Yes,Yes,Fiber optic,No,Yes,No,No,No,No internet service,One year,No,Credit card (automatic),58.31,4088.93,Yes
CUST-5272,Female,0,No,No,66,Yes,Yes,Fiber optic,Yes,No,No,No,Yes,Yes,Month-to-month,Yes,Electronic check,30.27,2001.95,Yes
CUST-5273,Male,0,Yes,Yes,57,Yes,Yes,DSL,No,No,No,No internet service,No,No,Two year,Yes,Mailed check,60.13,3470.55,No
CUST-5274,Female,0,No,No,63,Yes,No,No,No,No,No,Yes,No internet service,No internet service,Month-to-month,Yes,Electronic check,25.56,1619.46,Yes
CUST-5275,Female,0,No,Yes,68,Yes,No phone service,Fiber optic,Yes,Yes,No,Yes,No internet service,Yes,Month-to-month,No,Bank transfer (automatic),28.18,1939.44,Yes
CUST-5276,Male,1,Yes,No,58,Yes,Yes,Fiber optic,No,No,Yes,Yes,No internet service,No,One year,Yes,Electronic check,60.05,3414.85,Yes
CUST-5277,Female,0,No,No,59,Yes,Yes,Fiber optic,Yes,No internet service,Yes,No,No,No,Month-to-month,No,Credit card (automatic),48.94,2951.37,Yes
CUST-5278,Female,0,Yes,Yes,61,Yes,Yes,No,Yes,No,No,No internet service,No,Yes,Month-to-month,Yes,Electronic check,111.27,6831.4,Yes
CUST-5279,Female,0,Yes,No,15,Yes,Yes,DSL,No,Yes,No internet service,No,Yes,No,Month-to-month,Yes,Electronic check,56.01,839.21,No
CUST-5280,Male,0,Yes,No,67,Yes,No phone service,Fiber optic,No internet service,No,No,No internet service,Yes,No,Two year,Yes,Electronic check,94.41,6339.87,Yes
CUST-5281,Female,0,No,No,14,Yes,No,DSL,No,No,No internet service,No,No,No internet service,One year,No,Electronic check,71.54,1051.69,Yes
CUST-5282,Female,0,No,No,54,Yes,No,Fiber optic,No,No,No,No internet service,No,No,Month-to-month,Yes,Electronic check,89.01,4787.94,No
CUST-5283,Male,0,Yes,No,34,Yes,Yes,DSL,No,No,No internet service,No,No internet service,No,Month-to-month,No,Electronic check,44.39,1430.11,Yes
CUST-5284,Male,0,No,No,54,Yes,No,DSL,Yes,No,No,No internet service,No,No,Two year,Yes,Bank transfer (automatic),112.91,6079.48,Yes
CUST-5285,Female,1,Yes,No,13,Yes,No,No,No internet service,Yes,No internet service,No,No,No internet service,One year,Yes,Credit card (automatic),71.52,937.38,No
CUST-5286,Male,0,No,No,48,Yes,No,Fiber optic,No,No,No,Yes,Yes,No,Month-to-month,Yes,Bank transfer (automatic),101.8,4884.78,Yes
CUST-5287,Male,1,Yes,No,6,Yes,Yes,Fiber optic,No,No,No,No internet service,No,No internet service,Month-to-month,Yes,Bank transfer (automatic),54.94,395.52,Yes
CUST-5288,Female,0,No,No,29,No,Yes,Fiber optic,Yes,No,No,No internet service,Yes,No,Month-to-month,Yes,Mailed check,28.32,773.28,Yes
CUST-5289,Female,1,Yes,No,48,No,Yes,Fiber optic,No,No,No,No,No internet service,No,Month-to-month,No,Credit card (automatic),85.96,4084.42,Yes
CUST-5290,Female,1,Yes,Yes,15,Yes,Yes,DSL,No internet service,No,No,Yes,Yes,No internet service,Two year,Yes,Electronic check,19.03,232.55,No
CUST-5291,Male,0,Yes,No,50,Yes,No,DSL,No,No,No internet service,No internet service,No,Yes,Month-to-month,No,Electronic check,66.02,3322.44,Yes
CUST-5292,Male,0,Yes,Yes,71,No,No,No,Yes,Yes,No,No internet service,No,No,Month-to-month,Yes,Bank transfer (automatic),37.63,2595.43,No
CUST-5293,Female,1,No,No,41,Yes,No,Fiber optic,Yes,Yes,No,No,No internet service,No internet service,Two year,Yes,Bank transfer (automatic),81.3,3370.49,Yes
CUST-5294,Female,0,Yes,No,16,Yes,No,Fiber optic,No internet service,No,No internet service,Yes,No internet service,No internet service,One year,Yes,Bank transfer (automatic),116.68,1820.24,Yes
CUST-5295,Male,0,Yes,No,62,Yes,Yes,No,No,No,No internet service,Yes,No internet service,No,One year,No,Bank transfer (automatic),64.92,3986.38,Yes
CUST-5296,Female,0,No,No,44,Yes,No,Fiber optic,No internet service,Yes,No,No,No,No,Month-to-month,Yes,Electronic check,100.41,4506.55,Yes
CUST-5297,Female,0,No,No,6,No,Yes,DSL,No,No,No internet service,No internet service,No,Yes,One year,Yes,Credit card (automatic),69.28,477.31,Yes
CUST-5298,Male,1,No,Yes,26,Yes,No,DSL,No,No,No internet service,No,No,Yes,One year,No,Credit card (automatic),68.08,1776.04,No
CUST-5299,Male,0,No,Yes,9,Yes,Yes,Fiber optic,Yes,No,Yes,No,No,No internet service,Month-to-month,No,Electronic check,111.76,940.29,No
CUST-5300,Female,0,Yes,No,33,Yes,Yes,No,No internet service,Yes,Yes,No internet service,No,No,Two year,No,Credit card (automatic),107.69,3654.49,Yes
CUST-5301,Female,0,Yes,No,35,Yes,Yes,DSL,Yes,No,No internet service,No,No internet service,No,Two year,Yes,Electronic check,97.22,3392.88,Yes
CUST-5302,Female,0,Yes,Yes,24,Yes,No,DSL,No internet service,No,Yes,No,No,No,One year,Yes,Mailed check,48.02,1164.86,No
CUST-5303,Male,1,No,No,5,Yes,No,No,No,No,No internet service,No internet service,No internet service,No,Month-to-month,Yes,Credit card (automatic),73.02,410.7,Yes
CUST-5304,Female,0,No,Yes,23,Yes,Yes,DSL,No,No,Yes,No,No,No,Month-to-month,No,Bank transfer (automatic),40.75,839.11,No
CUST-5305,Female,1,Yes,No,17,Yes,No,Fiber optic,No,Yes,Yes,No,No,No,Month-to-month,No,Electronic check,62.86,1036.62,No
CUST-5306,Male,0,No,No,5,Yes,No,DSL,Yes,No,No,Yes,No internet service,No,Month-to-month,Yes,Credit card (automatic),66.91,331.15,No
CUST-5307,Male,0,No,Yes,28,Yes,Yes,Fiber optic,No,No internet service,No,No,No,No,Two year,No,Electronic check,101.83,2857.78,No
CUST-5308,Male,0,No,No,24,Yes,Yes,Fiber optic,No internet service,No,No internet service,No internet service,No internet service,Yes,Month-to-month,Yes,Bank transfer (automatic),108.3,2534.02,Yes
CUST-5309,Male,0,No,No,54,Yes,No,DSL,Yes,No internet service,Yes,No,Yes,No internet service,Two year,Yes,Bank transfer (automatic),59.92,3252.0,Yes
CUST-5310,Male,0,Yes,No,45,No,No,Fiber optic,No internet service,No internet service,Yes,Yes,Yes,Yes,Month-to-month,No,Electronic check,20.03,903.04,Yes
CUST-5311,Female,0,No,No,23,Yes,Yes,Fiber optic,Yes,No,No,No internet service,No,No,Month-to-month,No,Credit card (automatic),104.86,2495.15,Yes
CUST-5312,Male,0,Yes,Yes,25,Yes,No phone service,Fiber optic,Yes,No,No,Yes,No internet service,No,One year,No,Bank transfer (automatic),35.77,944.26,No
CUST-5313,Female,0,Yes,No,27,Yes,No phone service,Fiber optic,Yes,No,No,No internet service,No,Yes,Month-to-month,No,Credit card (automatic),80.75,2166.79,No
CUST-5314,Male,0,No,Yes,2,Yes,Yes,Fiber optic,No,No internet service,Yes,No,Yes,No,Two year,Yes,Electronic check,20.76,31.72,No
CUST-5315,Female,0,No,No,37,Yes,No,Fiber optic,No,No,No internet service,Yes,No,No,Two year,No,Bank transfer (automatic),58.4,2211.52,Yes
CUST-5316,Male,1,No,No,60,No,Yes,Fiber optic,No,Yes,No,No internet service,Yes,Yes,Month-to-month,No,Electronic check,117.34,7054.58,Yes
CUST-5317,Male,0,No,No,50,Yes,Yes,Fiber optic,No,No,No,No,No,No,Month-to-month,Yes,Credit card (automatic),28.37,1349.94,Yes
CUST-5318,Male,0,No,No,47,Yes,No,Fiber optic,No,No internet service,No,No,No,No internet service,Month-to-month,No,Electronic check,60.83,2963.7,Yes
CUST-5319,Female,0,Yes,No,20,Yes,No,Fiber optic,Yes,Yes,Yes,No,No,No internet service,One year,Yes,Electronic check,49.12,932.91,No
CUST-5320,Female,1,Yes,No,53,Yes,Yes,DSL,No,No,Yes,No,No,No,Month-to-month,No,Mailed check,109.21,5912.08,Yes
CUST-5321,Male,0,No,No,55,Yes,Yes,DSL,No,No internet service,Yes,No internet service,No internet service,No internet service,One year,No,Electronic check,105.62,5830.5,No
CUST-5322,Female,0,Yes,No,58,Yes,Yes,DSL,No,No,Yes,No,No,No,Month-to-month,Yes,Credit card (automatic),42.14,2412.35,Yes
CUST-5323,Female,0,Yes,No,71,Yes,No,No,No internet service,Yes,No internet service,No,No,No internet service,One year,Yes,Bank transfer (automatic),26.41,1756.76,Yes
CUST-5324,Female,0,No,No,50,Yes,Yes,Fiber optic,No,No,No,No,No,No,Two year,Yes,Mailed check,81.28,4102.84,No
CUST-5325,Male,0,Yes,No,19,Yes,No,Fiber optic,No,No,Yes,No,No,Yes,Month-to-month,No,Mailed check,52.06,911.62,Yes
CUST-5326,Male,0,Yes,No,58,Yes,No,DSL,Yes,Yes,No internet service,No,Yes,No,Month-to-month,No,Electronic check,85.79,4993.68,Yes
CUST-5327,Male,0,No,Yes,70,Yes,Yes,DSL,Yes,Yes,Yes,No internet service,No,No,Month-to-month,No,Bank transfer (automatic),21.48,1600.28,Yes
CUST-5328,Female,0,No,No,8,Yes,Yes,No,No,No,No internet service,No,Yes,No,Month-to-month,Yes,Credit card (automatic),31.66,196.4,No
CUST-5329,Female,0,No,Yes,0,Yes,No,No,No,No,Yes,No,Yes,No,Month-to-month,Yes,Credit card (automatic),87.23, ,Yes
CUST-5330,Female,0,Yes,No,28,Yes,Yes,DSL,No,No,No,No internet service,No,No,Month-to-month,Yes,Electronic check,39.59,1067.94,Yes
CUST-5331,Male,0,Yes,No,62,Yes,Yes,No,Yes,No,No,No internet service,No internet service,No,Two year,Yes,Bank transfer (automatic),104.44,6531.94,Yes
CUST-5332,Male,0,Yes,No,71,Yes,No,Fiber optic,Yes,Yes,No internet service,Yes,No,Yes,Two year,Yes,Electronic check,24.14,1717.23,Yes
CUST-5333,Female,0,No,No,55,Yes,Yes,DSL,No,Yes,Yes,No,No internet service,Yes,Two year,No,Electronic check,39.91,2194.1,No
CUST-5334,Male,1,No,Yes,67,Yes,Yes,Fiber optic,No internet service,Yes,No,No,Yes,No,Month-to-month,Yes,Mailed check,118.61,8007.23,Yes
CUST-5335,Female,0,Yes,Yes,34,Yes,Yes,Fiber optic,No internet service,No,Yes,No,No,Yes,One year,No,Mailed check,61.77,2131.44,No
CUST-5336,Male,1,No,No,2,No,No,No,No internet service,No internet service,No,No internet service,No,Yes,Month-to-month,No,Electronic check,88.9,137.57,No
CUST-5337,Female,0,No,Yes,6,No,Yes,DSL,Yes,Yes,No,No,No,No,Month-to-month,Yes,Credit card (automatic),36.61,309.02,No
CUST-5338,Male,0,Yes,No,26,Yes,No,DSL,No,No,No internet service,No internet service,No,No,Month-to-month,No,Credit card (automatic),79.54,1991.25,Yes
CUST-5339,Female,0,Yes,Yes,0,No,Yes,DSL,No,Yes,No internet service,Yes,No,No,Month-to-month,Yes,Mailed check,91.22, ,Yes
CUST-5340,Male,0,No,No,70,No,No,DSL,No internet service,No,No internet service,No internet service,No internet service,No,Month-to-month,Yes,Electronic check,49.85,3448.36,Yes
CUST-5341,Female,0,Yes,No,43,Yes,No,Fiber optic,Yes,No,Yes,No,Yes,No,Month-to-month,No,Bank transfer (automatic),101.55,4292.29,Yes
CUST-5342,Male,1,Yes,Yes,40,Yes,Yes,DSL,No internet service,No,Yes,No,No,Yes,Two year,Yes,Electronic check,78.89,3098.89,No
CUST-5343,Female,1,No,Yes,41,Yes,Yes,Fiber optic,No,No internet service,No,No internet service,No,No internet service,Month-to-month,No,Credit card (automatic),57.36,2349.3,Yes
CUST-5344,Female,1,Yes,No,32,Yes,No,Fiber optic,Yes,No,No,No internet service,No,No,Two year,No,Credit card (automatic),74.29,2394.77,No
CUST-5345,Female,0,No,No,49,Yes,No phone service,Fiber optic,No internet service,No,No internet service,No,Yes,Yes,Month-to-month,Yes,Credit card (automatic),76.21,3787.24,Yes
CUST-5346,Male,0,No,No,62,Yes,No,Fiber optic,No internet service,Yes,No,Yes,No,No internet service,Month-to-month,No,Electronic check,34.89,2236.98,Yes
CUST-5347,Male,0,Yes,Yes,36,Yes,No,Fiber optic,No,No,Yes,No,No,No,Month-to-month,Yes,Electronic check,58.72,2127.8,Yes
CUST-5348,Male,1,No,Yes,58,Yes,Yes,DSL,No,No,No,No internet service,Yes,No,One year,No,Bank transfer (automatic),52.76,3037.92,Yes
CUST-5349,Female,0,Yes,No,47,Yes,No phone service,DSL,No,No,No,No,No,No,Month-to-month,No,Electronic check,58.54,2803.33,Yes
CUST-5350,Female,0,Yes,No,4,Yes,Yes,DSL,Yes,Yes,No internet service,Yes,No,No,Month-to-month,Yes,Mailed check,94.74,348.23,Yes
CUST-5351,Male,0,No,No,47,Yes,Yes,DSL,No,No,No,No,No,No,Month-to-month,Yes,Mailed check,66.75,3057.47,Yes
CUST-5352,Female,0,Yes,Yes,2,Yes,No,DSL,No internet service,Yes,No,No,Yes,Yes,Month-to-month,Yes,Mailed check,112.75,272.45,No
CUST-5353,Male,1,No,No,46,Yes,No,DSL,Yes,No,No,No internet service,No,No,One year,No,Bank transfer (automatic),47.76,2263.16,No
CUST-5354,Female,0,No,No,61,No,Yes,Fiber optic,No,No,Yes,No,No,No,Month-to-month,Yes,Electronic check,60.03,3620.74,Yes
CUST-5355,Female,0,Yes,Yes,13,Yes,Yes,No,No internet service,No,No,Yes,Yes,No,Month-to-month,Yes,Bank transfer (automatic),97.34,1363.46,Yes
CUST-5356,Male,0,Yes,No,62,Yes,No,DSL,Yes,Yes,Yes,No,Yes,No,Two year,Yes,Bank transfer (automatic),73.13,4563.21,Yes
CUST-5357,Female,0,No,No,60,Yes,Yes,No,No,No internet service,No,No internet service,No,Yes,Month-to-month,No,Mailed check,73.23,4415.5,Yes
CUST-5358,Female,0,Yes,No,30,Yes,No,DSL,No internet service,No,No,No,No,Yes,One year,No,Bank transfer (automatic),23.61,682.47,Yes
CUST-5359,Female,0,Yes,Yes,16,Yes,Yes,Fiber optic,No,No,No,Yes,Yes,No,Two year,Yes,Mailed check,58.31,983.82,No
CUST-5360,Female,0,No,No,23,No,Yes,Fiber optic,Yes,No internet service,No,No,No,No,Two year,Yes,Credit card (automatic),45.46,969.36,Yes
CUST-5361,Female,0,Yes,No,22,Yes,Yes,No,No,No internet service,Yes,No,No,No,Month-to-month,No,Mailed check,118.68,2593.97,Yes
CUST-5362,Female,1,Yes,No,49,Yes,No,DSL,No,No,No,No,Yes,No internet service,One year,Yes,Electronic check,49.24,2376.1,No
CUST-5363,Female,0,Yes,No,69,Yes,Yes,DSL,No,No,Yes,No,No internet service,Yes,Month-to-month,Yes,Bank transfer (automatic),107.14,7327.21,Yes
CUST-5364,Male,0,Yes,No,26,Yes,Yes,DSL,Yes,Yes,No,No,No,No,One year,No,Electronic check,86.21,2284.61,No
CUST-5365,Male,1,Yes,Yes,14,Yes,Yes,Fiber optic,Yes,No,Yes,No,Yes,No internet service,Month-to-month,Yes,Electronic check,52.51,752.2,No
CUST-5366,Female,1,No,No,49,Yes,No,No,No internet service,No,Yes,No,Yes,No,Month-to-month,Yes,Mailed check,72.88,3611.35,Yes
CUST-5367,Female,0,No,No,35,Yes,No,No,Yes,No internet service,No,Yes,No,No,Two year,No,Electronic check,102.72,3581.28,Yes
CUST-5368,Female,1,Yes,Yes,7,Yes,No phone service,Fiber optic,No,No,No internet service,No,No internet service,No,Month-to-month,Yes,Electronic check,107.03,798.46,Yes
CUST-5369,Female,0,No,No,2,Yes,No,Fiber optic,No,Yes,No,No,No,No internet service,Two year,Yes,Electronic check,34.37,72.6,No
CUST-5370,Male,0,Yes,Yes,61,Yes,No,No,No,No internet service,Yes,No,No internet service,No internet service,Two year,No,Mailed check,52.38,3171.57,Yes
CUST-5371,Female,1,No,No,46,Yes,Yes,Fiber optic,No internet service,No,No,No internet service,No,No,Month-to-month,Yes,Bank transfer (automatic),51.94,2357.3,Yes
CUST-5372,Male,1,Yes,Yes,60,No,No phone service,DSL,No,No,No,Yes,No,No,Month-to-month,Yes,Electronic check,22.48,1249.65,Yes
CUST-5373,Male,0,No,Yes,31,Yes,Yes,No,Yes,No,No internet service,No internet service,Yes,No internet service,Month-to-month,Yes,Credit card (automatic),78.37,2487.69,Yes
CUST-5374,Female,0,Yes,No,12,Yes,No,DSL,No internet service,No,No,No,No internet service,No,Two year,Yes,Mailed check,104.16,1302.47,No
CUST-5375,Male,0,Yes,No,0,Yes,No phone service,DSL,No,No,No internet service,No,No internet service,No,Month-to-month,Yes,Bank transfer (automatic),56.6, ,No
CUST-5376,Female,1,No,No,33,Yes,No,DSL,Yes,No internet service,Yes,No,No,Yes,One year,No,Bank transfer (automatic),92.62,3039.73,Yes
CUST-5377,Male,1,Yes,No,61,Yes,No phone service,Fiber optic,No,No,No,Yes,No internet service,No,One year,No,Electronic check,81.33,4927.79,Yes
CUST-5378,Male,0,Yes,No,70,Yes,No,Fiber optic,No,No,No,Yes,No internet service,No,Two year,No,Electronic check,56.0,3834.93,Yes
CUST-5379,Female,1,Yes,Yes,30,Yes,No,DSL,No,No,No,No,Yes,No,Two year,Yes,Electronic check,32.43,1020.9,No
CUST-5380,Male,0,No,No,63,Yes,No,Fiber optic,No internet service,No,No,No,No,No,One year,Yes,Mailed check,89.54,5677.51,Yes
CUST-5381,Male,0,Yes,No,24,Yes,No,Fiber optic,Yes,No,No,No internet service,Yes,No,Month-to-month,No,Bank transfer (automatic),104.13,2576.71,Yes
CUST-5382,Female,0,No,No,37,Yes,Yes,No,Yes,Yes,No,Yes,No internet service,No,Month-to-month,No,Credit card (automatic),87.18,3179.83,Yes
CUST-5383,Male,0,Yes,No,13,Yes,Yes,Fiber optic,No,No internet service,No internet service,Yes,Yes,Yes,Month-to-month,Yes,Credit card (automatic),20.05,296.47,No
CUST-5384,Male,1,Yes,No,7,Yes,Yes,Fiber optic,Yes,No,No,No internet service,No,No,Two year,Yes,Electronic check,39.98,253.76,No
CUST-5385,Female,0,Yes,No,53,No,No,Fiber optic,Yes,No,No,No,No,Yes,One year,Yes,Bank transfer (automatic),25.23,1404.38,Yes
CUST-5386,Male,0,No,No,1,Yes,No,DSL,No,No internet service,No,No,No,No,One year,Yes,Bank transfer (automatic),75.57,102.38,Yes
CUST-5387,Female,0,Yes,Yes,55,Yes,No,DSL,No internet service,No,No internet service,No,No internet service,Yes,One year,Yes,Electronic check,94.28,5107.62,Yes
CUST-5388,Female,0,No,No,60,Yes,Yes,Fiber optic,No,No,No,No,No,No internet service,Month-to-month,Yes,Bank transfer (automatic),29.36,1755.04,Yes
CUST-5389,Female,0,Yes,No,21,Yes,No,DSL,Yes,No,No,Yes,No internet service,No,Month-to-month,Yes,Electronic check,102.5,2055.09,Yes
CUST-5390,Male,0,No,No,34,Yes,No,DSL,Yes,No,No internet service,No internet service,No,No,Month-to-month,Yes,Credit card (automatic),74.08,2460.56,Yes
CUST-5391,Female,0,Yes,No,15,Yes,Yes,Fiber optic,No internet service,No internet service,No,Yes,No internet service,No internet service,Month-to-month,Yes,Mailed check,87.59,1258.71,Yes
CUST-5392,Male,0,No,No,49,Yes,Yes,DSL,No internet service,No,Yes,No,No internet service,No,One year,No,Mailed check,115.88,5646.07,Yes
CUST-5393,Male,0,Yes,No,42,Yes,Yes,DSL,No,No,No internet service,No,No,No,Month-to-month,Yes,Electronic check,26.66,1106.59,Yes
CUST-5394,Male,0,Yes,Yes,16,Yes,No,Fiber optic,Yes,Yes,No internet service,No,No,Yes,One year,No,Bank transfer (automatic),108.82,1749.35,No
CUST-5395,Female,0,No,No,57,No,Yes,Fiber optic,No,No internet service,No,No,No internet service,Yes,One year,No,Credit card (automatic),30.92,1768.17,No
CUST-5396,Female,0,No,No,1,Yes,Yes,No,No,No,No,No internet service,No internet service,Yes,Month-to-month,Yes,Mailed check,57.74,56.55,No
CUST-5397,Male,0,Yes,Yes,3,Yes,No,Fiber optic,Yes,No internet service,Yes,Yes,No,No,Month-to-month,Yes,Bank transfer (automatic),103.82,328.08,Yes
CUST-5398,Female,0,No,No,38,Yes,No,Fiber optic,Yes,No,No,No internet service,No,No internet service,Month-to-month,No,Credit card (automatic),109.33,4092.05,Yes
CUST-5399,Female,0,Yes,No,5,No,No,Fiber optic,No,No,Yes,No,Yes,Yes,Month-to-month,Yes,Bank transfer (automatic),69.14,349.36,Yes
CUST-5400,Male,0,No,Yes,68,Yes,No,DSL,No internet service,No,No,Yes,Yes,Yes,One year,No,Bank transfer (automatic),77.96,5373.0,Yes
CUST-5401,Female,1,Yes,No,68,Yes,No,DSL,Yes,No,No,No,Yes,No,Month-to-month,No,Bank transfer (automatic),89.42,6072.27,Yes
CUST-5402,Female,0,No,No,19,No,No,No,No,No,Yes,No,Yes,No internet service,Two year,No,Mailed check,101.94,1961.59,Yes
CUST-5403,Male,0,Yes,Yes,63,Yes,No,Fiber optic,No,Yes,No,No,No,No internet service,Two year,No,Credit card (automatic),30.46,1939.06,Yes
CUST-5404,Male,0,No,No,15,Yes,No phone service,No,Yes,No internet service,No,No,No internet service,No internet service,Month-to-month,Yes,Bank transfer (automatic),99.66,1538.01,No
CUST-5405,Male,0,No,No,50,Yes,Yes,Fiber optic,No internet service,No internet service,No,No internet service,No,Yes,One year,Yes,Bank transfer (automatic),66.62,3345.36,Yes
CUST-5406,Female,0,Yes,No,36,Yes,No,DSL,No,Yes,No,No,No internet service,No,One year,No,Electronic check,63.54,2329.71,Yes
CUST-5407,Female,0,Yes,No,72,Yes,Yes,Fiber optic,Yes,Yes,No,No internet service,Yes,Yes,One year,Yes,Electronic check,60.85,4406.56,Yes
CUST-5408,Male,0,Yes,No,68,No,No,Fiber optic,No internet service,Yes,No,No,No,No internet service,Month-to-month,Yes,Mailed check,69.43,4754.1,Yes
CUST-5409,Female,0,Yes,Yes,41,Yes,No,Fiber optic,No,No,No,No,No,No,Month-to-month,Yes,Bank transfer (automatic),113.23,4664.54,Yes
CUST-5410,Female,0,No,Yes,56,No,No,Fiber optic,No,No internet service,Yes,No,Yes,No,Month-to-month,No,Bank transfer (automatic),73.34,4056.7,Yes
CUST-5411,Female,0,No,No,65,Yes,No,No,Yes,Yes,No internet service,No,Yes,No,Month-to-month,Yes,Electronic check,114.04,7354.06,Yes
CUST-5412,Female,0,No,No,8,Yes,No,No,Yes,No internet service,No,Yes,Yes,Yes,Two year,Yes,Electronic check,36.37,273.3,No
CUST-5413,Female,0,Yes,Yes,63,Yes,No,No,Yes,No,Yes,No,No,No,One year,Yes,Electronic check,91.03,5812.47,Yes
CUST-5414,Female,1,No,No,21,Yes,Yes,DSL,Yes,No,Yes,No internet service,Yes,No,Two year,Yes,Electronic check,99.88,2088.9,No
CUST-5415,Male,0,No,No,33,Yes,No phone service,DSL,No internet service,No,No,No,No,No internet service,Month-to-month,No,Bank transfer (automatic),86.5,2869.98,Yes
CUST-5416,Male,1,Yes,Yes,54,No,Yes,DSL,No internet service,No,No,No,No internet service,No,Month-to-month,Yes,Credit card (automatic),79.25,4181.13,No
CUST-5417,Male,0,No,No,28,Yes,No,DSL,No,No internet service,No,No,No,Yes,One year,No,Electronic check,75.01,2109.97,No
CUST-5418,Female,1,Yes,No,37,Yes,No,Fiber optic,Yes,Yes,No,No,No,No,Month-to-month,Yes,Electronic check,104.77,3880.79,Yes
CUST-5419,Female,0,No,Yes,17,Yes,Yes,Fiber optic,Yes,Yes,Yes,Yes,No,No,Month-to-month,No,Bank transfer (automatic),100.83,1580.44,Yes
CUST-5420,Male,0,No,Yes,70,Yes,No,Fiber optic,Yes,No,No,No,No,Yes,Month-to-month,Yes,Mailed check,30.54,2152.34,Yes
CUST-5421,Female,0,Yes,No,64,Yes,Yes,No,Yes,No,No,No internet service,No,No,Month-to-month,Yes,Bank transfer (automatic),103.53,6543.37,Yes
CUST-5422,Female,0,Yes,No,0,Yes,Yes,No,Yes,No,No,Yes,No internet service,No,One year,Yes,Electronic check,59.86, ,No
CUST-5423,Female,0,No,No,3,Yes,No,DSL,No internet service,Yes,Yes,No,Yes,Yes,Month-to-month,Yes,Electronic check,43.75,180.97,No
CUST-5424,Female,0,No,No,3,No,Yes,No,No,No,No internet service,No internet service,Yes,No,One year,No,Credit card (automatic),105.66,324.85,No
CUST-5425,Male,0,Yes,No,26,Yes,No,Fiber optic,No,No,No,Yes,Yes,No,Two year,No,Credit card (automatic),61.67,1581.0,No
CUST-5426,Female,1,Yes,No,42,Yes,Yes,Fiber optic,Yes,No,No internet service,No internet service,No,No internet service,Month-to-month,No,Credit card (automatic),99.49,4151.88,Yes
CUST-5427,Female,0,No,No,58,Yes,Yes,No,No,No,No,No,No,Yes,Two year,Yes,Bank transfer (automatic),44.72,2572.86,No
CUST-5428,Female,0,No,Yes,31,Yes,Yes,DSL,No,Yes,Yes,No,No internet service,Yes,Month-to-month,No,Mailed check,18.64,585.88,No
CUST-5429,Female,0,No,Yes,32,Yes,Yes,No,No internet service,No,Yes,Yes,No,No internet service,Two year,Yes,Electronic check,68.04,2117.25,No
CUST-5430,Female,1,No,No,27,Yes,No phone service,Fiber optic,No,No,Yes,Yes,No internet service,No internet service,Month-to-month,Yes,Mailed check,28.32,820.86,Yes
CUST-5431,Male,0,Yes,No,54,Yes,Yes,No,No,No,No internet service,No,No,No,One year,No,Electronic check,94.06,5021.86,Yes
CUST-5432,Female,0,Yes,No,59,Yes,Yes,No,No,Yes,No,No,No,No,Month-to-month,No,Electronic check,46.0,2627.65,Yes
CUST-5433,Male,1,Yes,No,69,Yes,Yes,Fiber optic,Yes,No,No internet service,Yes,No internet service,No internet service,Two year,No,Bank transfer (automatic),62.84,4385.52,Yes
CUST-5434,Male,1,Yes,No,61,Yes,No,DSL,Yes,No,No,No internet service,No internet service,No,One year,No,Electronic check,27.0,1625.15,Yes
CUST-5435,Female,0,No,No,33,Yes,No,DSL,Yes,No,No internet service,No internet service,No,No,Month-to-month,Yes,Bank transfer (automatic),47.06,1556.5,No
CUST-5436,Female,0,Yes,No,55,Yes,No,DSL,No,No,No,No,No internet service,No internet service,Two year,Yes,Bank transfer (automatic),96.79,5356.18,Yes
CUST-5437,Female,1,No,Yes,12,Yes,Yes,DSL,No internet service,No internet service,No internet service,Yes,No,No,Month-to-month,Yes,Electronic check,33.48,365.79,Yes
CUST-5438,Male,0,No,No,55,Yes,Yes,No,No,No,No internet service,No,Yes,Yes,Month-to-month,Yes,Electronic check,83.29,4587.81,Yes
CUST-5439,Female,0,No,No,17,Yes,Yes,DSL,No,Yes,Yes,No,No,No,One year,No,Mailed check,110.45,1910.06,Yes
CUST-5440,Male,0,No,No,53,No,No,No,No,No,No internet service,No internet service,No,No internet service,One year,Yes,Credit card (automatic),86.57,4670.37,Yes
CUST-5441,Male,0,No,No,42,No,No,Fiber optic,No,No internet service,No,No,Yes,No internet service,Month-to-month,No,Mailed check,99.76,4164.37,No
CUST-5442,Female,1,Yes,No,38,Yes,No,DSL,Yes,Yes,No,No,No,No,Month-to-month,Yes,Credit card (automatic),29.2,1086.45,No
CUST-5443,Female,0,No,Yes,60,Yes,Yes,Fiber optic,Yes,Yes,No internet service,No,No internet service,No,Two year,Yes,Bank transfer (automatic),43.45,2635.17,Yes
CUST-5444,Female,0,No,No,41,Yes,No,Fiber optic,Yes,No,Yes,No internet service,Yes,No internet service,One year,Yes,Bank transfer (automatic),108.15,4444.58,Yes
CUST-5445,Female,0,No,No,17,Yes,Yes,Fiber optic,No,Yes,No,Yes,No,No internet service,Month-to-month,Yes,Electronic check,90.12,1525.19,Yes
CUST-5446,Male,0,No,No,22,Yes,Yes,Fiber optic,No,No,Yes,No,No internet service,No,Month-to-month,Yes,Mailed check,82.53,1895.29,Yes
CUST-5447,Male,0,Yes,Yes,53,Yes,Yes,DSL,No,Yes,No,No,No,No,Two year,Yes,Bank transfer (automatic),84.96,4418.76,No
CUST-5448,Male,1,No,No,29,Yes,Yes,Fiber optic,Yes,No,Yes,No,Yes,No,One year,Yes,Bank transfer (automatic),59.88,1665.43,Yes
CUST-5449,Male,0,Yes,Yes,57,Yes,No phone service,Fiber optic,No,Yes,No,Yes,No,No internet service,Two year,No,Bank transfer (automatic),22.73,1212.07,Yes
CUST-5450,Male,0,No,Yes,67,Yes,No,No,No,No,No internet service,No,No,No,Month-to-month,Yes,Credit card (automatic),97.09,6565.11,Yes
CUST-5451,Female,0,Yes,Yes,66,Yes,No,No,Yes,No internet service,No,No,Yes,Yes,One year,Yes,Credit card (automatic),86.46,5732.1,Yes
CUST-5452,Male,1,Yes,Yes,70,Yes,Yes,DSL,No,No,No,No,No,No internet service,One year,Yes,Electronic check,65.77,4535.36,No
CUST-5453,Female,0,No,No,17,Yes,No,DSL,No,No,Yes,No internet service,No,No,Month-to-month,No,Electronic check,108.68,1841.41,No
CUST-5454,Male,0,No,Yes,6,Yes,No,Fiber optic,No internet service,No,Yes,No internet service,No internet service,No,One year,Yes,Credit card (automatic),52.03,310.8,No
CUST-5455,Male,0,Yes,No,39,Yes,Yes,No,Yes,Yes,No internet service,No,No internet service,No,One year,No,Mailed check,47.83,1754.91,No
CUST-5456,Male,0,No,No,69,Yes,Yes,Fiber optic,No,No,No,Yes,Yes,No,Month-to-month,Yes,Bank transfer (automatic),105.97,7321.34,No
CUST-5457,Female,1,No,Yes,64,Yes,No phone service,DSL,No,Yes,No,No,No,No,Two year,Yes,Credit card (automatic),98.35,6235.52,Yes
CUST-5458,Male,1,No,No,67,Yes,No,DSL,No internet service,No,No internet service,No,No,No,Two year,Yes,Mailed check,70.01,4726.0,No
CUST-5459,Male,0,No,No,48,Yes,Yes,DSL,Yes,No internet service,No,No,No,No,Two year,Yes,Credit card (automatic),31.39,1449.37,No
CUST-5460,Male,0,No,No,51,Yes,Yes,DSL,No,No internet service,No,No,No,No,Two year,Yes,Mailed check,39.86,2043.82,Yes
CUST-5461,Male,0,No,No,28,Yes,No,Fiber optic,Yes,No,No,No,No internet service,No,Month-to-month,No,Mailed check,84.2,2422.33,Yes
CUST-5462,Male,0,No,Yes,20,Yes,Yes,Fiber optic,No internet service,No,No internet service,No,No,No,Month-to-month,Yes,Bank transfer (automatic),56.95,1187.73,No
CUST-5463,Male,0,Yes,No,8,Yes,No,DSL,Yes,No internet service,No,No,No,No,Two year,Yes,Credit card (automatic),102.32,843.92,No
CUST-5464,Male,0,Yes,Yes,46,Yes,No,DSL,No,No,No,No,Yes,No,Month-to-month,No,Mailed check,113.72,5227.05,Yes
CUST-5465,Male,0,No,No,41,Yes,No,Fiber optic,No,No internet service,No,No internet service,Yes,No,Month-to-month,Yes,Electronic check,99.22,3993.01,Yes
CUST-5466,Male,1,No,Yes,50,Yes,No,No,No,No,No,No internet service,Yes,No,Month-to-month,No,Mailed check,56.19,2787.55,Yes
CUST-5467,Male,0,No,No,55,Yes,Yes,Fiber optic,No,No,No,No,No,No,Month-to-month,No,Mailed check,97.51,5351.75,Yes
CUST-5468,Female,1,No,No,50,Yes,No,No,Yes,No,No,No,No,No,One year,Yes,Credit card (automatic),53.57,2663.61,No
CUST-5469,Male,1,Yes,No,69,Yes,No,Fiber optic,Yes,No,No,No internet service,No,No,Month-to-month,No,Bank transfer (automatic),35.04,2341.08,Yes
CUST-5470,Male,1,No,No,19,Yes,Yes,DSL,No,No,No,Yes,Yes,No,Month-to-month,Yes,Bank transfer (automatic),21.61,432.31,Yes
CUST-5471,Female,0,Yes,No,26,Yes,Yes,DSL,Yes,No,No,No internet service,No,No,Two year,No,Mailed check,57.01,1423.21,No
CUST-5472,Male,0,No,Yes,37,Yes,No phone service,Fiber optic,No,No,No internet service,Yes,Yes,No,Two year,Yes,Mailed check,109.06,4112.53,Yes
CUST-5473,Male,0,Yes,No,71,No,No,Fiber optic,Yes,Yes,No,Yes,No,No,Two year,Yes,Electronic check,42.27,3008.57,Yes
CUST-5474,Female,0,Yes,Yes,64,Yes,No,Fiber optic,No,No,Yes,No,No,No internet service,One year,No,Electronic check,39.0,2544.96,Yes
CUST-5475,Female,0,Yes,No,53,Yes,Yes,Fiber optic,Yes,No,Yes,No internet service,Yes,Yes,Two year,Yes,Bank transfer (automatic),115.72,6181.09,Yes
CUST-5476,Female,0,No,No,23,Yes,Yes,Fiber optic,No,No internet service,No,No,No,No internet service,One year,No,Mailed check,20.76,581.38,No
CUST-5477,Female,0,Yes,No,46,Yes,No,DSL,Yes,No,No internet service,No,No internet service,Yes,One year,Yes,Bank transfer (automatic),97.22,4481.21,Yes
CUST-5478,Female,0,Yes,Yes,70,No,Yes,No,No,No internet service,No internet service,No,Yes,No,Two year,Yes,Credit card (automatic),50.55,3519.0,Yes
CUST-5479,Male,1,Yes,No,62,Yes,Yes,Fiber optic,No,Yes,Yes,No,No,Yes,Month-to-month,No,Bank transfer (automatic),22.02,1346.7,No
CUST-5480,Male,0,Yes,Yes,56,Yes,No,Fiber optic,No,No,Yes,No,No,No,Two year,No,Credit card (automatic),110.49,6262.25,Yes
CUST-5481,Male,0,No,Yes,54,No,No,Fiber optic,No,Yes,No,No,No internet service,No,Month-to-month,No,Credit card (automatic),32.28,1677.11,Yes
CUST-5482,Male,0,No,No,59,Yes,Yes,Fiber optic,No,No,No,No,No,No,Month-to-month,Yes,Bank transfer (automatic),73.7,4304.39,Yes
CUST-5483,Male,0,No,Yes,61,Yes,No,DSL,No internet service,No,No,No,No,No internet service,Month-to-month,Yes,Credit card (automatic),45.79,2805.04,Yes
CUST-5484,Female,0,Yes,No,29,Yes,Yes,Fiber optic,No internet service,No,No,Yes,Yes,No,Month-to-month,Yes,Credit card (automatic),24.8,711.56,Yes
CUST-5485,Male,0,Yes,Yes,21,Yes,Yes,DSL,No,Yes,No,No,Yes,No,One year,No,Mailed check,23.27,537.05,No
CUST-5486,Male,1,Yes,No,28,Yes,Yes,Fiber optic,Yes,Yes,No,Yes,No,No,Two year,No,Electronic check,29.86,769.15,No
CUST-5487,Female,0,Yes,No,40,Yes,No,DSL,Yes,No,No,Yes,No,No,Two year,No,Bank transfer (automatic),25.42,1013.45,No
CUST-5488,Male,0,Yes,No,41,No,No,DSL,No,No,Yes,No,No,No,Two year,Yes,Bank transfer (automatic),94.69,3872.94,Yes
CUST-5489,Female,0,Yes,No,64,Yes,Yes,DSL,No,No,No,Yes,No internet service,No,Month-to-month,Yes,Electronic check,67.05,4237.59,Yes
CUST-5490,Male,0,Yes,No,30,No,No,Fiber optic,No,No,No,No internet service,Yes,No internet service,Two year,Yes,Mailed check,52.71,1625.23,No
CUST-5491,Male,0,Yes,Yes,29,Yes,No,No,No,No,No,Yes,Yes,No internet service,Month-to-month,Yes,Bank transfer (automatic),60.3,1744.11,Yes
CUST-5492,Female,0,Yes,No,17,Yes,No,DSL,No,Yes,No internet service,No,No,No,Two year,Yes,Bank transfer (automatic),111.61,1890.67,No
CUST-5493,Female,0,Yes,No,16,Yes,No,Fiber optic,No internet service,No,No,No,No,No,Month-to-month,No,Bank transfer (automatic),109.78,1715.24,Yes
CUST-5494,Female,0,No,No,37,Yes,Yes,DSL,No,No,No,No,No,No,Month-to-month,No,Electronic check,90.18,3318.17,Yes
CUST-5495,Male,0,Yes,No,13,Yes,No,No,No,No,No,Yes,No,Yes,Two year,Yes,Credit card (automatic),107.16,1342.0,No
CUST-5496,Male,0,No,No,55,Yes,No,DSL,No,No,No,No,No,No,Two year,No,Credit card (automatic),50.37,2813.54,No
CUST-5497,Female,0,No,No,21,Yes,No,DSL,No,No,Yes,No,No internet service,Yes,One year,No,Electronic check,56.55,1239.19,No
CUST-5498,Female,1,Yes,No,66,Yes,Yes,DSL,No internet service,No,No,Yes,Yes,Yes,Two year,No,Credit card (automatic),79.93,5359.38,Yes
CUST-5499,Female,0,No,Yes,55,Yes,No,No,Yes,No,Yes,No internet service,Yes,No,Month-to-month,No,Electronic check,80.92,4472.3,Yes
CUST-5500,Male,0,Yes,No,18,Yes,No phone service,Fiber optic,No,No,No,Yes,Yes,No,One year,Yes,Electronic check,66.66,1182.92,No
CUST-5501,Male,0,No,No,56,No,Yes,DSL,No internet service,No,Yes,No internet service,No,No internet service,One year,Yes,Mailed check,58.52,3253.67,Yes
CUST-5502,Female,0,Yes,Yes,43,Yes,No,DSL,No,No,Yes,No internet service,No,No internet service,Month-to-month,No,Mailed check,117.36,5071.01,Yes
CUST-5503,Male,0,No,Yes,34,Yes,Yes,DSL,No,No internet service,No,No internet service,Yes,Yes,Month-to-month,No,Credit card (automatic),100.77,3436.22,Yes
CUST-5504,Male,0,Yes,No,0,Yes,Yes,DSL,No internet service,Yes,No internet service,Yes,No,Yes,Month-to-month,Yes,Bank transfer (automatic),61.97, ,No
CUST-5505,Female,0,No,No,51,No,No,No,No,No,Yes,No,Yes,No internet service,One year,Yes,Electronic check,91.34,4645.24,Yes
CUST-5506,Male,0,Yes,No,69,No,No phone service,Fiber optic,Yes,No,Yes,No,No,No,Month-to-month,No,Mailed check,45.34,3187.02,Yes
CUST-5507,Female,0,No,No,36,Yes,No,Fiber optic,No,No,No,No,No,Yes,Month-to-month,Yes,Electronic check,28.32,997.93,No
CUST-5508,Female,0,No,No,64,Yes,Yes,DSL,No,Yes,Yes,Yes,No,No internet service,Month-to-month,No,Electronic check,53.67,3502.21,Yes
CUST-5509,Female,0,No,No,50,Yes,Yes,Fiber optic,No,No,No,Yes,No internet service,No internet service,One year,No,Bank transfer (automatic),58.75,2946.61,Yes
CUST-5510,Female,0,No,Yes,0,Yes,No,DSL,No,No,No,Yes,No,No,One year,No,Electronic check,19.91, ,No
CUST-5511,Male,0,Yes,Yes,20,Yes,No,DSL,No,No,No,No internet service,No,No internet service,One year,Yes,Mailed check,100.14,1963.54,No
CUST-5512,Male,0,Yes,No,52,Yes,No,Fiber optic,No,No,No,No,No,No,Month-to-month,Yes,Mailed check,54.35,2818.47,Yes
CUST-5513,Male,0,No,No,15,Yes,No,DSL,No,No,No,No,No,No,Month-to-month,Yes,Electronic check,76.58,1173.87,No
CUST-5514,Female,0,Yes,No,60,Yes,No,Fiber optic,No,No,Yes,No,Yes,No,Month-to-month,No,Credit card (automatic),25.68,1521.95,Yes
CUST-5515,Female,1,Yes,No,53,No,Yes,No,No,No,No,No,Yes,No,Two year,No,Mailed check,35.84,1942.04,No
CUST-5516,Male,0,No,No,39,Yes,Yes,DSL,No internet service,No,No,No,No,Yes,Month-to-month,No,Credit card (automatic),107.66,4177.39,Yes
CUST-5517,Female,1,No,No,25,Yes,Yes,No,No,No internet service,No,No,Yes,No,Month-to-month,No,Mailed check,79.42,1979.26,Yes
CUST-5518,Female,0,No,Yes,64,Yes,Yes,DSL,Yes,Yes,No,No,No,No,One year,Yes,Credit card (automatic),113.75,7215.67,Yes
CUST-5519,Female,0,Yes,No,63,Yes,Yes,Fiber optic,No internet service,Yes,No,No,No,Yes,Month-to-month,No,Mailed check,118.62,7501.03,Yes
CUST-5520,Female,0,No,No,42,Yes,No,Fiber optic,No,No internet service,No,No,Yes,Yes,Two year,No,Mailed check,55.62,2322.68,No
CUST-5521,Male,0,Yes,No,16,Yes,Yes,Fiber optic,Yes,No,No,No,Yes,Yes,Month-to-month,Yes,Mailed check,48.28,851.42,No
CUST-5522,Female,0,No,No,58,Yes,Yes,DSL,No,No,Yes,No internet service,No,No internet service,One year,No,Credit card (automatic),104.51,6096.82,Yes
CUST-5523,Female,1,No,No,22,No,No,No,Yes,No,No internet service,Yes,Yes,No internet service,Month-to-month,Yes,Bank transfer (automatic),118.61,2613.64,Yes
CUST-5524,Female,0,No,Yes,6,Yes,No phone service,No,No,No internet service,No,No,No internet service,No internet service,Month-to-month,Yes,Electronic check,81.53,550.44,No
CUST-5525,Female,0,Yes,Yes,43,Yes,Yes,DSL,No,No,No,No,No,No internet service,Month-to-month,No,Credit card (automatic),98.16,4241.14,Yes
CUST-5526,Female,0,Yes,No,52,Yes,No,No,Yes,No,Yes,No,No,No,Two year,Yes,Mailed check,96.82,5085.05,No
CUST-5527,Female,0,No,No,70,Yes,Yes,Fiber optic,Yes,No internet service,No,No,No internet service,No,Two year,No,Bank transfer (automatic),53.96,3734.08,Yes
CUST-5528,Female,0,No,No,33,Yes,No,No,Yes,No,No,No,No internet service,No,Month-to-month,No,Mailed check,75.96,2529.74,Yes
CUST-5529,Male,0,No,No,45,Yes,No,DSL,No,No,No,No,No internet service,Yes,Two year,Yes,Bank transfer (automatic),101.97,4613.79,No
CUST-5530,Female,0,Yes,Yes,67,Yes,No,No,No,No,Yes,No,No,No internet service,One year,Yes,Credit card (automatic),87.41,5779.23,Yes
CUST-5531,Female,0,Yes,Yes,15,Yes,No,DSL,No,No,Yes,Yes,Yes,No,Two year,Yes,Mailed check,20.38,381.03,No
CUST-5532,Male,0,No,Yes,70,Yes,Yes,No,Yes,No,No,No internet service,No internet service,No,Two year,Yes,Electronic check,52.09,3588.28,No
CUST-5533,Female,1,Yes,No,18,Yes,No,Fiber optic,No internet service,No,No internet service,No internet service,No,No,Month-to-month,Yes,Bank transfer (automatic),32.77,524.91,Yes
CUST-5534,Female,0,No,No,1,Yes,No,Fiber optic,No,No,No internet service,No,No,No,One year,Yes,Mailed check,41.66,-100.77,Yes
CUST-5535,Female,0,No,No,9,Yes,No,DSL,No internet service,Yes,No,No,Yes,No,Month-to-month,Yes,Bank transfer (automatic),109.25,1006.94,No
CUST-5536,Male,0,Yes,Yes,49,Yes,Yes,No,No internet service,No,No,No,No internet service,No,Month-to-month,No,Electronic check,21.96,993.89,No
CUST-5537,Male,0,Yes,No,11,Yes,No,Fiber optic,Yes,No internet service,No internet service,No,No internet service,No,Month-to-month,No,Mailed check,40.34,417.89,Yes
CUST-5538,Female,1,Yes,Yes,69,Yes,No,Fiber optic,No,No internet service,Yes,No internet service,No internet service,No,Two year,Yes,Mailed check,49.36,3447.73,Yes
CUST-5539,Female,0,Yes,Yes,21,No,Yes,Fiber optic,No,Yes,No,No internet service,No,Yes,Two year,No,Electronic check,80.25,1694.85,Yes
CUST-5540,Male,1,Yes,No,31,Yes,Yes,No,No,No,No,No,No internet service,No,Two year,No,Electronic check,71.93,2198.65,No
CUST-5541,Female,0,No,No,0,Yes,No phone service,DSL,No,Yes,No,No,Yes,No,Two year,Yes,Bank transfer (automatic),40.19, ,No
CUST-5542,Female,0,No,No,53,Yes,Yes,DSL,No,Yes,No,No,No internet service,No,Two year,Yes,Bank transfer (automatic),34.76,1836.9,Yes
CUST-5543,Female,0,No,Yes,57,Yes,No,No,No,Yes,No,No,No internet service,No,Month-to-month,No,Electronic check,42.05,2439.61,Yes
CUST-5544,Male,0,No,No,69,Yes,Yes,Fiber optic,No,Yes,No,No,No,Yes,Month-to-month,Yes,Electronic check,68.75,4778.79,Yes
CUST-5545,Male,0,Yes,No,17,Yes,No,Fiber optic,No internet service,No internet service,No,No internet service,No,No,Month-to-month,No,Electronic check,45.5,862.84,No
CUST-5546,Female,0,Yes,No,5,Yes,No phone service,DSL,No,No,No,No internet service,No,Yes,Month-to-month,No,Mailed check,113.48,534.73,Yes
CUST-5547,Female,1,No,No,44,Yes,No,No,No,No,Yes,Yes,No,Yes,Month-to-month,Yes,Bank transfer (automatic),64.87,2788.43,Yes
CUST-5548,Male,0,No,Yes,22,Yes,No,DSL,No,No internet service,No,No,No,Yes,Month-to-month,Yes,Mailed check,24.16,547.02,No
CUST-5549,Female,1,No,No,22,Yes,Yes,Fiber optic,No internet service,No internet service,No,No,No,No internet service,Two year,No,Electronic check,91.54,2024.45,Yes
CUST-5550,Female,1,No,No,25,Yes,No,No,No,Yes,No,No,No,Yes,Two year,No,Mailed check,51.3,1282.26,Yes
CUST-5551,Male,1,No,Yes,6,Yes,Yes,DSL,Yes,No,No,No,No,No internet service,One year,Yes,Bank transfer (automatic),83.93,466.26,No
CUST-5552,Male,1,Yes,No,43,Yes,No,No,Yes,No,Yes,No internet service,No,No,Two year,No,Bank transfer (automatic),46.35,1860.38,No
CUST-5553,Female,0,No,No,26,No,Yes,Fiber optic,Yes,No,No,No internet service,Yes,No internet service,Month-to-month,Yes,Electronic check,75.61,1915.53,No
CUST-5554,Female,0,No,No,25,Yes,No,Fiber optic,No,No,No,Yes,No,No,Two year,Yes,Mailed check,95.85,2424.1,Yes
CUST-5555,Female,0,Yes,No,35,Yes,No,Fiber optic,No,No,Yes,No internet service,No internet service,Yes,Month-to-month,Yes,Electronic check,111.51,3917.05,Yes
CUST-5556,Female,0,Yes,No,54,Yes,No,Fiber optic,No,No internet service,No internet service,No,No internet service,No,Month-to-month,Yes,Mailed check,44.49,2450.72,Yes
CUST-5557,Male,1,Yes,No,63,Yes,Yes,DSL,No,No internet service,No,No,No,No internet service,Two year,No,Electronic check,51.9,3286.96,Yes
CUST-5558,Female,1,No,No,56,Yes,Yes,DSL,No,Yes,No,Yes,No,No internet service,Month-to-month,No,Credit card (automatic),64.91,3671.76,Yes
CUST-5559,Female,0,Yes,Yes,68,No,Yes,No,No,No,No,Yes,No,No internet service,Month-to-month,Yes,Mailed check,111.43,7615.48,Yes
CUST-5560,Female,0,Yes,Yes,60,Yes,No,DSL,No,No,No,No,No,No,Month-to-month,Yes,Mailed check,108.84,6531.42,Yes
CUST-5561,Female,0,Yes,Yes,1,Yes,Yes,No,No,No,No,No internet service,No,No,One year,No,Electronic check,27.28,28.65,No
CUST-5562,Male,0,Yes,Yes,54,Yes,Yes,DSL,No internet service,Yes,No,No,Yes,No internet service,Two year,No,Bank transfer (automatic),31.51,1556.1,Yes
CUST-5563,Female,0,No,No,37,Yes,No phone service,Fiber optic,No,No,Yes,No internet service,No internet service,No internet service,Month-to-month,Yes,Bank transfer (automatic),68.05,2485.02,Yes
CUST-5564,Female,0,No,No,28,Yes,No,No,No internet service,Yes,No internet service,No,Yes,Yes,Two year,No,Electronic check,28.97,780.49,No
CUST-5565,Male,1,No,No,25,Yes,No phone service,DSL,No,No,Yes,Yes,No,No,Month-to-month,No,Electronic check,52.98,1319.06,No
CUST-5566,Male,0,Yes,No,34,Yes,No,No,No,No,No,No,Yes,Yes,Month-to-month,Yes,Electronic check,33.16,1080.92,No
CUST-5567,Female,0,No,Yes,66,Yes,No,Fiber optic,No internet service,No,Yes,Yes,Yes,No internet service,Month-to-month,Yes,Mailed check,82.17,5470.1,Yes
CUST-5568,Male,0,Yes,Yes,28,Yes,No,Fiber optic,Yes,No,No,No,No internet service,Yes,One year,No,Credit card (automatic),113.67,3138.68,Yes
CUST-5569,Male,0,No,No,33,Yes,Yes,Fiber optic,No internet service,No,No,No,No,No,Month-to-month,No,Credit card (automatic),118.42,3962.98,Yes
CUST-5570,Male,0,No,Yes,40,Yes,No phone service,Fiber optic,Yes,No,Yes,No,Yes,No internet service,One year,Yes,Mailed check,55.96,2190.34,No
CUST-5571,Male,0,No,No,40,Yes,Yes,Fiber optic,No,No,No,Yes,No,Yes,Month-to-month,Yes,Bank transfer (automatic),78.45,3107.81,Yes
CUST-5572,Female,1,Yes,No,22,Yes,Yes,Fiber optic,No internet service,No,No internet service,No internet service,No,No,Month-to-month,No,Mailed check,104.3,2260.61,Yes
CUST-5573,Male,0,Yes,No,70,Yes,No,DSL,Yes,No,No,Yes,No,Yes,Two year,Yes,Credit card (automatic),30.05,2078.69,Yes
CUST-5574,Male,0,No,Yes,2,Yes,Yes,DSL,No internet service,No internet service,No internet service,Yes,Yes,No internet service,Month-to-month,Yes,Mailed check,87.55,234.03,Yes
CUST-5575,Female,0,Yes,No,57,Yes,No,No,No,No,No internet service,No,No internet service,No,Month-to-month,Yes,Credit card (automatic),59.34,3366.03,Yes
CUST-5576,Male,0,No,No,31,Yes,No phone service,No,No,No,No,No,No,No,Month-to-month,Yes,Credit card (automatic),38.97,1192.99,No
CUST-5577,Female,0,No,Yes,30,Yes,Yes,Fiber optic,No,No internet service,No,No internet service,No,No,One year,Yes,Mailed check,58.73,1724.81,Yes
CUST-5578,Male,0,Yes,No,42,Yes,No,Fiber optic,No,No,No,No internet service,Yes,No internet service,One year,No,Credit card (automatic),25.88,1073.97,Yes
CUST-5579,Female,0,No,No,6,Yes,No,Fiber optic,No,No internet service,No internet service,Yes,No,No,Month-to-month,Yes,Bank transfer (automatic),88.14,539.66,Yes
CUST-5580,Male,0,No,No,0,Yes,Yes,Fiber optic,Yes,No internet service,No,No internet service,No internet service,Yes,Month-to-month,Yes,Bank transfer (automatic),43.65, ,No
CUST-5581,Female,0,No,No,60,Yes,Yes,Fiber optic,No,No,No,No internet service,Yes,No,Month-to-month,No,Electronic check,49.55,2965.49,Yes
CUST-5582,Male,0,Yes,No,13,Yes,No,No,No,Yes,No,No internet service,No,No internet service,Month-to-month,No,Credit card (automatic),30.42,446.26,Yes
CUST-5583,Female,1,No,No,51,Yes,No phone service,DSL,Yes,No,No,No,No,No,Two year,Yes,Electronic check,105.15,5376.33,Yes
CUST-5584,Female,0,No,Yes,5,Yes,No,Fiber optic,No,No,No,Yes,No,No,Two year,Yes,Electronic check,67.84,281.66,No
CUST-5585,Male,0,Yes,No,9,Yes,Yes,No,No,No internet service,No,No internet service,No,No,One year,Yes,Credit card (automatic),75.75,677.49,No
CUST-5586,Female,0,Yes,Yes,70,Yes,No,Fiber optic,Yes,Yes,Yes,No,No internet service,No,Month-to-month,No,Credit card (automatic),75.48,5256.68,Yes
CUST-5587,Female,0,No,No,29,Yes,No,No,No internet service,No internet service,Yes,No,Yes,Yes,One year,Yes,Credit card (automatic),59.5,1751.55,No
CUST-5588,Male,0,No,Yes,20,No,No,DSL,No,No internet service,No internet service,No,No,No,Two year,Yes,Credit card (automatic),37.6,757.15,No
CUST-5589,Female,0,Yes,No,59,No,Yes,DSL,No,No,No,No,No,Yes,One year,Yes,Credit card (automatic),93.14,5551.78,No
CUST-5590,Male,0,Yes,Yes,62,No,Yes,No,No,Yes,Yes,No,No internet service,Yes,Two year,No,Electronic check,31.02,1886.24,Yes
CUST-5591,Female,0,Yes,Yes,41,Yes,No,Fiber optic,No internet service,No,No,Yes,Yes,No,One year,No,Bank transfer (automatic),28.69,1166.67,Yes
CUST-5592,Male,0,Yes,No,50,No,Yes,Fiber optic,Yes,No,No,No,Yes,No,One year,Yes,Mailed check,89.62,4427.79,Yes
CUST-5593,Male,0,Yes,No,63,Yes,No phone service,DSL,No,No,No,No,No,No,Month-to-month,No,Mailed check,39.24,2470.03,Yes
CUST-5594,Female,1,No,No,55,Yes,Yes,Fiber optic,No,Yes,No,No,No,Yes,One year,Yes,Bank transfer (automatic),49.08,2622.57,Yes
CUST-5595,Male,0,Yes,Yes,40,Yes,Yes,Fiber optic,No,No internet service,No,No,No,No,Month-to-month,Yes,Bank transfer (automatic),66.01,2656.47,Yes
CUST-5596,Male,0,No,No,31,No,No,DSL,No internet service,No internet service,No internet service,Yes,No,No,Two year,Yes,Bank transfer (automatic),63.41,1962.94,No
CUST-5597,Female,1,Yes,No,14,Yes,Yes,Fiber optic,No,No,Yes,Yes,No internet service,No,Two year,Yes,Mailed check,89.46,1260.2,Yes
CUST-5598,Female,0,No,No,61,Yes,No phone service,Fiber optic,No,Yes,No,Yes,No,Yes,Two year,Yes,Credit card (automatic),80.9,4974.31,No
CUST-5599,Male,0,No,No,26,Yes,Yes,DSL,No,No,No,No,No,Yes,Month-to-month,Yes,Electronic check,83.01,2169.5,No
CUST-5600,Male,1,No,Yes,27,Yes,No,Fiber optic,No,Yes,No,No,No,Yes,Month-to-month,Yes,Electronic check,90.01,2366.43,Yes
CUST-5601,Female,0,No,No,63,Yes,Yes,Fiber optic,No internet service,No,No,No,Yes,Yes,Month-to-month,Yes,Electronic check,47.66,2974.79,Yes
CUST-5602,Female,0,Yes,No,58,Yes,Yes,DSL,Yes,No,Yes,No,Yes,Yes,One year,Yes,Electronic check,50.64,2933.11,Yes
CUST-5603,Female,0,Yes,No,57,Yes,No,Fiber optic,No internet service,No,No,Yes,No,No,Two year,No,Credit card (automatic),62.27,3532.99,Yes
CUST-5604,Male,0,No,No,1,Yes,No,DSL,Yes,No,No internet service,Yes,No,No,One year,No,Electronic check,49.15,38.85,No
CUST-5605,Male,0,Yes,No,35,Yes,No,DSL,No,No,No,Yes,No internet service,No internet service,Month-to-month,No,Bank transfer (automatic),117.24,4184.47,No
CUST-5606,Female,0,Yes,No,70,Yes,No,Fiber optic,No internet service,No,No internet service,No,No internet service,Yes,Two year,No,Bank transfer (automatic),100.06,7009.22,Yes
CUST-5607,Female,1,Yes,No,12,No,No phone service,Fiber optic,No,No internet service,Yes,No,No internet service,No,Two year,Yes,Credit card (automatic),34.8,436.71,Yes
CUST-5608,Male,0,Yes,No,14,Yes,No,No,No,No,No,Yes,No internet service,Yes,Month-to-month,No,Bank transfer (automatic),18.81,162.9,No
CUST-5609,Female,0,Yes,No,59,Yes,No,DSL,No,Yes,No internet service,No internet service,No,No,One year,Yes,Electronic check,22.55,1367.75,Yes
CUST-5610,Female,0,Yes,No,21,Yes,Yes,Fiber optic,No internet service,No internet service,No internet service,Yes,No internet service,No,Two year,Yes,Mailed check,42.78,1040.98,No
CUST-5611,Male,1,Yes,No,62,No,Yes,DSL,No,No internet service,No,Yes,Yes,No,One year,No,Electronic check,29.74,1911.16,Yes
CUST-5612,Male,0,Yes,No,24,Yes,No,Fiber optic,No internet service,No,Yes,No,Yes,No internet service,Two year,Yes,Electronic check,71.85,1702.39,No
CUST-5613,Female,0,No,No,47,Yes,No,Fiber optic,Yes,Yes,Yes,No,No,No,Month-to-month,Yes,Electronic check,104.48,5024.61,Yes
CUST-5614,Female,0,Yes,No,42,No,No,Fiber optic,No internet service,Yes,No,No internet service,No internet service,No,One year,Yes,Electronic check,92.29,3877.55,Yes
CUST-5615,Female,0,Yes,Yes,37,Yes,Yes,DSL,Yes,No,No internet service,No internet service,No,No internet service,One year,Yes,Credit card (automatic),39.92,1492.37,No
CUST-5616,Male,0,No,No,40,Yes,Yes,No,No internet service,Yes,No,Yes,Yes,No,Two year,No,Bank transfer (automatic),58.38,2321.83,No
CUST-5617,Female,0,Yes,No,44,Yes,Yes,Fiber optic,Yes,Yes,No internet service,No,Yes,No,Two year,Yes,Bank transfer (automatic),69.29,3034.09,Yes
CUST-5618,Male,0,Yes,Yes,39,Yes,No,No,No,No internet service,No,No internet service,Yes,No,Two year,Yes,Bank transfer (automatic),99.68,3775.12,No
CUST-5619,Male,0,Yes,Yes,16,No,No,DSL,No,No,No,No,No,No internet service,Month-to-month,Yes,Electronic check,102.58,1680.65,Yes
CUST-5620,Female,1,No,Yes,56,Yes,Yes,Fiber optic,No,No,No,No,No internet service,No internet service,Two year,Yes,Mailed check,109.68,6127.23,Yes
CUST-5621,Male,0,Yes,Yes,1,Yes,Yes,Fiber optic,No,No,No,No,Yes,No,Month-to-month,No,Bank transfer (automatic),69.43,60.03,No
CUST-5622,Female,0,No,Yes,61,Yes,Yes,Fiber optic,No,No,No,No,No,No,Month-to-month,No,Credit card (automatic),88.02,5382.89,Yes
CUST-5623,Female,0,No,No,8,Yes,No,DSL,Yes,No,No,No,No,No,Month-to-month,Yes,Credit card (automatic),29.49,215.19,No
CUST-5624,Female,0,Yes,No,67,Yes,No,No,Yes,No,Yes,No,No,No,Two year,Yes,Electronic check,75.06,5042.21,No
CUST-5625,Female,0,Yes,Yes,16,No,Yes,DSL,Yes,No,No,Yes,No,No,Two year,Yes,Electronic check,43.24,751.99,No
CUST-5626,Female,0,No,Yes,49,Yes,Yes,DSL,No,No,No,No internet service,No internet service,No,Month-to-month,No,Mailed check,61.64,3040.6,Yes
CUST-5627,Male,0,No,No,39,Yes,Yes,Fiber optic,No,Yes,No,No internet service,Yes,Yes,Month-to-month,Yes,Mailed check,81.97,3189.16,No
CUST-5628,Male,0,No,No,57,Yes,Yes,Fiber optic,Yes,Yes,No,No,Yes,No,Two year,Yes,Bank transfer (automatic),44.08,2506.39,Yes
CUST-5629,Female,0,No,Yes,20,Yes,No,Fiber optic,No,Yes,Yes,No,No,Yes,One year,No,Mailed check,23.49,479.83,No
CUST-5630,Male,1,Yes,No,17,Yes,Yes,Fiber optic,No internet service,No internet service,No,No,No internet service,No,Two year,No,Credit card (automatic),19.28,286.15,No
CUST-5631,Male,0,Yes,Yes,54,Yes,No,Fiber optic,No,No internet service,No,No,No internet service,Yes,Month-to-month,No,Bank transfer (automatic),20.48,1116.31,Yes
CUST-5632,Male,0,No,Yes,28,No,No,Fiber optic,No,No,Yes,No,No,No,Month-to-month,Yes,Electronic check,19.09,568.75,No
CUST-5633,Male,0,No,No,23,Yes,No,Fiber optic,Yes,Yes,Yes,No,Yes,No internet service,Month-to-month,Yes,Mailed check,29.34,679.2,Yes
CUST-5634,Female,0,Yes,Yes,16,Yes,No,No,No,No,No,Yes,No internet service,No internet service,Month-to-month,Yes,Bank transfer (automatic),42.32,655.91,No
CUST-5635,Male,1,Yes,Yes,17,Yes,Yes,No,Yes,No internet service,No,No,No,Yes,Month-to-month,No,Bank transfer (automatic),40.48,673.8,No
CUST-5636,Female,1,No,No,41,No,No,Fiber optic,No internet service,No,No,Yes,No,Yes,Month-to-month,No,Bank transfer (automatic),117.42,4846.83,Yes
CUST-5637,Female,0,Yes,No,44,Yes,Yes,DSL,No,Yes,Yes,Yes,No internet service,No,Month-to-month,No,Mailed check,49.0,2100.99,Yes
CUST-5638,Female,0,No,No,16,Yes,Yes,No,Yes,No,No,No,No internet service,Yes,Month-to-month,Yes,Bank transfer (automatic),31.06,456.14,Yes
CUST-5639,Male,1,No,Yes,72,No,No,DSL,No internet service,No,No internet service,Yes,No,No,Two year,Yes,Mailed check,73.08,5181.41,Yes
CUST-5640,Male,0,No,No,13,Yes,No,DSL,No internet service,No,No internet service,No,Yes,No,Month-to-month,Yes,Electronic check,104.47,1359.81,No
CUST-5641,Male,1,Yes,No,48,Yes,Yes,DSL,No internet service,No,No internet service,No internet service,No internet service,No,Month-to-month,Yes,Electronic check,86.4,4190.29,Yes
CUST-5642,Male,0,No,No,28,Yes,Yes,DSL,No internet service,No,No internet service,Yes,No,Yes,Two year,Yes,Credit card (automatic),48.01,1410.85,No
CUST-5643,Male,0,No,No,3,Yes,Yes,No,No,No,No internet service,No internet service,No internet service,No,One year,Yes,Electronic check,74.69,301.5,No
CUST-5644,Male,0,Yes,No,19,No,No phone service,Fiber optic,No,No,No internet service,No internet service,No,No,One year,Yes,Bank transfer (automatic),90.09,1677.19,Yes
CUST-5645,Female,0,Yes,No,46,Yes,No phone service,No,No internet service,No,No,No,No,No,One year,Yes,Credit card (automatic),91.42,4217.82,Yes
CUST-5646,Male,0,Yes,Yes,8,Yes,No,DSL,No internet service,No,No,No,No internet service,No internet service,Two year,Yes,Mailed check,85.24,661.8,No
CUST-5647,Male,0,No,No,26,Yes,No,Fiber optic,No,No internet service,No,No,Yes,Yes,Two year,No,Bank transfer (automatic),105.77,2832.4,No
CUST-5648,Male,0,Yes,No,14,Yes,No,No,No,No,No,Yes,No internet service,No,One year,No,Mailed check,105.7,1544.97,Yes
CUST-5649,Female,0,Yes,No,18,Yes,No,No,No internet service,No,No internet service,Yes,Yes,Yes,Two year,Yes,Credit card (automatic),76.43,1384.14,No
CUST-5650,Female,0,No,No,51,Yes,No phone service,Fiber optic,No,No internet service,No internet service,No,No,Yes,Month-to-month,Yes,Mailed check,61.45,3102.98,Yes
CUST-5651,Female,0,No,No,25,Yes,No phone service,DSL,No,No,No,No,No,No,Month-to-month,No,Electronic check,82.73,1895.85,Yes
CUST-5652,Male,0,No,Yes,25,Yes,No,Fiber optic,Yes,No,No,No,No,No,Two year,Yes,Mailed check,100.48,2440.32,No
CUST-5653,Male,0,No,No,25,Yes,No phone service,Fiber optic,Yes,No,No,No,No,No internet service,Month-to-month,Yes,Credit card (automatic),18.82,377.89,No
CUST-5654,Female,0,No,Yes,45,Yes,Yes,Fiber optic,No,No,No,No,No,No,Two year,Yes,Bank transfer (automatic),117.95,5235.44,Yes
CUST-5655,Female,1,No,Yes,48,Yes,Yes,Fiber optic,No,No,No,No internet service,No,No,Month-to-month,Yes,Electronic check,36.63,1852.18,No
CUST-5656,Female,0,No,No,52,Yes,Yes,Fiber optic,Yes,No,No,No,No,Yes,Month-to-month,Yes,Mailed check,65.51,3341.77,No
CUST-5657,Female,0,Yes,No,2,Yes,No,Fiber optic,Yes,No,No internet service,No,Yes,Yes,Two year,No,Mailed check,105.89,158.73,Yes
CUST-5658,Female,0,Yes,No,65,Yes,Yes,Fiber optic,Yes,No,Yes,No internet service,Yes,No,Month-to-month,Yes,Electronic check,40.87,2610.52,Yes
CUST-5659,Male,0,No,No,41,Yes,Yes,DSL,No,No internet service,Yes,No internet service,No,No internet service,Two year,Yes,Bank transfer (automatic),66.17,2842.9,Yes
CUST-5660,Male,0,Yes,No,18,Yes,Yes,Fiber optic,No,Yes,No internet service,No,Yes,No,Two year,No,Electronic check,31.57,565.14,No
CUST-5661,Male,0,Yes,Yes,16,Yes,No,Fiber optic,No,No internet service,No internet service,Yes,Yes,No internet service,Two year,No,Credit card (automatic),57.96,977.07,No
CUST-5662,Male,0,No,No,32,Yes,No phone service,DSL,No internet service,No,No,No,Yes,No,One year,Yes,Mailed check,36.05,1162.37,No
CUST-5663,Female,0,No,No,48,Yes,No,DSL,No,Yes,No internet service,Yes,Yes,No,One year,Yes,Electronic check,54.79,2530.7,Yes
CUST-5664,Male,0,Yes,No,55,Yes,No,DSL,Yes,No internet service,No,No,No,No,Two year,No,Bank transfer (automatic),55.78,3144.53,No
CUST-5665,Female,0,Yes,No,62,Yes,No,Fiber optic,No,No internet service,No,No,No internet service,No,Two year,Yes,Electronic check,118.06,7339.77,Yes
CUST-5666,Female,0,Yes,Yes,2,No,Yes,No,No internet service,Yes,No,No,No,No,One year,Yes,Credit card (automatic),118.23,230.37,No
CUST-5667,Female,0,Yes,No,48,Yes,Yes,DSL,Yes,No,No,No,No,No,Two year,No,Mailed check,29.79,1517.93,No
CUST-5668,Male,0,Yes,Yes,54,No,Yes,Fiber optic,No,No internet service,No,No,No,No,One year,Yes,Mailed check,91.21,4908.01,Yes
CUST-5669,Male,0,No,No,25,Yes,No,Fiber optic,No internet service,No,No internet service,No internet service,Yes,No,Two year,No,Credit card (automatic),23.45,579.03,No
CUST-5670,Female,0,Yes,No,71,Yes,Yes,DSL,No,No internet service,No,No internet service,No,No,Month-to-month,No,Mailed check,21.28,1493.62,Yes
CUST-5671,Male,0,No,No,51,Yes,Yes,No,No,No,Yes,No,No internet service,No,Month-to-month,Yes,Bank transfer (automatic),28.84,1524.65,Yes
CUST-5672,Male,0,Yes,No,6,Yes,No,Fiber optic,No,No internet service,Yes,No internet service,No internet service,Yes,Month-to-month,Yes,Mailed check,115.28,732.37,Yes
CUST-5673,Female,0,No,Yes,45,Yes,No,No,Yes,No,No internet service,Yes,No,No,Month-to-month,No,Bank transfer (automatic),112.81,5090.38,Yes
CUST-5674,Male,0,Yes,No,45,Yes,No,DSL,No,Yes,Yes,No,Yes,No internet service,Two year,No,Electronic check,37.74,1645.71,No
CUST-5675,Male,0,No,No,15,Yes,No,DSL,No internet service,No,No,No,No,No,Month-to-month,Yes,Electronic check,34.5,498.99,No
CUST-5676,Male,0,Yes,No,23,No,Yes,DSL,Yes,Yes,No internet service,No,No,No,Two year,Yes,Mailed check,42.42,923.06,No
CUST-5677,Female,0,No,Yes,60,Yes,No,Fiber optic,No internet service,No internet service,Yes,No,No internet service,No,Month-to-month,Yes,Electronic check,70.06,4261.62,Yes
CUST-5678,Male,0,No,Yes,53,No,No,No,Yes,No internet service,No internet service,No,Yes,No,Month-to-month,Yes,Mailed check,75.51,3923.29,Yes
CUST-5679,Male,0,No,No,61,Yes,Yes,DSL,No,No,No,No internet service,No internet service,Yes,Month-to-month,Yes,Credit card (automatic),40.52,2551.44,Yes
CUST-5680,Male,0,No,No,0,Yes,No,Fiber optic,Yes,No,Yes,No,Yes,Yes,One year,Yes,Bank transfer (automatic),94.29, ,Yes
CUST-5681,Male,0,No,Yes,48,Yes,Yes,DSL,No,No,No,No,No,No,Month-to-month,No,Credit card (automatic),49.36,2323.35,Yes
CUST-5682,Female,0,No,Yes,24,Yes,Yes,No,Yes,No,No internet service,No,No,No,Month-to-month,No,Bank transfer (automatic),110.92,2641.26,No
CUST-5683,Female,0,No,No,9,Yes,No phone service,Fiber optic,No internet service,No internet service,No,No,Yes,No internet service,One year,Yes,Mailed check,84.25,722.63,No
CUST-5684,Male,1,Yes,No,15,Yes,No,Fiber optic,No internet service,No,No,No,No,No,Month-to-month,No,Bank transfer (automatic),62.1,953.01,No
CUST-5685,Female,0,No,Yes,57,Yes,Yes,DSL,No,No,No,No,Yes,No internet service,Month-to-month,Yes,Credit card (automatic),97.64,5636.1,Yes
CUST-5686,Male,0,No,Yes,71,Yes,No,Fiber optic,No internet service,No internet service,No,No internet service,No internet service,No,Two year,Yes,Electronic check,100.45,7191.23,Yes
CUST-5687,Female,0,Yes,Yes,28,Yes,No,DSL,No,No,No,No,No,Yes,Month-to-month,No,Credit card (automatic),47.44,1306.67,Yes
CUST-5688,Male,0,No,No,5,Yes,Yes,DSL,No,No,Yes,No,Yes,No,Month-to-month,No,Electronic check,52.39,324.69,Yes
CUST-5689,Female,1,No,No,15,Yes,Yes,Fiber optic,No,No,No,No internet service,No,No internet service,Month-to-month,Yes,Credit card (automatic),112.31,1743.24,No
CUST-5690,Male,1,Yes,No,19,Yes,No,No,No,No,No,No,Yes,No,Month-to-month,No,Credit card (automatic),34.81,651.95,No
CUST-5691,Male,0,Yes,Yes,70,Yes,No,No,No internet service,No,No internet service,No,Yes,No,One year,Yes,Bank transfer (automatic),22.49,1573.83,No
CUST-5692,Male,0,No,No,42,Yes,Yes,Fiber optic,Yes,No,No,No,No internet service,No,Month-to-month,No,Electronic check,63.88,2760.05,Yes
CUST-5693,Female,0,Yes,Yes,25,Yes,No,Fiber optic,No,No,No,No,No internet service,No internet service,Two year,No,Mailed check,98.77,2522.17,No
CUST-5694,Female,0,No,Yes,70,Yes,No phone service,No,No,No,No,No,Yes,No,Two year,Yes,Mailed check,95.8,6767.24,Yes
CUST-5695,Male,1,Yes,No,32,Yes,Yes,Fiber optic,Yes,Yes,No internet service,Yes,Yes,Yes,Month-to-month,Yes,Electronic check,110.66,3670.39,Yes
CUST-5696,Male,0,No,No,25,Yes,No phone service,Fiber optic,No,No,No,No internet service,No,No,Two year,No,Bank transfer (automatic),71.84,1823.36,No
CUST-5697,Male,0,Yes,No,44,Yes,No,No,Yes,No,No internet service,No,No,No,Month-to-month,No,Credit card (automatic),28.31,1261.92,Yes
CUST-5698,Female,1,Yes,No,62,No,No,DSL,Yes,No,No internet service,No internet service,No,Yes,Month-to-month,Yes,Mailed check,77.41,4867.32,Yes
CUST-5699,Male,0,No,Yes,66,No,No,DSL,No internet service,No internet service,No,No internet service,No,No,Month-to-month,Yes,Credit card (automatic),96.48,6467.07,Yes
CUST-5700,Female,0,No,No,51,Yes,Yes,Fiber optic,No,No internet service,No internet service,Yes,No internet service,No,Month-to-month,No,Mailed check,27.63,1378.56,Yes
CUST-5701,Female,0,No,No,67,No,No,DSL,No,No,No,No,No,No internet service,One year,Yes,Mailed check,35.6,2375.11,No
CUST-5702,Male,0,Yes,No,25,Yes,No,Fiber optic,No,No,No,No,No internet service,No internet service,Month-to-month,No,Electronic check,19.49,436.32,Yes
CUST-5703,Male,0,No,No,1,Yes,No,Fiber optic,Yes,No,Yes,Yes,No,No,Two year,Yes,Mailed check,77.91,95.05,No
CUST-5704,Male,0,Yes,Yes,13,Yes,Yes,Fiber optic,No,No,No internet service,No,Yes,No,One year,No,Credit card (automatic),107.37,1440.27,No
CUST-5705,Female,1,Yes,No,29,No,Yes,No,No,No,Yes,No,No,No internet service,Month-to-month,No,Bank transfer (automatic),85.65,2436.41,Yes
CUST-5706,Male,1,No,No,48,Yes,Yes,DSL,No,No,No internet service,No,No,No,One year,Yes,Bank transfer (automatic),116.95,5670.29,Yes
CUST-5707,Male,0,No,No,11,No,No,Fiber optic,No,No,No,No,No,No,Two year,No,Electronic check,24.58,247.71,No
CUST-5708,Female,0,No,Yes,43,Yes,No phone service,DSL,Yes,Yes,Yes,No,No,Yes,Month-to-month,Yes,Electronic check,109.0,4660.26,Yes
CUST-5709,Female,0,Yes,Yes,32,Yes,No,Fiber optic,No,No,No,No,No,No,Month-to-month,Yes,Electronic check,100.06,3258.42,Yes
CUST-5710,Male,0,Yes,No,12,Yes,Yes,Fiber optic,Yes,No,No,No,No internet service,No,Month-to-month,Yes,Credit card (automatic),49.83,566.7,Yes
CUST-5711,Male,0,No,No,25,Yes,No,Fiber optic,No internet service,Yes,No internet service,No,No,No,Month-to-month,No,Credit card (automatic),116.09,2832.08,Yes
CUST-5712,Female,0,No,No,20,Yes,No,DSL,No internet service,No,Yes,No,No,No,Month-to-month,No,Credit card (automatic),47.19,980.98,No
CUST-5713,Female,0,Yes,No,27,Yes,Yes,Fiber optic,Yes,No,Yes,Yes,No,No,Month-to-month,Yes,Bank transfer (automatic),107.63,2899.42,No
CUST-5714,Male,1,Yes,No,47,Yes,No,Fiber optic,Yes,No,No,No,Yes,No,One year,No,Credit card (automatic),106.77,5078.09,Yes
CUST-5715,Female,0,Yes,No,39,Yes,Yes,DSL,No,No,Yes,No internet service,No,Yes,One year,Yes,Mailed check,94.39,3722.86,Yes
CUST-5716,Female,0,No,No,65,No,No,Fiber optic,Yes,No internet service,Yes,No,No,Yes,One year,No,Electronic check,74.88,4779.79,Yes
CUST-5717,Male,1,Yes,No,72,Yes,No phone service,Fiber optic,No internet service,No,Yes,Yes,No internet service,No,Month-to-month,No,Electronic check,30.31,2248.1,Yes
CUST-5718,Male,0,Yes,No,22,Yes,Yes,No,No internet service,No,Yes,No,No,No internet service,Month-to-month,Yes,Electronic check,71.71,1672.61,No
CUST-5719,Female,0,No,No,47,No,Yes,No,Yes,No internet service,No,No,No,Yes,Month-to-month,Yes,Mailed check,54.11,2594.85,Yes
CUST-5720,Male,0,Yes,No,1,Yes,Yes,Fiber optic,No internet service,No,Yes,No,No internet service,Yes,Month-to-month,Yes,Credit card (automatic),97.87,151.56,Yes
CUST-5721,Female,0,No,No,19,Yes,Yes,No,No,No,No,Yes,No,Yes,Two year,No,Electronic check,94.44,1781.98,No
CUST-5722,Female,0,No,No,58,Yes,No phone service,Fiber optic,No,No,No,Yes,No,No,Month-to-month,No,Electronic check,109.77,6342.83,Yes
CUST-5723,Female,0,Yes,No,45,Yes,No phone service,No,No,No,No,No,No,No,Month-to-month,No,Credit card (automatic),19.74,898.92,No
CUST-5724,Female,0,No,Yes,2,Yes,No,DSL,No,Yes,No,No internet service,No,No,Month-to-month,Yes,Credit card (automatic),99.56,245.12,Yes
CUST-5725,Female,0,No,No,54,Yes,No,Fiber optic,No,Yes,No,No,No,No internet service,Two year,No,Electronic check,112.57,6123.52,No
CUST-5726,Male,1,Yes,No,11,Yes,Yes,Fiber optic,No,No,No internet service,No internet service,No,No internet service,Two year,No,Credit card (automatic),97.57,1051.38,Yes
CUST-5727,Male,0,No,No,39,Yes,Yes,Fiber optic,Yes,No internet service,No,No,No,No internet service,Month-to-month,Yes,Bank transfer (automatic),31.33,1194.91,Yes
CUST-5728,Female,1,Yes,Yes,65,Yes,Yes,DSL,No,Yes,No,No,No,No,Month-to-month,Yes,Mailed check,26.42,1642.79,Yes
CUST-5729,Female,0,Yes,No,15,Yes,Yes,Fiber optic,Yes,No,No,No,No,No,Month-to-month,No,Bank transfer (automatic),20.34,337.45,No
CUST-5730,Male,0,No,Yes,33,Yes,Yes,DSL,No,No,No internet service,Yes,No,No,One year,Yes,Electronic check,81.44,2668.03,No
CUST-5731,Male,0,No,Yes,43,Yes,No,DSL,No internet service,Yes,No,No,Yes,No,Two year,Yes,Credit card (automatic),81.53,3490.74,Yes
CUST-5732,Male,0,No,No,5,No,Yes,Fiber optic,No internet service,No internet service,No,No,No,Yes,One year,Yes,Mailed check,117.43,673.54,No
CUST-5733,Male,0,No,No,63,Yes,No,Fiber optic,Yes,No internet service,Yes,Yes,No internet service,No,One year,Yes,Electronic check,58.25,3699.67,Yes
CUST-5734,Female,0,No,No,21,Yes,No phone service,No,No,Yes,No,No,No,Yes,Month-to-month,Yes,Credit card (automatic),51.61,1099.95,No
CUST-5735,Female,0,No,Yes,17,Yes,Yes,Fiber optic,No internet service,No,Yes,No,No internet service,Yes,Month-to-month,No,Mailed check,81.0,1418.51,Yes
CUST-5736,Male,0,No,No,11,Yes,Yes,No,No,No,No,No,Yes,Yes,Two year,No,Mailed check,101.22,1184.45,No
CUST-5737,Female,0,Yes,No,51,Yes,Yes,No,No internet service,No,Yes,No internet service,No,No,Month-to-month,Yes,Mailed check,112.4,5651.53,Yes
CUST-5738,Female,0,No,No,50,Yes,Yes,Fiber optic,Yes,No,No,No,No,No,Two year,No,Credit card (automatic),98.96,4919.72,Yes
CUST-5739,Male,0,Yes,Yes,70,Yes,No phone service,Fiber optic,No,No internet service,No,No internet service,Yes,No,Month-to-month,Yes,Electronic check,61.13,4267.49,Yes
CUST-5740,Female,0,Yes,No,47,Yes,No,DSL,Yes,No,No,No internet service,No,No internet service,Month-to-month,Yes,Credit card (automatic),82.06,3807.9,Yes
CUST-5741,Female,0,Yes,No,18,Yes,Yes,No,Yes,No,No internet service,No,No,No,One year,Yes,Electronic check,104.31,1864.32,Yes
CUST-5742,Female,0,No,No,5,Yes,No,DSL,No,No,Yes,Yes,No internet service,No,Month-to-month,No,Electronic check,67.56,260.24,No
CUST-5743,Male,0,No,No,26,Yes,No,Fiber optic,No,No internet service,Yes,Yes,No,No,Month-to-month,No,Bank transfer (automatic),40.03,1086.89,No
CUST-5744,Male,0,No,Yes,52,Yes,No,Fiber optic,No,Yes,Yes,No,Yes,Yes,Month-to-month,Yes,Credit card (automatic),35.31,1810.24,Yes
CUST-5745,Female,1,No,Yes,47,Yes,No,No,No internet service,Yes,Yes,No,No internet service,No,One year,Yes,Credit card (automatic),18.27,868.74,No
CUST-5746,Male,0,No,No,6,Yes,No,Fiber optic,No,No,No internet service,Yes,No,No,Month-to-month,No,Bank transfer (automatic),90.43,545.15,Yes
CUST-5747,Male,0,Yes,No,58,Yes,No,No,No internet service,Yes,Yes,Yes,Yes,No internet service,Month-to-month,Yes,Credit card (automatic),29.42,1734.23,Yes
CUST-5748,Female,0,Yes,No,68,No,No,DSL,Yes,No,No,No,No,No,One year,No,Electronic check,42.76,2784.64,No
CUST-5749,Male,0,Yes,Yes,10,Yes,No,DSL,No,No,No,Yes,No,No,Month-to-month,No,Mailed check,48.19,504.41,Yes
CUST-5750,Male,0,Yes,No,14,Yes,No,Fiber optic,No,No internet service,No,No,No,No,Two year,No,Electronic check,74.57,1030.23,No
CUST-5751,Female,0,No,No,63,Yes,Yes,No,No,No internet service,Yes,No internet service,No,Yes,Month-to-month,Yes,Bank transfer (automatic),58.24,3689.46,Yes
CUST-5752,Female,0,No,No,2,Yes,Yes,Fiber optic,No,No internet service,Yes,No,No,No internet service,One year,Yes,Electronic check,86.05,113.13,No
CUST-5753,Male,0,Yes,No,68,No,Yes,No,No internet service,No internet service,No,No internet service,No internet service,No,Month-to-month,No,Bank transfer (automatic),23.84,1641.8,No
CUST-5754,Male,0,No,Yes,22,Yes,Yes,No,No,No,Yes,No,No internet service,No,Two year,Yes,Mailed check,30.71,740.55,No
CUST-5755,Female,1,No,No,52,Yes,No,No,No,Yes,No,No,No internet service,Yes,One year,Yes,Bank transfer (automatic),68.42,3567.33,No
CUST-5756,Female,0,Yes,No,36,Yes,No phone service,Fiber optic,No,No internet service,No,No,No internet service,No,Two year,No,Mailed check,52.11,1840.1,No
CUST-5757,Female,0,No,No,8,Yes,Yes,Fiber optic,No,No internet service,No,Yes,No internet service,No,Month-to-month,Yes,Electronic check,47.98,350.16,Yes
CUST-5758,Male,0,Yes,No,14,Yes,No,DSL,No internet service,Yes,No,No,Yes,No,Month-to-month,No,Bank transfer (automatic),24.99,378.67,No
CUST-5759,Male,1,No,Yes,2,Yes,No,No,Yes,No,No,No,No,No,One year,Yes,Bank transfer (automatic),108.27,245.02,No
CUST-5760,Female,0,No,Yes,69,Yes,No,No,No,No,No,No internet service,No,No,Month-to-month,Yes,Credit card (automatic),87.78,6074.65,Yes
CUST-5761,Female,0,Yes,Yes,16,Yes,Yes,Fiber optic,No,No,No,No,No,Yes,Month-to-month,Yes,Mailed check,30.47,485.64,No
CUST-5762,Male,0,No,Yes,25,Yes,Yes,DSL,Yes,No,No,No,No internet service,No internet service,Two year,Yes,Electronic check,24.79,629.9,No
CUST-5763,Male,1,No,No,20,Yes,No,DSL,Yes,No,No internet service,Yes,No internet service,No,Month-to-month,Yes,Mailed check,116.22,2321.15,Yes
CUST-5764,Female,0,No,Yes,71,Yes,No phone service,No,Yes,Yes,No,No,Yes,No,Two year,Yes,Electronic check,86.71,6137.37,No
CUST-5765,Male,0,No,Yes,20,Yes,No,DSL,No internet service,No,No,Yes,No,No,Month-to-month,No,Electronic check,60.2,1241.87,Yes
CUST-5766,Male,0,No,No,10,Yes,Yes,No,Yes,No,No,Yes,No,No internet service,One year,No,Electronic check,88.77,903.21,No
CUST-5767,Male,0,Yes,Yes,37,Yes,No,Fiber optic,Yes,No,No,No,No,Yes,One year,No,Bank transfer (automatic),94.26,3552.15,Yes
CUST-5768,Female,0,No,No,71,Yes,Yes,Fiber optic,Yes,No,No internet service,Yes,No,No,Month-to-month,No,Credit card (automatic),96.64,6917.28,Yes
CUST-5769,Female,0,No,Yes,34,No,No,No,No internet service,No,No,No internet service,No,No internet service,Two year,No,Mailed check,66.28,2267.39,No
CUST-5770,Male,1,Yes,No,13,Yes,No,DSL,No,No,Yes,No,No,No internet service,Month-to-month,Yes,Bank transfer (automatic),61.45,828.62,Yes
CUST-5771,Female,0,Yes,No,13,Yes,No,Fiber optic,No,Yes,No,No,Yes,No,Two year,No,Bank transfer (automatic),19.36,203.82,No
CUST-5772,Female,0,No,No,9,Yes,Yes,No,No internet service,No,Yes,Yes,No,No,One year,Yes,Credit card (automatic),111.37,998.45,No
CUST-5773,Female,0,No,Yes,11,Yes,Yes,Fiber optic,No,No,No internet service,Yes,No,No,Month-to-month,No,Bank transfer (automatic),78.88,884.81,Yes
CUST-5774,Male,0,No,Yes,37,No,No phone service,Fiber optic,No internet service,No,No,No,No internet service,No,Two year,Yes,Credit card (automatic),38.67,1351.65,No
CUST-5775,Female,0,No,Yes,33,Yes,No phone service,Fiber optic,Yes,No,No internet service,No internet service,No internet service,Yes,Month-to-month,Yes,Credit card (automatic),110.67,3673.58,Yes
CUST-5776,Female,0,No,No,40,Yes,No,DSL,No internet service,No,No,No,No,No,Two year,Yes,Bank transfer (automatic),110.2,4360.04,Yes
CUST-5777,Male,0,No,No,9,Yes,Yes,DSL,No internet service,No,Yes,No,No internet service,No,Month-to-month,Yes,Credit card (automatic),117.66,1016.46,Yes
CUST-5778,Male,0,Yes,Yes,16,Yes,No,Fiber optic,No internet service,No internet service,No,No,No internet service,No internet service,Two year,Yes,Bank transfer (automatic),106.09,1670.97,Yes
CUST-5779,Female,0,No,No,16,Yes,Yes,Fiber optic,Yes,No,No,No,No,No,One year,No,Mailed check,118.53,1894.95,Yes
CUST-5780,Female,0,No,No,66,Yes,No,Fiber optic,Yes,No,No,No,No,No internet service,Month-to-month,No,Bank transfer (automatic),42.84,2761.04,Yes
CUST-5781,Female,0,No,No,61,Yes,Yes,No,No internet service,No,No,No,No internet service,No,One year,No,Bank transfer (automatic),102.9,6319.73,No
CUST-5782,Male,0,No,No,0,Yes,No,DSL,No,No internet service,No,Yes,Yes,No,Month-to-month,No,Mailed check,100.96, ,No
CUST-5783,Female,0,Yes,No,11,Yes,Yes,Fiber optic,No,Yes,Yes,No internet service,No internet service,No internet service,Month-to-month,Yes,Credit card (automatic),41.46,552.31,Yes
CUST-5784,Male,0,Yes,Yes,3,Yes,No phone service,DSL,No,No,No internet service,No,No,Yes,Month-to-month,Yes,Electronic check,28.14,99.42,No
CUST-5785,Male,0,No,No,41,Yes,No,DSL,No,No,No,No,Yes,No internet service,Month-to-month,No,Credit card (automatic),116.68,4812.42,Yes
CUST-5786,Male,0,No,Yes,12,Yes,No phone service,Fiber optic,No,No,Yes,No,No,No,Month-to-month,No,Credit card (automatic),48.0,533.31,No
CUST-5787,Female,0,Yes,Yes,3,Yes,No,No,No,No,No,No,No,No internet service,Month-to-month,No,Credit card (automatic),105.77,258.22,Yes
CUST-5788,Female,0,No,Yes,68,Yes,No,DSL,No,No,No,No,No,No internet service,Month-to-month,No,Bank transfer (automatic),18.66,1299.84,Yes
CUST-5789,Female,0,Yes,Yes,18,Yes,No,Fiber optic,Yes,No internet service,Yes,No,Yes,No,Month-to-month,Yes,Electronic check,20.36,311.82,No
CUST-5790,Male,0,No,No,1,Yes,No,Fiber optic,Yes,No internet service,No,No internet service,No,No internet service,Month-to-month,No,Credit card (automatic),65.07,97.16,No
CUST-5791,Male,0,Yes,No,11,No,No phone service,DSL,No internet service,No,No internet service,No internet service,No,Yes,One year,Yes,Electronic check,42.24,549.97,No
CUST-5792,Female,0,No,No,5,Yes,No,Fiber optic,Yes,No,No internet service,No,No,Yes,One year,No,Mailed check,87.58,485.19,No
CUST-5793,Female,1,Yes,No,7,No,Yes,No,No,No,No internet service,No,Yes,No,Month-to-month,No,Electronic check,75.09,554.15,Yes
CUST-5794,Male,0,Yes,No,50,Yes,No phone service,Fiber optic,Yes,No internet service,Yes,No,No,No,Two year,Yes,Credit card (automatic),26.04,1315.47,No
CUST-5795,Female,0,No,No,10,Yes,No,DSL,No,No internet service,No,No,Yes,Yes,One year,No,Electronic check,34.59,326.7,No
CUST-5796,Female,0,No,No,62,No,No,Fiber optic,No,No,Yes,No internet service,No,No,One year,No,Bank transfer (automatic),57.25,3543.77,Yes
CUST-5797,Male,0,Yes,No,56,Yes,No,Fiber optic,No,No,Yes,No,No,No,Month-to-month,Yes,Electronic check,36.9,2038.13,Yes
CUST-5798,Male,0,No,No,11,Yes,Yes,DSL,No internet service,No,Yes,No internet service,No internet service,Yes,Month-to-month,Yes,Mailed check,97.87,1010.8,Yes
CUST-5799,Female,0,No,No,72,Yes,No phone service,DSL,No,Yes,Yes,No internet service,No,No,Two year,Yes,Mailed check,60.07,4326.81,Yes
CUST-5800,Male,0,Yes,No,1,Yes,Yes,DSL,No,No,No,No,No internet service,No,Two year,No,Mailed check,27.64,83.03,No
CUST-5801,Male,0,No,No,7,Yes,Yes,DSL,No,No,Yes,No,No,No,Month-to-month,No,Electronic check,66.93,404.07,No
CUST-5802,Female,0,Yes,Yes,10,Yes,No,DSL,No,No,No,No,Yes,Yes,Month-to-month,Yes,Mailed check,27.38,343.72,No
CUST-5803,Male,0,No,No,52,Yes,No,Fiber optic,No,No,Yes,No,Yes,No,One year,No,Bank transfer (automatic),31.21,1683.78,Yes
CUST-5804,Female,0,No,No,9,Yes,No,Fiber optic,No,No,No internet service,No,No,No internet service,One year,No,Electronic check,42.33,400.82,No
CUST-5805,Male,0,Yes,Yes,7,Yes,Yes,No,No,No internet service,No,No,No internet service,No,Two year,Yes,Credit card (automatic),104.63,752.66,No
CUST-5806,Female,0,Yes,No,35,Yes,No,Fiber optic,Yes,Yes,No,No,No internet service,No,Month-to-month,Yes,Electronic check,111.17,3881.64,Yes
CUST-5807,Male,0,No,No,13,Yes,Yes,No,No internet service,Yes,No,No,Yes,No,Month-to-month,Yes,Credit card (automatic),101.29,1318.87,Yes
CUST-5808,Male,0,Yes,No,53,Yes,No,Fiber optic,No,Yes,No,No,Yes,No,Month-to-month,Yes,Credit card (automatic),51.82,2723.28,Yes
CUST-5809,Male,0,Yes,Yes,20,Yes,Yes,DSL,No,No,No,No,No,No internet service,Month-to-month,Yes,Electronic check,45.63,914.18,No
CUST-5810,Female,0,Yes,No,49,Yes,Yes,Fiber optic,No,Yes,No,Yes,No internet service,Yes,Month-to-month,No,Electronic check,73.44,3605.55,Yes
CUST-5811,Male,0,No,Yes,38,Yes,No,No,Yes,No,Yes,No internet service,No,No,Two year,Yes,Bank transfer (automatic),90.8,3544.46,Yes
CUST-5812,Male,0,Yes,No,19,Yes,No phone service,DSL,No internet service,No,No internet service,No,No internet service,No internet service,Month-to-month,Yes,Bank transfer (automatic),118.08,2271.8,Yes
CUST-5813,Male,1,Yes,No,6,Yes,No,DSL,No,Yes,No,No,No,No,Two year,Yes,Mailed check,31.47,178.35,No
CUST-5814,Male,1,No,No,8,Yes,Yes,DSL,No,No,No,No internet service,Yes,No internet service,Month-to-month,No,Electronic check,23.2,180.65,No
CUST-5815,Female,0,Yes,No,0,Yes,No,Fiber optic,No,No,Yes,No,No,No,Month-to-month,Yes,Credit card (automatic),88.03, ,No
CUST-5816,Male,0,Yes,No,25,Yes,Yes,DSL,No,No,No,No,No,Yes,Month-to-month,Yes,Mailed check,101.89,2519.83,Yes
CUST-5817,Male,0,No,Yes,37,Yes,No phone service,DSL,No,No internet service,Yes,No,No,Yes,Month-to-month,Yes,Mailed check,103.31,3868.0,Yes
CUST-5818,Male,0,No,Yes,37,Yes,Yes,DSL,No internet service,Yes,No,No,No,No,Two year,Yes,Mailed check,86.44,3173.58,Yes
CUST-5819,Male,0,No,Yes,60,No,No phone service,Fiber optic,No,Yes,No,No,No,No internet service,Month-to-month,No,Mailed check,114.13,6816.92,Yes
CUST-5820,Female,0,Yes,No,43,Yes,No,Fiber optic,No,Yes,No,No,No,No internet service,Month-to-month,Yes,Mailed check,69.61,2963.6,Yes
CUST-5821,Male,0,Yes,No,43,Yes,Yes,Fiber optic,No,No,No,No internet service,Yes,No internet service,Month-to-month,No,Electronic check,110.09,4697.41,Yes
CUST-5822,Female,0,Yes,Yes,61,Yes,Yes,Fiber optic,Yes,No,Yes,No,No,No,Month-to-month,Yes,Mailed check,115.52,7103.08,Yes
CUST-5823,Female,0,Yes,Yes,5,Yes,No,Fiber optic,Yes,No,No internet service,No,Yes,No,Two year,Yes,Electronic check,103.39,524.09,No
CUST-5824,Female,0,No,No,16,Yes,No,DSL,Yes,No,Yes,Yes,No,No internet service,Month-to-month,No,Electronic check,49.38,775.96,No
CUST-5825,Male,0,No,Yes,50,Yes,Yes,Fiber optic,No,Yes,No internet service,No internet service,No,Yes,One year,No,Electronic check,37.97,1899.96,No
CUST-5826,Female,0,No,No,37,No,No,DSL,No,No,No,No,Yes,No,One year,No,Credit card (automatic),73.34,2724.44,No
CUST-5827,Male,0,Yes,Yes,23,Yes,No,Fiber optic,Yes,No,No,No,No,No,Month-to-month,Yes,Electronic check,63.78,1429.58,Yes
CUST-5828,Female,0,Yes,No,50,Yes,Yes,Fiber optic,No,No internet service,No internet service,No internet service,No internet service,Yes,Month-to-month,No,Mailed check,106.46,5253.52,Yes
CUST-5829,Male,0,No,No,9,Yes,Yes,DSL,Yes,No internet service,Yes,Yes,No internet service,Yes,One year,No,Credit card (automatic),28.3,321.63,No
CUST-5830,Male,0,Yes,Yes,71,Yes,No phone service,DSL,Yes,Yes,Yes,Yes,No,No,One year,Yes,Electronic check,44.15,3184.05,Yes
CUST-5831,Male,0,Yes,No,20,Yes,No phone service,DSL,No,No internet service,No,No internet service,No,No,Month-to-month,No,Credit card (automatic),93.81,1895.09,Yes
CUST-5832,Female,0,Yes,Yes,69,Yes,No,DSL,No,No,No,Yes,No,No internet service,Month-to-month,Yes,Credit card (automatic),27.8,1964.16,No
CUST-5833,Male,0,No,Yes,56,Yes,No,Fiber optic,Yes,No,No,No internet service,Yes,No,Month-to-month,Yes,Electronic check,50.49,2923.16,Yes
CUST-5834,Female,0,Yes,No,38,Yes,No,No,No,No,No internet service,No internet service,No,No,Month-to-month,No,Credit card (automatic),57.16,2145.31,No
CUST-5835,Male,0,No,No,32,No,Yes,Fiber optic,Yes,No internet service,No,No,No internet service,No,Month-to-month,Yes,Mailed check,80.82,2530.24,Yes
CUST-5836,Male,0,Yes,No,58,Yes,Yes,Fiber optic,No internet service,No,No,Yes,No,No,Month-to-month,Yes,Credit card (automatic),34.14,2013.2,No
CUST-5837,Male,0,No,Yes,17,Yes,No,Fiber optic,Yes,No internet service,No,Yes,No internet service,No internet service,Month-to-month,Yes,Electronic check,104.74,1707.24,Yes
CUST-5838,Female,0,Yes,No,55,Yes,Yes,Fiber optic,Yes,Yes,No,Yes,No,No internet service,Month-to-month,Yes,Electronic check,63.23,3479.55,Yes
CUST-5839,Female,0,No,No,56,Yes,No,No,Yes,No,Yes,No,Yes,No internet service,Month-to-month,Yes,Mailed check,110.41,6168.04,Yes
CUST-5840,Male,0,No,Yes,47,Yes,No,No,No,No,Yes,No,No,Yes,Two year,No,Credit card (automatic),65.27,3101.38,No
CUST-5841,Male,0,No,Yes,41,Yes,Yes,No,No internet service,No,No,No internet service,No,No,One year,Yes,Electronic check,45.89,1857.38,Yes
CUST-5842,Male,0,No,No,26,No,Yes,No,No,No,No,No,No,No internet service,Two year,No,Mailed check,32.5,904.99,No
CUST-5843,Male,0,No,No,51,Yes,Yes,DSL,No,Yes,No internet service,Yes,No,No internet service,Month-to-month,No,Bank transfer (automatic),18.63,912.79,Yes
CUST-5844,Male,0,Yes,No,41,Yes,Yes,Fiber optic,No internet service,No,No,Yes,Yes,No,One year,No,Mailed check,71.73,2976.22,Yes
CUST-5845,Male,0,No,Yes,31,No,No,No,No,No,No,No,Yes,No,Month-to-month,Yes,Electronic check,29.02,866.3,Yes
CUST-5846,Female,0,No,Yes,25,Yes,No,Fiber optic,No,No internet service,No,No,Yes,No,One year,Yes,Electronic check,57.62,1467.92,No
CUST-5847,Male,0,Yes,No,24,Yes,Yes,No,Yes,No internet service,No internet service,Yes,No,No,Month-to-month,Yes,Electronic check,77.47,1808.55,Yes
CUST-5848,Female,0,No,Yes,22,Yes,Yes,DSL,No,Yes,No internet service,Yes,No,No,Month-to-month,No,Electronic check,45.96,1009.91,No
CUST-5849,Female,0,Yes,No,56,Yes,No,Fiber optic,No internet service,Yes,No,No internet service,No,Yes,Two year,Yes,Electronic check,35.86,2074.26,Yes
CUST-5850,Male,0,No,No,51,Yes,No,No,Yes,No internet service,No,No internet service,No internet service,No internet service,One year,Yes,Bank transfer (automatic),96.11,4907.36,Yes
CUST-5851,Male,0,Yes,Yes,30,Yes,No phone service,Fiber optic,No internet service,No internet service,No,Yes,Yes,No,Two year,No,Bank transfer (automatic),113.4,3461.15,No
CUST-5852,Female,0,Yes,No,63,Yes,No,Fiber optic,Yes,Yes,No,No,No internet service,No internet service,Month-to-month,Yes,Bank transfer (automatic),28.34,1784.11,Yes
CUST-5853,Female,0,No,No,70,Yes,No phone service,DSL,Yes,Yes,No,No,No internet service,No,Month-to-month,Yes,Electronic check,33.89,2347.05,Yes
CUST-5854,Female,0,No,Yes,32,Yes,No phone service,Fiber optic,No,No internet service,No internet service,No,No,No,Month-to-month,No,Electronic check,114.73,3679.96,Yes
CUST-5855,Male,1,Yes,No,1,No,No,No,No,No internet service,No internet service,Yes,No internet service,Yes,One year,Yes,Bank transfer (automatic),22.05,52.97,No
CUST-5856,Male,0,Yes,Yes,17,Yes,No,Fiber optic,No,No,No,No,No,Yes,One year,Yes,Electronic check,116.5,1885.22,Yes
CUST-5857,Female,0,Yes,No,46,Yes,Yes,DSL,Yes,No internet service,No internet service,No,No internet service,No,Two year,No,Credit card (automatic),18.72,887.23,No
CUST-5858,Female,0,Yes,No,32,Yes,Yes,DSL,Yes,No,No,Yes,Yes,No,Month-to-month,Yes,Bank transfer (automatic),106.05,3346.61,Yes
CUST-5859,Male,1,No,No,34,Yes,No phone service,No,No,No,No internet service,No internet service,No internet service,No internet service,One year,Yes,Electronic check,49.14,1611.34,No
CUST-5860,Female,0,Yes,No,50,Yes,No,Fiber optic,No internet service,Yes,No,Yes,No,No,Month-to-month,Yes,Bank transfer (automatic),112.58,5655.93,Yes
CUST-5861,Male,0,No,Yes,17,Yes,No,DSL,No,Yes,No,Yes,Yes,No,Month-to-month,Yes,Electronic check,50.1,918.63,Yes
CUST-5862,Male,0,No,No,71,Yes,No,DSL,Yes,No,No,No,No internet service,No internet service,Month-to-month,No,Electronic check,84.01,5975.53,Yes
CUST-5863,Female,0,No,No,29,Yes,No,No,No,No,No,Yes,Yes,Yes,Month-to-month,Yes,Bank transfer (automatic),26.29,694.64,No
CUST-5864,Male,1,Yes,No,43,Yes,No,No,No internet service,No internet service,No,No internet service,Yes,No,Month-to-month,Yes,Mailed check,42.6,1798.27,Yes
CUST-5865,Male,0,No,No,52,Yes,Yes,DSL,No,No,No,Yes,No internet service,No internet service,Month-to-month,Yes,Mailed check,96.0,4971.09,Yes
CUST-5866,Female,0,No,No,9,Yes,No,DSL,No,Yes,No internet service,No,No,No,Month-to-month,Yes,Mailed check,71.38,652.22,No
CUST-5867,Male,0,Yes,Yes,51,Yes,No,No,No internet service,Yes,No,No,Yes,Yes,Month-to-month,No,Mailed check,111.51,5683.42,Yes
CUST-5868,Male,0,No,No,48,No,No,Fiber optic,No,No internet service,No,Yes,Yes,No,Month-to-month,Yes,Electronic check,61.34,2969.08,Yes
CUST-5869,Female,0,Yes,No,10,No,Yes,No,No,No,No internet service,No internet service,No,No,Month-to-month,Yes,Credit card (automatic),105.67,1106.7,Yes
CUST-5870,Male,0,Yes,No,65,Yes,No,Fiber optic,Yes,No internet service,Yes,No,No,Yes,Month-to-month,No,Electronic check,63.37,4136.29,Yes
CUST-5871,Male,0,No,No,57,Yes,No,Fiber optic,No,No internet service,No,No,No,No,Two year,Yes,Bank transfer (automatic),116.66,6694.52,Yes
CUST-5872,Male,0,No,No,35,Yes,No,Fiber optic,No internet service,No internet service,No,No internet service,No,No,Two year,No,Mailed check,114.71,4001.36,Yes
CUST-5873,Female,1,No,Yes,32,Yes,No,No,No,No internet service,No,No,No,Yes,Month-to-month,Yes,Mailed check,51.33,1807.36,No
CUST-5874,Male,0,Yes,Yes,46,Yes,Yes,Fiber optic,Yes,No internet service,No,No,No,No,Two year,No,Electronic check,107.29,4963.0,Yes
CUST-5875,Female,0,No,Yes,12,Yes,No,DSL,No,No,No,No,No internet service,No,One year,No,Electronic check,103.43,1275.36,No
CUST-5876,Male,0,Yes,No,39,Yes,Yes,DSL,No internet service,No internet service,No,No internet service,Yes,No,Month-to-month,No,Electronic check,39.42,1625.26,Yes
CUST-5877,Female,0,No,No,67,Yes,Yes,No,No,No internet service,No,No internet service,No internet service,No,Month-to-month,No,Electronic check,80.99,5430.74,Yes
CUST-5878,Female,0,No,No,41,Yes,No,Fiber optic,No,No,No,Yes,No,No,Two year,Yes,Credit card (automatic),25.55,1015.27,Yes
CUST-5879,Male,0,Yes,No,18,Yes,Yes,Fiber optic,No,No internet service,No,No,No internet service,Yes,One year,No,Electronic check,102.34,1907.44,Yes
CUST-5880,Female,1,No,Yes,18,Yes,Yes,Fiber optic,No,No internet service,No,No,Yes,No,Two year,Yes,Electronic check,35.79,712.48,No
CUST-5881,Male,1,Yes,No,57,Yes,No,DSL,No,No,Yes,Yes,No internet service,Yes,Two year,Yes,Bank transfer (automatic),25.37,1453.77,No
CUST-5882,Male,0,Yes,No,22,Yes,No,DSL,No,No,No internet service,No,No,No internet service,Month-to-month,Yes,Credit card (automatic),58.47,1374.32,No
CUST-5883,Female,1,Yes,No,53,Yes,Yes,DSL,No,Yes,No,No,No,No,Month-to-month,No,Electronic check,76.23,4036.03,Yes
CUST-5884,Male,0,Yes,Yes,64,Yes,Yes,Fiber optic,No,No internet service,No,Yes,Yes,No,Month-to-month,Yes,Credit card (automatic),104.17,6713.49,Yes
CUST-5885,Female,0,No,No,11,Yes,No,Fiber optic,No,Yes,No,No,No,No,Month-to-month,Yes,Bank transfer (automatic),116.16,1353.54,Yes
CUST-5886,Male,0,No,No,23,Yes,No,No,Yes,No,No,No,No,No,Month-to-month,No,Electronic check,62.42,1440.58,Yes
CUST-5887,Female,0,Yes,No,33,Yes,No,No,No,No,No,Yes,No internet service,No,Month-to-month,No,Electronic check,24.32,825.4,Yes
CUST-5888,Female,0,No,No,52,Yes,No,Fiber optic,Yes,No,No,No,No,No internet service,Month-to-month,Yes,Bank transfer (automatic),93.54,4915.38,Yes
CUST-5889,Male,0,Yes,No,7,Yes,No,Fiber optic,Yes,Yes,Yes,No,No,No,Month-to-month,Yes,Mailed check,75.05,507.04,No
CUST-5890,Male,0,No,No,17,Yes,Yes,DSL,No internet service,Yes,No,No,Yes,No,Month-to-month,No,Mailed check,63.26,1034.71,Yes
CUST-5891,Male,0,No,No,56,Yes,No,DSL,Yes,No,Yes,No internet service,No,Yes,Month-to-month,No,Credit card (automatic),49.33,2829.13,Yes
CUST-5892,Male,0,No,No,4,No,No phone service,DSL,No,No,Yes,No internet service,No,No,Month-to-month,Yes,Bank transfer (automatic),68.74,290.3,No
CUST-5893,Female,0,No,No,25,Yes,Yes,Fiber optic,No internet service,No,No,No,No internet service,No,Month-to-month,Yes,Electronic check,52.29,1281.97,Yes
CUST-5894,Male,1,Yes,No,29,Yes,Yes,DSL,No,No,No,Yes,No,Yes,One year,Yes,Mailed check,94.33,2740.28,No
CUST-5895,Female,0,No,No,53,Yes,Yes,DSL,No,No internet service,Yes,No internet service,No internet service,No,Two year,Yes,Electronic check,72.91,3889.66,Yes
CUST-5896,Female,0,Yes,No,12,Yes,Yes,Fiber optic,No internet service,No,Yes,No,No,No,Month-to-month,Yes,Credit card (automatic),106.37,1197.98,Yes
CUST-5897,Male,0,No,No,28,Yes,No,Fiber optic,Yes,No internet service,No internet service,No,Yes,Yes,Month-to-month,Yes,Mailed check,72.88,2076.44,Yes
CUST-5898,Male,0,No,No,2,Yes,Yes,Fiber optic,No internet service,Yes,No,No internet service,No,No,Two year,Yes,Electronic check,42.2,104.82,No
CUST-5899,Female,1,No,No,57,Yes,No,Fiber optic,Yes,No,Yes,No,No,No,Month-to-month,No,Bank transfer (automatic),103.78,5998.21,Yes
CUST-5900,Female,0,Yes,No,1,Yes,No,DSL,Yes,No,No internet service,No internet service,No,No,Two year,Yes,Mailed check,74.25,63.3,No
CUST-5901,Male,0,Yes,Yes,27,Yes,No,DSL,No internet service,Yes,No internet service,Yes,No,No,Month-to-month,Yes,Mailed check,39.04,1122.94,No
CUST-5902,Male,1,Yes,No,1,Yes,No phone service,DSL,No,No,Yes,Yes,No internet service,No,Two year,No,Electronic check,80.91,78.68,No
CUST-5903,Female,0,No,No,6,Yes,Yes,DSL,Yes,No,No,No,No,No,Two year,Yes,Electronic check,54.2,332.16,Yes
CUST-5904,Male,0,No,Yes,25,Yes,No,Fiber optic,No internet service,No,No,No,No,No internet service,One year,Yes,Credit card (automatic),103.11,2591.8,No
CUST-5905,Female,0,No,No,15,Yes,No,No,Yes,Yes,No,No,No,No,Month-to-month,Yes,Electronic check,63.81,1061.81,Yes
CUST-5906,Female,1,No,No,22,No,No,DSL,Yes,No,No,No,No,No,Two year,No,Credit card (automatic),91.26,1945.75,No
CUST-5907,Female,0,Yes,Yes,39,Yes,No,Fiber optic,No internet service,No internet service,Yes,No,No,No,Two year,No,Bank transfer (automatic),27.85,1110.9,No
CUST-5908,Male,0,No,No,59,No,No,No,No,No,No,No,No,No,One year,Yes,Electronic check,58.05,3427.06,No
CUST-5909,Female,0,No,No,72,Yes,No,DSL,No internet service,No,No internet service,No internet service,No internet service,Yes,Month-to-month,Yes,Bank transfer (automatic),117.07,8427.61,Yes
CUST-5910,Male,0,Yes,No,31,Yes,No,DSL,No internet service,No internet service,No internet service,No,No,No,Two year,No,Electronic check,99.5,3113.65,No
CUST-5911,Male,0,No,No,14,Yes,No,Fiber optic,No,No,No internet service,No,No,Yes,Month-to-month,Yes,Electronic check,34.32,535.78,No
CUST-5912,Female,1,No,No,12,Yes,Yes,Fiber optic,No,No internet service,No,No,No internet service,No,Month-to-month,Yes,Bank transfer (automatic),46.17,580.62,Yes
CUST-5913,Female,0,No,Yes,4,Yes,No phone service,Fiber optic,Yes,No internet service,No,No,No internet service,No internet service,One year,Yes,Credit card (automatic),51.4,267.36,No
CUST-5914,Male,0,No,No,51,Yes,No,Fiber optic,Yes,No,Yes,Yes,No,No,Month-to-month,Yes,Mailed check,83.61,4251.56,Yes
CUST-5915,Male,0,No,Yes,40,No,Yes,DSL,No internet service,No,No,No internet service,No,No internet service,One year,Yes,Electronic check,94.33,3770.77,Yes
CUST-5916,Male,0,Yes,Yes,52,Yes,No,Fiber optic,No,No,Yes,Yes,Yes,No internet service,One year,Yes,Credit card (automatic),93.58,4816.12,Yes
CUST-5917,Male,0,Yes,No,49,Yes,Yes,DSL,Yes,No,No,Yes,No,No,Month-to-month,No,Electronic check,69.49,3504.16,Yes
CUST-5918,Female,0,Yes,No,14,Yes,No,Fiber optic,No internet service,Yes,Yes,No internet service,No,Yes,One year,No,Credit card (automatic),99.74,1387.02,No
CUST-5919,Male,0,Yes,Yes,6,Yes,Yes,No,No,Yes,No,No,No internet service,No,Two year,No,Mailed check,62.18,358.22,No
CUST-5920,Male,0,Yes,No,39,Yes,No,DSL,No internet service,Yes,Yes,Yes,No,No,Month-to-month,Yes,Credit card (automatic),30.7,1227.63,Yes
CUST-5921,Male,0,Yes,No,27,Yes,No,DSL,No internet service,Yes,No,No,No,No internet service,One year,Yes,Electronic check,74.98,2079.81,No
CUST-5922,Female,1,Yes,No,31,No,No,DSL,No,Yes,Yes,No internet service,Yes,No,Month-to-month,No,Bank transfer (automatic),113.96,3498.16,Yes
CUST-5923,Male,1,Yes,No,14,Yes,No,DSL,No,No,Yes,Yes,No,No,Month-to-month,Yes,Credit card (automatic),97.95,1430.63,Yes
CUST-5924,Male,1,No,No,69,Yes,No,DSL,Yes,No,No,No,No,No,Month-to-month,No,Electronic check,76.41,5257.12,Yes
CUST-5925,Male,0,No,No,64,Yes,No,Fiber optic,Yes,No,No internet service,No internet service,No internet service,Yes,Month-to-month,No,Electronic check,83.25,5399.53,Yes
CUST-5926,Male,0,Yes,No,3,Yes,No,No,No,Yes,Yes,No,No,No,Month-to-month,No,Electronic check,111.77,308.26,Yes
CUST-5927,Male,0,Yes,No,10,Yes,No,Fiber optic,Yes,No internet service,No,No,No,No,Two year,No,Credit card (automatic),61.3,649.77,No
CUST-5928,Female,0,No,Yes,25,Yes,Yes,DSL,No internet service,No,Yes,No,No,Yes,One year,No,Credit card (automatic),51.56,1291.14,No
CUST-5929,Male,0,Yes,Yes,60,No,No,DSL,No,Yes,No,No,Yes,Yes,Month-to-month,No,Mailed check,116.46,6931.28,Yes
CUST-5930,Female,0,Yes,No,36,Yes,No,DSL,No internet service,No,No,No,Yes,Yes,Month-to-month,No,Credit card (automatic),105.03,3710.28,Yes
CUST-5931,Female,1,No,No,22,Yes,No,DSL,No,Yes,No,No internet service,No internet service,No,Month-to-month,Yes,Credit card (automatic),50.72,1078.69,No
CUST-5932,Male,0,No,Yes,39,Yes,No,Fiber optic,No internet service,No,No internet service,No,No internet service,No internet service,Month-to-month,Yes,Bank transfer (automatic),64.86,2579.17,Yes
CUST-5933,Male,1,Yes,Yes,22,Yes,Yes,DSL,Yes,No internet service,No,No,No,No,Month-to-month,No,Electronic check,59.97,1222.18,Yes
CUST-5934,Female,0,Yes,No,15,Yes,Yes,No,No,No,No internet service,No,Yes,No,Month-to-month,No,Credit card (automatic),33.23,515.15,No
CUST-5935,Female,0,Yes,Yes,60,Yes,Yes,Fiber optic,No,Yes,Yes,No,No internet service,No internet service,Month-to-month,Yes,Electronic check,114.51,6882.94,Yes
CUST-5936,Female,0,No,No,67,Yes,No,Fiber optic,No,No internet service,Yes,No,Yes,No internet service,Month-to-month,No,Electronic check,58.88,3860.85,Yes
CUST-5937,Female,0,No,No,30,Yes,No,Fiber optic,No internet service,Yes,Yes,No,No,No,One year,Yes,Mailed check,106.22,3146.76,Yes
CUST-5938,Female,1,Yes,No,52,Yes,No phone service,Fiber optic,No,No,No,No internet service,No,No,Two year,Yes,Electronic check,37.28,1898.62,Yes
CUST-5939,Male,0,Yes,No,24,Yes,No,Fiber optic,No,No,No,No internet service,No internet service,No,Month-to-month,Yes,Electronic check,73.31,1762.07,Yes
CUST-5940,Male,0,No,No,43,Yes,Yes,DSL,No,No,No,Yes,No,No,Month-to-month,Yes,Electronic check,20.66,961.7,Yes
CUST-5941,Male,0,Yes,Yes,11,Yes,Yes,DSL,No internet service,No internet service,No internet service,No internet service,No,Yes,Month-to-month,Yes,Credit card (automatic),95.05,1099.3,No
CUST-5942,Female,0,No,No,8,Yes,Yes,No,Yes,No,No internet service,No,No internet service,No,Two year,No,Electronic check,76.63,595.02,No
CUST-5943,Male,1,Yes,Yes,11,Yes,No,DSL,No,No,No internet service,No,No,No internet service,Two year,Yes,Mailed check,81.12,850.85,No
CUST-5944,Male,0,Yes,No,68,Yes,No,Fiber optic,No internet service,No,No internet service,No,No,No,One year,No,Bank transfer (automatic),23.45,1516.68,Yes
CUST-5945,Female,0,Yes,Yes,53,Yes,No phone service,Fiber optic,No,Yes,No,Yes,No,No,Two year,Yes,Credit card (automatic),39.46,2072.45,No
CUST-5946,Male,1,No,No,53,Yes,No,DSL,No internet service,No internet service,No internet service,No internet service,No,No,Month-to-month,Yes,Bank transfer (automatic),25.72,1318.22,No
CUST-5947,Female,1,No,No,27,Yes,Yes,DSL,No,No,No,No,Yes,No,Two year,No,Bank transfer (automatic),47.29,1275.02,No
CUST-5948,Female,0,No,Yes,55,Yes,No,DSL,No,No,No,No internet service,No,No,Month-to-month,No,Electronic check,81.31,4472.14,No
CUST-5949,Female,1,Yes,Yes,68,Yes,Yes,Fiber optic,No,No,Yes,No,Yes,No,Month-to-month,Yes,Bank transfer (automatic),75.15,5086.42,Yes
CUST-5950,Male,0,No,Yes,57,Yes,Yes,Fiber optic,No internet service,No internet service,No,No,No internet service,No,One year,Yes,Electronic check,79.77,4524.16,No
CUST-5951,Female,0,Yes,No,41,Yes,Yes,No,No,No,No internet service,No,No,No,Month-to-month,Yes,Credit card (automatic),73.45,2976.76,No
CUST-5952,Male,0,No,No,37,Yes,No,Fiber optic,No,No,No internet service,No,Yes,No,One year,No,Electronic check,45.69,1664.91,No
CUST-5953,Female,0,Yes,Yes,67,Yes,No,DSL,No internet service,No,No,No,Yes,Yes,Month-to-month,Yes,Bank transfer (automatic),42.82,2940.74,No
CUST-5954,Male,0,Yes,Yes,52,Yes,No,Fiber optic,No internet service,No,No,No,No,No internet service,One year,Yes,Credit card (automatic),32.02,1690.93,Yes
CUST-5955,Female,0,No,Yes,32,Yes,No phone service,Fiber optic,No,No,No internet service,No,No,No,Month-to-month,Yes,Credit card (automatic),103.58,3341.13,Yes
CUST-5956,Male,0,No,No,70,Yes,Yes,Fiber optic,No,No internet service,No,No,Yes,No,Month-to-month,Yes,Mailed check,80.21,5665.3,Yes
CUST-5957,Female,0,No,No,55,Yes,Yes,Fiber optic,No internet service,No,Yes,No internet service,Yes,No,Two year,No,Mailed check,36.99,2080.63,No
CUST-5958,Male,0,Yes,No,71,Yes,No,Fiber optic,Yes,No internet service,Yes,No internet service,No,Yes,Two year,Yes,Bank transfer (automatic),36.06,2631.5,No
CUST-5959,Male,0,Yes,Yes,50,Yes,No phone service,DSL,No,No internet service,Yes,No,No,No,Two year,Yes,Credit card (automatic),105.99,5328.92,No
CUST-5960,Male,0,No,Yes,42,Yes,Yes,Fiber optic,No,No,No internet service,Yes,No,Yes,One year,No,Electronic check,92.89,3911.64,No
CUST-5961,Female,0,Yes,Yes,14,Yes,No,DSL,No,No,No,No,No,No,One year,Yes,Mailed check,84.52,1153.74,No
CUST-5962,Female,1,Yes,No,37,Yes,Yes,Fiber optic,Yes,No internet service,No,No internet service,No,Yes,One year,Yes,Mailed check,59.14,2146.97,Yes
CUST-5963,Male,0,No,Yes,14,Yes,No,DSL,No internet service,Yes,Yes,Yes,No,No,Month-to-month,Yes,Mailed check,44.58,668.23,Yes
CUST-5964,Male,0,Yes,Yes,4,Yes,Yes,No,No,No,No,No,Yes,No,Month-to-month,Yes,Mailed check,116.68,461.17,Yes
CUST-5965,Male,0,No,No,53,No,Yes,Fiber optic,No,No,No internet service,No,No,No internet service,Month-to-month,Yes,Electronic check,98.37,5145.62,Yes
CUST-5966,Female,1,Yes,Yes,50,Yes,Yes,Fiber optic,No,Yes,No,No,Yes,Yes,Two year,No,Electronic check,48.58,2324.35,Yes
CUST-5967,Male,0,No,No,9,Yes,No phone service,No,Yes,No,Yes,No internet service,Yes,No,Month-to-month,Yes,Electronic check,103.43,1038.25,Yes
CUST-5968,Female,0,No,Yes,11,Yes,No,No,Yes,No internet service,No,No,No,No,Two year,Yes,Credit card (automatic),94.52,990.42,No
CUST-5969,Male,0,Yes,No,3,Yes,Yes,Fiber optic,No internet service,No,Yes,No,No internet service,No,Month-to-month,Yes,Credit card (automatic),48.11,110.02,No
CUST-5970,Female,0,No,No,17,Yes,No,DSL,No internet service,No,No,Yes,No,Yes,One year,Yes,Bank transfer (automatic),61.12,1100.44,No
CUST-5971,Male,0,No,No,35,Yes,Yes,No,Yes,Yes,No,Yes,Yes,No,Month-to-month,No,Electronic check,36.94,1232.47,No
CUST-5972,Female,0,No,No,24,Yes,No,Fiber optic,No internet service,No,Yes,No,Yes,Yes,Month-to-month,Yes,Mailed check,29.41,732.41,Yes
CUST-5973,Female,0,No,No,35,Yes,No phone service,Fiber optic,No internet service,Yes,No internet service,No internet service,No internet service,No internet service,Two year,No,Bank transfer (automatic),90.89,3272.25,No
CUST-5974,Male,1,Yes,No,66,Yes,No phone service,No,Yes,Yes,No,Yes,Yes,No,Month-to-month,No,Bank transfer (automatic),45.13,3084.27,Yes
CUST-5975,Male,0,No,No,8,Yes,No,DSL,Yes,Yes,No,Yes,Yes,Yes,Month-to-month,No,Electronic check,100.67,782.99,Yes
CUST-5976,Male,0,No,No,60,Yes,No,DSL,No internet service,No,No internet service,No,Yes,Yes,Month-to-month,No,Mailed check,118.31,7098.0,Yes
CUST-5977,Male,0,No,Yes,52,Yes,Yes,Fiber optic,No,No,No,No,No,No,Month-to-month,No,Credit card (automatic),25.95,1329.58,No
CUST-5978,Male,1,Yes,Yes,17,Yes,No,Fiber optic,No internet service,No,Yes,No,Yes,No,Month-to-month,Yes,Electronic check,65.79,1117.53,Yes
CUST-5979,Female,1,No,No,42,No,Yes,Fiber optic,No,No,No,Yes,No internet service,No,One year,No,Bank transfer (automatic),98.86,4217.03,No
CUST-5980,Female,0,Yes,No,34,Yes,No,Fiber optic,No,No,No,No,No,No internet service,Month-to-month,No,Credit card (automatic),97.54,3246.39,Yes
CUST-5981,Female,0,Yes,No,62,No,No phone service,Fiber optic,Yes,No,Yes,No,No,No,One year,Yes,Bank transfer (automatic),94.63,5899.46,Yes
CUST-5982,Male,0,No,No,3,Yes,No,Fiber optic,No,No,No,Yes,Yes,No internet service,Month-to-month,Yes,Electronic check,53.32,150.19,Yes
CUST-5983,Female,1,Yes,Yes,40,No,Yes,No,Yes,No,No,No,No,Yes,Two year,No,Electronic check,63.86,2622.83,No
CUST-5984,Male,0,No,No,44,Yes,No,DSL,No,Yes,No internet service,No internet service,No,No,Two year,Yes,Bank transfer (automatic),78.04,3499.53,No
CUST-5985,Female,0,No,No,49,Yes,Yes,Fiber optic,No,Yes,No,No,No,No internet service,Month-to-month,No,Electronic check,116.13,5670.01,Yes
CUST-5986,Female,0,Yes,No,27,Yes,Yes,No,No,No,No,No,No,Yes,Month-to-month,Yes,Bank transfer (automatic),51.17,1376.05,No
CUST-5987,Male,0,No,No,41,Yes,No,Fiber optic,Yes,No,Yes,No,No,No,Month-to-month,No,Credit card (automatic),111.03,4596.87,Yes
CUST-5988,Male,0,No,Yes,68,Yes,No,DSL,Yes,No internet service,Yes,No,No,Yes,Two year,Yes,Bank transfer (automatic),45.32,3130.93,Yes
CUST-5989,Male,0,No,No,0,Yes,Yes,DSL,Yes,Yes,No,No,No,No internet service,One year,No,Bank transfer (automatic),117.65, ,Yes
CUST-5990,Female,0,No,No,38,Yes,No,No,No,No internet service,No internet service,Yes,No internet service,Yes,Two year,No,Electronic check,85.61,3297.66,No
CUST-5991,Female,0,Yes,No,16,Yes,Yes,DSL,No internet service,No internet service,Yes,Yes,No,No internet service,Month-to-month,No,Bank transfer (automatic),64.83,1119.6,Yes
CUST-5992,Female,0,Yes,No,34,Yes,Yes,Fiber optic,No,No internet service,No,Yes,No,No internet service,Month-to-month,Yes,Bank transfer (automatic),79.9,2729.38,Yes
CUST-5993,Male,1,No,No,45,Yes,Yes,DSL,No internet service,No internet service,No,No,No,No,Month-to-month,No,Credit card (automatic),45.64,2101.31,Yes
CUST-5994,Female,0,No,No,41,Yes,No,Fiber optic,No,Yes,No,No,No,No,Month-to-month,Yes,Bank transfer (automatic),45.8,1941.74,Yes
CUST-5995,Female,0,Yes,No,38,Yes,Yes,Fiber optic,No,No internet service,No,No,No internet service,No,Month-to-month,No,Mailed check,29.66,1138.16,Yes
CUST-5996,Female,1,No,No,48,Yes,Yes,Fiber optic,No,No,No,No,No,No,Month-to-month,Yes,Mailed check,29.71,1466.79,Yes
CUST-5997,Male,0,Yes,No,61,Yes,No phone service,Fiber optic,No,No,No,No,No,Yes,One year,No,Credit card (automatic),53.19,3245.22,No
CUST-5998,Female,0,Yes,No,37,Yes,No,Fiber optic,Yes,No,No,No,Yes,No,Month-to-month,No,Mailed check,94.92,3509.43,Yes
CUST-5999,Female,0,No,No,22,Yes,Yes,Fiber optic,Yes,No internet service,Yes,No internet service,Yes,No,Two year,Yes,Mailed check,79.35,1712.62,No
CUST-6000,Female,0,No,Yes,21,Yes,Yes,DSL,No,No,No,No,Yes,No,Month-to-month,Yes,Electronic check,28.56,608.41,No
CUST-6001,Female,0,No,No,3,Yes,Yes,DSL,No,No,Yes,No,No,No,Two year,No,Bank transfer (automatic),103.9,406.04,No
CUST-6002,Male,0,Yes,No,48,Yes,No,No,No,Yes,No,No,No,Yes,Two year,Yes,Electronic check,78.69,3732.0,No
CUST-6003,Female,0,Yes,No,58,Yes,No,Fiber optic,No,No,Yes,Yes,No internet service,No internet service,Two year,Yes,Electronic check,114.82,6690.4,Yes
CUST-6004,Male,0,Yes,No,72,Yes,No,Fiber optic,Yes,No,No internet service,No,No,Yes,Two year,Yes,Credit card (automatic),85.6,6179.25,Yes
CUST-6005,Female,1,No,No,67,Yes,No phone service,DSL,No,Yes,Yes,No,Yes,No,Two year,No,Mailed check,35.86,2476.36,Yes
CUST-6006,Male,0,Yes,No,70,No,Yes,No,No internet service,No,No,Yes,Yes,Yes,One year,No,Electronic check,65.87,4694.04,No
CUST-6007,Female,0,Yes,Yes,1,Yes,No,Fiber optic,No,No internet service,No,Yes,No,No,Month-to-month,Yes,Electronic check,83.42,37.21,Yes
CUST-6008,Male,0,No,No,48,Yes,No phone service,No,No,No internet service,No,No,No,No,One year,Yes,Credit card (automatic),21.09,983.61,No
CUST-6009,Female,1,No,Yes,30,Yes,No phone service,No,Yes,No internet service,No,No,No internet service,No,One year,No,Mailed check,19.75,566.52,No
CUST-6010,Female,0,Yes,Yes,39,Yes,Yes,No,No,No internet service,Yes,No,No,No,Two year,No,Mailed check,31.26,1194.93,Yes
CUST-6011,Female,0,Yes,No,47,No,No,No,No internet service,No internet service,No internet service,No internet service,No,No,Month-to-month,No,Electronic check,43.54,2026.46,Yes
CUST-6012,Female,0,No,No,50,Yes,Yes,DSL,No,No,No,No,No,No,Month-to-month,No,Electronic check,61.42,3088.35,No
CUST-6013,Male,0,Yes,Yes,42,Yes,Yes,No,No internet service,Yes,No,No,No,No,One year,Yes,Bank transfer (automatic),67.24,2781.51,No
CUST-6014,Male,0,No,No,54,No,No phone service,DSL,No,No,No,No internet service,No,No,Two year,Yes,Electronic check,32.12,1698.94,No
CUST-6015,Male,1,No,Yes,48,Yes,No,No,Yes,No,No,No,No,Yes,Month-to-month,No,Bank transfer (automatic),85.93,4085.11,Yes
CUST-6016,Female,0,Yes,No,56,Yes,No phone service,DSL,No,Yes,Yes,No,Yes,Yes,Month-to-month,No,Electronic check,78.16,4401.59,Yes
CUST-6017,Male,0,Yes,No,14,No,Yes,Fiber optic,No,No,No,No internet service,No,No,Month-to-month,Yes,Mailed check,47.84,666.57,Yes
CUST-6018,Female,0,No,Yes,26,Yes,No phone service,DSL,No,No,No,No,Yes,No,Month-to-month,No,Mailed check,19.62,498.05,No
CUST-6019,Male,0,No,No,67,Yes,Yes,Fiber optic,No internet service,Yes,No,No,No,No internet service,Month-to-month,No,Electronic check,26.05,1703.26,Yes
CUST-6020,Female,0,Yes,Yes,63,Yes,Yes,DSL,No,No internet service,Yes,No internet service,Yes,Yes,Month-to-month,Yes,Mailed check,57.62,3549.86,Yes
CUST-6021,Female,0,No,No,29,Yes,Yes,Fiber optic,Yes,Yes,No,Yes,No,Yes,Two year,No,Bank transfer (automatic),33.72,1059.46,No
CUST-6022,Female,0,No,No,35,Yes,Yes,No,Yes,Yes,No,No internet service,No,No,Month-to-month,Yes,Electronic check,56.12,1949.76,Yes
CUST-6023,Female,0,Yes,Yes,66,Yes,No,Fiber optic,No,Yes,Yes,No,No,Yes,Month-to-month,No,Mailed check,81.38,5506.6,Yes
CUST-6024,Female,0,Yes,No,48,Yes,Yes,DSL,No internet service,No,No internet service,No internet service,No,No internet service,Two year,No,Bank transfer (automatic),73.25,3554.64,No
CUST-6025,Male,0,Yes,Yes,54,Yes,No,Fiber optic,Yes,No,Yes,Yes,Yes,No,Two year,Yes,Credit card (automatic),41.48,2331.38,No
CUST-6026,Female,0,No,No,55,Yes,No,DSL,No internet service,Yes,Yes,No internet service,Yes,No internet service,Two year,No,Electronic check,52.8,2953.67,Yes
CUST-6027,Male,0,No,No,67,Yes,Yes,Fiber optic,Yes,No,No,No,Yes,Yes,Month-to-month,Yes,Electronic check,79.96,5365.25,Yes
CUST-6028,Male,0,Yes,No,43,Yes,No,No,No,No,No,No,No,No,Two year,No,Credit card (automatic),104.77,4475.23,Yes
CUST-6029,Female,0,Yes,No,30,Yes,No,Fiber optic,No,No,No,Yes,No,No,Month-to-month,No,Electronic check,93.95,2769.66,Yes
CUST-6030,Female,1,Yes,No,57,Yes,Yes,DSL,Yes,No,No,No internet service,No,No,One year,Yes,Bank transfer (automatic),73.87,4266.57,Yes
CUST-6031,Male,0,No,No,52,Yes,Yes,Fiber optic,No,No,No internet service,No,No,Yes,One year,Yes,Mailed check,54.66,2855.57,Yes
CUST-6032,Male,0,No,No,22,Yes,No,No,No,No,Yes,No internet service,No,No,Month-to-month,No,Electronic check,54.94,1239.51,Yes
CUST-6033,Female,0,No,No,27,Yes,No,DSL,No,No internet service,No,No,No internet service,Yes,Month-to-month,Yes,Mailed check,106.63,2919.74,Yes
CUST-6034,Male,1,No,No,15,Yes,Yes,Fiber optic,Yes,No internet service,No internet service,No internet service,No,No,Month-to-month,No,Bank transfer (automatic),22.19,350.65,No
CUST-6035,Male,0,Yes,Yes,36,Yes,No,Fiber optic,Yes,Yes,No,No,No,No,Two year,No,Credit card (automatic),117.54,4207.85,Yes
CUST-6036,Male,1,No,No,20,Yes,No,Fiber optic,Yes,No internet service,Yes,No internet service,No,No internet service,Month-to-month,No,Electronic check,85.02,1751.04,No
CUST-6037,Female,0,No,Yes,16,Yes,No phone service,No,No,Yes,No,No,No,No,One year,Yes,Credit card (automatic),86.7,1377.29,No
CUST-6038,Male,0,Yes,No,36,Yes,No,Fiber optic,Yes,No internet service,No,No,No,No,Month-to-month,Yes,Credit card (automatic),22.07,799.05,Yes
CUST-6039,Female,0,No,No,18,Yes,Yes,Fiber optic,No,Yes,Yes,No,No,No,Month-to-month,Yes,Bank transfer (automatic),79.11,1459.85,No
CUST-6040,Male,0,No,Yes,29,Yes,Yes,Fiber optic,No internet service,No,No,No,Yes,No,Two year,Yes,Bank transfer (automatic),66.97,1939.18,No
CUST-6041,Male,0,No,No,44,Yes,No,DSL,Yes,No,Yes,No,No,No,One year,No,Mailed check,28.88,1179.83,No
CUST-6042,Female,0,Yes,No,17,Yes,Yes,DSL,No internet service,No internet service,No,No,No,No,Two year,Yes,Bank transfer (automatic),46.18,837.09,No
CUST-6043,Female,1,No,Yes,61,Yes,No,Fiber optic,Yes,No,No internet service,Yes,Yes,No,Month-to-month,Yes,Mailed check,107.73,6634.28,Yes
CUST-6044,Female,0,No,Yes,35,Yes,Yes,DSL,Yes,No,Yes,No internet service,No internet service,No internet service,Month-to-month,No,Mailed check,73.52,2481.64,No
CUST-6045,Female,0,Yes,No,51,No,No,No,No,No,No,No,No,No,Month-to-month,Yes,Bank transfer (automatic),59.8,2997.64,Yes
CUST-6046,Male,0,No,No,18,Yes,No,DSL,Yes,No,No internet service,No,No,No,Month-to-month,Yes,Mailed check,25.55,561.09,Yes
CUST-6047,Male,0,No,No,43,Yes,Yes,DSL,No internet service,No,No internet service,No,No,No,Month-to-month,Yes,Electronic check,90.02,3882.46,Yes
CUST-6048,Male,0,No,No,6,Yes,No,Fiber optic,Yes,No internet service,Yes,No internet service,No,No,One year,Yes,Credit card (automatic),88.89,533.52,Yes
CUST-6049,Male,1,Yes,No,43,No,No,DSL,No,No,No,No,No,No,Month-to-month,Yes,Mailed check,79.96,3416.96,No
CUST-6050,Male,1,No,No,67,No,Yes,Fiber optic,Yes,No,No,No,No,Yes,Month-to-month,No,Electronic check,69.53,4606.97,Yes
CUST-6051,Male,0,Yes,No,33,Yes,No phone service,Fiber optic,No internet service,Yes,Yes,No,Yes,Yes,Month-to-month,No,Credit card (automatic),61.85,2031.33,Yes
CUST-6052,Male,0,Yes,No,65,Yes,Yes,Fiber optic,No,No internet service,No,No,No internet service,No,One year,Yes,Electronic check,77.87,5110.27,Yes
CUST-6053,Female,0,No,No,68,Yes,No phone service,No,No,Yes,No,No internet service,No,No,One year,Yes,Electronic check,41.71,2835.5,Yes
CUST-6054,Male,0,Yes,No,54,No,Yes,Fiber optic,No,Yes,Yes,No,Yes,No,Month-to-month,Yes,Bank transfer (automatic),112.85,6124.41,Yes
CUST-6055,Female,0,Yes,No,9,Yes,No,DSL,Yes,No,No,No,No,No,Month-to-month,No,Credit card (automatic),77.42,785.07,No
CUST-6056,Male,0,No,No,41,Yes,Yes,No,No,No internet service,No,No,No,No internet service,Month-to-month,No,Credit card (automatic),49.52,2001.3,Yes
CUST-6057,Male,0,No,No,40,Yes,No phone service,Fiber optic,No,Yes,No internet service,Yes,No internet service,Yes,Two year,No,Electronic check,63.44,2552.74,No
CUST-6058,Male,0,Yes,No,68,Yes,No,Fiber optic,No,No,No internet service,Yes,No,No,Two year,Yes,Credit card (automatic),99.22,6797.18,Yes
CUST-6059,Male,0,Yes,No,9,Yes,No phone service,Fiber optic,No,No,No,Yes,No,No,One year,Yes,Credit card (automatic),34.49,263.76,No
CUST-6060,Female,1,No,Yes,9,Yes,No,DSL,Yes,Yes,No,No,No internet service,Yes,Month-to-month,Yes,Electronic check,47.68,438.02,No
CUST-6061,Male,0,Yes,No,59,Yes,Yes,No,No,No,Yes,No,No,No internet service,Month-to-month,No,Bank transfer (automatic),86.54,5199.48,Yes
CUST-6062,Male,1,No,No,50,Yes,Yes,DSL,Yes,No,No,No internet service,No,No,One year,No,Mailed check,49.96,2480.99,Yes
CUST-6063,Male,0,Yes,No,20,No,No,Fiber optic,No internet service,Yes,No,No internet service,No,No,Two year,No,Bank transfer (automatic),97.9,2011.42,Yes
CUST-6064,Male,1,No,Yes,7,Yes,Yes,DSL,No internet service,No internet service,No,No,No,No,Two year,Yes,Electronic check,31.36,212.46,No
CUST-6065,Male,0,No,Yes,64,Yes,Yes,No,No,Yes,Yes,No internet service,Yes,No,Two year,Yes,Electronic check,94.9,6163.58,Yes
CUST-6066,Male,0,Yes,Yes,29,Yes,Yes,Fiber optic,No,No internet service,No,No,No,No internet service,Month-to-month,No,Credit card (automatic),25.12,646.21,Yes
CUST-6067,Female,1,Yes,No,48,Yes,Yes,DSL,No,No,No,Yes,No,No,Two year,Yes,Bank transfer (automatic),19.52,940.21,No
CUST-6068,Female,0,Yes,Yes,8,Yes,No,Fiber optic,No internet service,Yes,No,No,No,No internet service,One year,No,Bank transfer (automatic),108.52,794.22,Yes
CUST-6069,Female,0,No,No,16,No,No,Fiber optic,No internet service,No,Yes,No,No,Yes,Two year,Yes,Mailed check,76.67,1191.68,No
CUST-6070,Female,0,Yes,Yes,68,Yes,No,Fiber optic,No,No,No,No,Yes,Yes,Month-to-month,No,Bank transfer (automatic),53.61,3610.14,Yes
CUST-6071,Female,0,Yes,No,57,Yes,Yes,Fiber optic,No internet service,No internet service,No,No,Yes,No,Month-to-month,Yes,Mailed check,41.63,2359.56,Yes
CUST-6072,Female,0,Yes,Yes,56,Yes,Yes,Fiber optic,No,No,Yes,No,No,No internet service,Month-to-month,Yes,Bank transfer (automatic),80.25,4434.59,No
CUST-6073,Female,0,Yes,Yes,61,Yes,Yes,DSL,No,No internet service,No,No internet service,No,No,Month-to-month,No,Electronic check,69.4,4229.81,Yes
CUST-6074,Male,1,Yes,No,51,Yes,Yes,Fiber optic,Yes,Yes,No internet service,No,Yes,No,Month-to-month,Yes,Credit card (automatic),117.91,6036.43,Yes
CUST-6075,Female,0,No,Yes,60,Yes,No,Fiber optic,No internet service,No,No,Yes,No,No,Two year,Yes,Credit card (automatic),117.06,6947.0,Yes
CUST-6076,Female,0,No,Yes,39,Yes,Yes,Fiber optic,No,No,Yes,No internet service,No,Yes,Month-to-month,Yes,Electronic check,82.07,3168.98,Yes
CUST-6077,Female,0,No,No,37,Yes,No,No,No internet service,Yes,No internet service,No,No,Yes,Month-to-month,No,Electronic check,62.76,2449.17,Yes
CUST-6078,Female,0,Yes,Yes,42,Yes,Yes,DSL,No,No internet service,No,No,No internet service,Yes,Month-to-month,No,Bank transfer (automatic),67.61,2856.08,No
CUST-6079,Male,0,Yes,No,62,Yes,Yes,DSL,Yes,No,No,No,No,No internet service,Month-to-month,Yes,Electronic check,86.84,5293.19,Yes
CUST-6080,Female,1,No,No,18,Yes,Yes,DSL,No,No,No,No,Yes,No,Two year,Yes,Electronic check,28.46,442.26,No
CUST-6081,Female,0,No,Yes,49,Yes,No,DSL,No,No,Yes,Yes,Yes,Yes,Month-to-month,No,Mailed check,51.25,2522.55,Yes
CUST-6082,Female,0,No,No,32,Yes,No,DSL,No,No,No internet service,No,No internet service,Yes,Month-to-month,Yes,Electronic check,25.81,830.95,No
CUST-6083,Female,0,No,Yes,12,Yes,Yes,No,Yes,Yes,No,No internet service,No,No,Two year,Yes,Credit card (automatic),25.62,278.07,No
CUST-6084,Male,0,No,No,61,Yes,Yes,DSL,No,No,No,No,No,No,Two year,Yes,Credit card (automatic),37.93,2423.4,Yes
CUST-6085,Male,0,No,No,42,Yes,Yes,Fiber optic,Yes,No internet service,Yes,No,No,Yes,Month-to-month,Yes,Bank transfer (automatic),67.02,2945.78,Yes
CUST-6086,Female,1,No,No,48,Yes,No,DSL,Yes,No,No,No,No,Yes,One year,Yes,Mailed check,97.12,4648.54,Yes
CUST-6087,Male,0,Yes,No,35,Yes,No,Fiber optic,No internet service,No,No,No,No internet service,Yes,One year,No,Electronic check,67.04,2390.05,No
CUST-6088,Female,0,No,Yes,9,Yes,Yes,No,No,Yes,No internet service,No,No,No internet service,Two year,Yes,Electronic check,51.97,513.89,No
CUST-6089,Male,1,Yes,Yes,5,Yes,No,DSL,No,Yes,Yes,No,No,No,Month-to-month,Yes,Mailed check,26.53,185.44,Yes
CUST-6090,Male,0,Yes,No,56,No,No,No,No,No,No internet service,No,No internet service,No,Two year,No,Credit card (automatic),73.55,4086.8,Yes
CUST-6091,Male,0,No,No,0,Yes,No,No,No,No internet service,No internet service,Yes,Yes,Yes,Month-to-month,Yes,Electronic check,45.51, ,No
CUST-6092,Male,0,No,No,70,Yes,No,Fiber optic,Yes,No,No internet service,No internet service,Yes,No,Month-to-month,No,Credit card (automatic),80.05,5600.07,Yes
CUST-6093,Female,0,No,Yes,57,Yes,No phone service,DSL,No internet service,No internet service,No,No,No,No internet service,Month-to-month,No,Credit card (automatic),116.46,6659.32,Yes
CUST-6094,Male,0,Yes,No,20,Yes,No,Fiber optic,No,No,Yes,No internet service,No internet service,No internet service,Month-to-month,No,Credit card (automatic),29.44,588.9,No
CUST-6095,Female,0,No,Yes,55,Yes,Yes,No,No,No,No internet service,No internet service,No,Yes,Two year,No,Electronic check,39.57,2169.37,No
CUST-6096,Female,0,No,No,19,Yes,No,DSL,No internet service,No internet service,Yes,No,No,Yes,One year,Yes,Credit card (automatic),65.8,1264.12,Yes
CUST-6097,Male,0,Yes,No,53,Yes,No,Fiber optic,No,No,No,No internet service,No,No,Month-to-month,Yes,Mailed check,115.6,6067.51,Yes
CUST-6098,Male,0,No,No,24,Yes,Yes,DSL,Yes,No,No,No,No,No internet service,Month-to-month,Yes,Mailed check,95.82,2201.12,No
CUST-6099,Male,0,No,No,27,Yes,No,DSL,No internet service,Yes,No,No internet service,No,No,Month-to-month,Yes,Bank transfer (automatic),108.52,2919.37,Yes
CUST-6100,Female,0,No,Yes,4,Yes,Yes,No,No,No internet service,No,No,No internet service,No,Two year,Yes,Credit card (automatic),51.79,163.14,No
CUST-6101,Female,1,Yes,No,20,Yes,No phone service,Fiber optic,No,No internet service,No,No,Yes,No internet service,One year,No,Mailed check,117.95,2386.38,No
CUST-6102,Male,0,Yes,No,17,Yes,Yes,DSL,No internet service,No,No,No,No internet service,No,One year,No,Credit card (automatic),28.58,507.55,No
CUST-6103,Female,0,Yes,No,46,No,Yes,Fiber optic,No,No internet service,Yes,Yes,Yes,No internet service,One year,No,Electronic check,23.57,1084.89,Yes
CUST-6104,Male,0,No,Yes,69,Yes,No phone service,DSL,Yes,No internet service,No,No internet service,No internet service,No,Two year,Yes,Bank transfer (automatic),104.24,7266.64,Yes
CUST-6105,Male,0,No,No,56,Yes,No,DSL,No internet service,No,No,No,Yes,No,One year,No,Credit card (automatic),111.44,6240.33,Yes
CUST-6106,Male,0,No,No,18,Yes,No phone service,Fiber optic,No,No,Yes,No,No,No internet service,Month-to-month,Yes,Credit card (automatic),27.35,419.39,Yes
CUST-6107,Male,0,No,No,64,No,Yes,Fiber optic,No,No,No internet service,No internet service,No,Yes,Two year,No,Electronic check,29.65,1886.42,No
CUST-6108,Female,0,No,No,2,Yes,Yes,DSL,Yes,No,No,No internet service,No internet service,No internet service,One year,No,Mailed check,21.58,101.71,No
CUST-6109,Male,0,Yes,Yes,41,Yes,No phone service,DSL,No,No,Yes,Yes,Yes,No,One year,No,Electronic check,28.75,1084.54,No
CUST-6110,Female,0,No,No,20,Yes,No,Fiber optic,No,No internet service,Yes,Yes,No,No,Two year,No,Credit card (automatic),39.3,781.3,No
CUST-6111,Female,0,No,Yes,39,Yes,No,No,No,Yes,No internet service,No,No,No,Two year,Yes,Bank transfer (automatic),115.74,4542.63,No
CUST-6112,Female,1,No,No,66,Yes,Yes,No,No internet service,No,No,No,No,No,Two year,Yes,Mailed check,85.37,5767.03,Yes
CUST-6113,Male,0,No,Yes,24,Yes,No,DSL,No,No,No,Yes,Yes,No,Two year,No,Electronic check,96.49,2376.17,No
CUST-6114,Female,0,Yes,No,54,Yes,No,Fiber optic,No,No,No,Yes,No,No,Month-to-month,No,Bank transfer (automatic),96.25,5204.13,Yes
CUST-6115,Male,0,Yes,No,51,Yes,Yes,No,Yes,Yes,No internet service,No,Yes,No,Month-to-month,No,Electronic check,72.02,3699.06,Yes
CUST-6116,Female,0,No,No,43,Yes,No,Fiber optic,Yes,No internet service,Yes,No,No internet service,Yes,One year,Yes,Electronic check,98.4,4136.32,No
CUST-6117,Male,0,Yes,Yes,55,Yes,Yes,No,Yes,No,No,No,Yes,No,Month-to-month,No,Electronic check,78.13,4244.66,Yes
CUST-6118,Male,0,Yes,No,54,Yes,Yes,No,No,No internet service,Yes,No,Yes,Yes,Two year,Yes,Credit card (automatic),49.86,2724.99,No
CUST-6119,Female,0,No,No,69,Yes,No,DSL,No,No,No internet service,No,No,No,Two year,Yes,Bank transfer (automatic),74.64,5158.22,Yes
CUST-6120,Female,0,No,No,72,Yes,No,DSL,No internet service,No internet service,Yes,Yes,No internet service,No,One year,Yes,Electronic check,71.87,5189.08,No
CUST-6121,Female,0,No,No,65,Yes,Yes,DSL,No,No,No internet service,No,No,Yes,Two year,Yes,Electronic check,101.01,6567.36,Yes
CUST-6122,Male,1,Yes,No,18,Yes,No,DSL,No,No,Yes,No internet service,No,No,Month-to-month,Yes,Credit card (automatic),116.91,2104.13,No
CUST-6123,Male,0,Yes,No,6,Yes,Yes,No,No,Yes,No,No internet service,Yes,No,One year,Yes,Bank transfer (automatic),59.56,362.51,No
CUST-6124,Male,0,Yes,No,62,Yes,Yes,No,No,Yes,No internet service,No,No,No,One year,No,Bank transfer (automatic),94.97,5835.34,Yes
CUST-6125,Female,1,No,No,41,Yes,No,DSL,No internet service,Yes,No,Yes,No internet service,Yes,Month-to-month,No,Bank transfer (automatic),28.28,1148.03,No
CUST-6126,Male,0,No,No,41,Yes,No,Fiber optic,No internet service,No,No,No,Yes,No,Month-to-month,Yes,Credit card (automatic),96.32,3886.91,Yes
CUST-6127,Male,1,Yes,No,58,Yes,No,Fiber optic,No internet service,Yes,No internet service,No internet service,No,No,Two year,No,Electronic check,55.58,3192.66,No
CUST-6128,Male,0,Yes,No,19,Yes,No,Fiber optic,Yes,No,Yes,No,No,No internet service,One year,No,Mailed check,22.21,481.79,Yes
CUST-6129,Male,0,Yes,Yes,72,Yes,No,Fiber optic,Yes,Yes,No,Yes,No internet service,No internet service,Two year,No,Electronic check,54.76,3933.68,No
CUST-6130,Female,0,Yes,Yes,16,Yes,No phone service,No,No,No,No,No,No internet service,Yes,Month-to-month,No,Electronic check,79.62,1303.71,No
CUST-6131,Male,0,Yes,No,26,Yes,No,DSL,No internet service,No,No,No internet service,Yes,No,Month-to-month,No,Electronic check,30.23,791.74,Yes
CUST-6132,Female,0,Yes,No,46,Yes,Yes,DSL,No,No,No,No,No internet service,No,Month-to-month,Yes,Credit card (automatic),111.12,5092.28,No
CUST-6133,Male,1,No,No,1,Yes,Yes,DSL,No,No internet service,Yes,No internet service,No,No internet service,Month-to-month,Yes,Bank transfer (automatic),26.06,-24.37,No
CUST-6134,Male,0,Yes,No,62,Yes,Yes,Fiber optic,Yes,No,No,No internet service,Yes,No internet service,Two year,Yes,Electronic check,111.72,6906.64,Yes
CUST-6135,Male,0,Yes,No,61,Yes,Yes,DSL,No internet service,No internet service,Yes,No,No,No,Month-to-month,Yes,Mailed check,89.32,5457.68,Yes
CUST-6136,Female,0,No,No,18,Yes,No phone service,Fiber optic,No internet service,No,Yes,No,No internet service,Yes,Two year,No,Mailed check,51.39,954.03,No
CUST-6137,Male,1,Yes,No,16,Yes,Yes,Fiber optic,No internet service,No internet service,No,No internet service,Yes,No,Two year,Yes,Electronic check,57.52,926.44,No
CUST-6138,Female,0,Yes,No,68,Yes,No,Fiber optic,No,Yes,No,Yes,No internet service,Yes,Two year,Yes,Credit card (automatic),92.7,6336.07,Yes
CUST-6139,Male,0,No,No,38,Yes,No,Fiber optic,No,No internet service,No,No internet service,No,Yes,Month-to-month,No,Bank transfer (automatic),78.7,2914.59,No
CUST-6140,Female,0,No,Yes,70,Yes,No,DSL,No,No,No internet service,No,Yes,No internet service,Two year,Yes,Mailed check,85.75,6045.83,No
CUST-6141,Male,1,No,Yes,38,Yes,Yes,No,No,No,No,No,No,No internet service,Month-to-month,No,Credit card (automatic),57.36,2123.27,Yes
CUST-6142,Female,0,Yes,No,35,Yes,No,No,No internet service,Yes,No internet service,Yes,No,No,Month-to-month,Yes,Bank transfer (automatic),67.28,2403.98,Yes
CUST-6143,Female,0,Yes,Yes,39,Yes,No phone service,DSL,No,Yes,Yes,Yes,No,No,Month-to-month,Yes,Credit card (automatic),117.73,4616.59,Yes
CUST-6144,Male,0,No,No,44,Yes,No,DSL,No internet service,Yes,No,No,No,Yes,Two year,Yes,Bank transfer (automatic),39.75,1655.49,No
CUST-6145,Male,0,No,No,3,Yes,No,No,No,No,No,Yes,No,No,Month-to-month,Yes,Mailed check,60.24,217.57,No
CUST-6146,Female,0,Yes,No,24,Yes,No,DSL,Yes,No,Yes,Yes,No,No,Month-to-month,Yes,Electronic check,47.58,1191.67,No
CUST-6147,Male,0,Yes,No,68,Yes,Yes,DSL,No,No internet service,No internet service,No,No,No,Month-to-month,Yes,Mailed check,95.14,6532.41,Yes
CUST-6148,Male,0,Yes,Yes,29,Yes,No,Fiber optic,Yes,No,No,Yes,No,No,Month-to-month,Yes,Electronic check,95.03,2717.44,Yes
CUST-6149,Male,0,Yes,No,67,Yes,No,DSL,No,No internet service,No internet service,Yes,No,Yes,Month-to-month,Yes,Electronic check,47.64,3200.85,Yes
CUST-6150,Female,0,Yes,No,28,Yes,Yes,DSL,No internet service,No,No,No,No,No,Two year,Yes,Electronic check,26.43,774.76,Yes
CUST-6151,Female,1,No,No,72,Yes,Yes,Fiber optic,No internet service,No internet service,No,No,Yes,No internet service,One year,Yes,Credit card (automatic),19.4,1433.62,Yes
CUST-6152,Male,0,Yes,No,67,Yes,Yes,Fiber optic,No,No internet service,No internet service,No,No,No internet service,Two year,Yes,Electronic check,61.21,4121.55,Yes
CUST-6153,Male,0,Yes,Yes,50,Yes,No,No,No internet service,No internet service,No,No internet service,No,No,One year,Yes,Mailed check,59.49,2953.17,No
CUST-6154,Female,0,No,No,23,Yes,No phone service,No,No,No,Yes,Yes,Yes,No internet service,Two year,No,Electronic check,117.58,2753.74,No
CUST-6155,Male,1,No,Yes,13,Yes,Yes,DSL,No,No internet service,No,No,Yes,No,Month-to-month,Yes,Electronic check,65.47,900.8,No
CUST-6156,Male,0,Yes,No,68,No,Yes,DSL,Yes,No,No,No,No internet service,No internet service,One year,Yes,Mailed check,44.02,2985.65,Yes
CUST-6157,Female,0,Yes,No,17,Yes,No,Fiber optic,Yes,No,No,No,No internet service,Yes,One year,Yes,Bank transfer (automatic),107.82,1793.76,No
CUST-6158,Male,1,Yes,No,41,Yes,No,Fiber optic,No,No,No,No,No,No,Month-to-month,Yes,Credit card (automatic),67.6,2735.2,Yes
CUST-6159,Female,1,Yes,No,56,No,Yes,DSL,No,No,No internet service,No,No,No internet service,Two year,No,Electronic check,78.47,4462.56,No
CUST-6160,Male,0,No,No,11,Yes,No phone service,DSL,No internet service,No internet service,No internet service,No internet service,No,No,One year,Yes,Electronic check,27.86,353.99,No
CUST-6161,Female,0,Yes,No,16,No,Yes,DSL,No internet service,No,No internet service,Yes,No,No,Two year,Yes,Mailed check,56.73,906.68,No
CUST-6162,Female,0,No,No,29,Yes,No,Fiber optic,No,No internet service,No,No,No internet service,No,Two year,Yes,Mailed check,113.14,3271.1,Yes
CUST-6163,Male,0,Yes,No,22,Yes,No,DSL,No,Yes,No,Yes,No,Yes,Month-to-month,No,Bank transfer (automatic),77.5,1616.59,Yes
CUST-6164,Female,0,No,No,0,No,No,No,No,No,No,Yes,No,No internet service,One year,Yes,Bank transfer (automatic),52.87, ,No
CUST-6165,Male,1,Yes,Yes,31,Yes,Yes,DSL,No,Yes,No,No,Yes,Yes,Month-to-month,No,Electronic check,81.13,2455.47,No
CUST-6166,Female,0,No,No,8,No,No,No,No,No,No internet service,No internet service,No,No internet service,One year,No,Credit card (automatic),109.75,885.95,No
CUST-6167,Female,0,No,Yes,14,No,No,No,Yes,No,Yes,No internet service,Yes,No,One year,Yes,Electronic check,45.79,700.32,No
CUST-6168,Male,0,Yes,No,27,Yes,Yes,Fiber optic,No,No,No,No,Yes,No,Two year,No,Electronic check,69.01,1814.25,No
CUST-6169,Male,0,Yes,Yes,23,Yes,No,Fiber optic,No,No internet service,Yes,No,No internet service,No,Month-to-month,Yes,Electronic check,114.6,2647.73,Yes
CUST-6170,Female,0,No,Yes,59,Yes,Yes,Fiber optic,Yes,Yes,No,No,No,No,Month-to-month,Yes,Mailed check,35.58,2149.11,Yes
CUST-6171,Male,0,No,No,34,Yes,Yes,DSL,No,No,No internet service,No,Yes,No,Month-to-month,Yes,Mailed check,90.58,3090.73,Yes
CUST-6172,Female,0,Yes,No,26,Yes,Yes,DSL,No internet service,No,No,No,No internet service,No internet service,Month-to-month,Yes,Credit card (automatic),80.01,2054.06,No
CUST-6173,Female,0,Yes,No,19,Yes,Yes,Fiber optic,Yes,Yes,No internet service,No,No internet service,No internet service,Two year,Yes,Credit card (automatic),86.56,1645.16,No
CUST-6174,Female,0,No,Yes,64,Yes,No,Fiber optic,No,No internet service,No internet service,No internet service,No,No,Two year,Yes,Electronic check,53.55,3475.06,Yes
CUST-6175,Male,0,No,No,48,Yes,Yes,Fiber optic,No,No,Yes,No internet service,No,No internet service,One year,Yes,Bank transfer (automatic),49.79,2403.05,Yes
CUST-6176,Female,0,No,No,0,Yes,No,Fiber optic,Yes,No,No,No,No internet service,Yes,Two year,No,Electronic check,87.01, ,No
CUST-6177,Male,1,No,No,9,Yes,Yes,Fiber optic,No internet service,No,No,No,No internet service,No,Month-to-month,Yes,Credit card (automatic),39.91,417.0,Yes
CUST-6178,Female,0,Yes,Yes,46,No,No,Fiber optic,No,No,No,Yes,No,Yes,Month-to-month,Yes,Credit card (automatic),60.43,2805.53,Yes
CUST-6179,Female,0,Yes,No,58,Yes,No,Fiber optic,No internet service,No internet service,No,No,No,No,Month-to-month,Yes,Mailed check,37.16,2095.13,Yes
CUST-6180,Male,0,Yes,No,61,Yes,Yes,Fiber optic,No,No,No,No,No,Yes,Two year,No,Electronic check,19.08,1195.45,Yes
CUST-6181,Male,1,No,No,17,Yes,No,No,No,No,Yes,No,Yes,No,One year,No,Electronic check,115.74,2015.06,No
CUST-6182,Male,0,No,No,45,Yes,No phone service,Fiber optic,No,No internet service,No,No,No,Yes,One year,No,Mailed check,61.64,2711.93,Yes
CUST-6183,Female,0,Yes,Yes,31,Yes,Yes,Fiber optic,No,No internet service,No,Yes,No,No internet service,Month-to-month,Yes,Electronic check,115.67,3472.33,Yes
CUST-6184,Female,0,No,No,26,Yes,No,Fiber optic,No,No,No internet service,No,No,No internet service,Month-to-month,Yes,Electronic check,32.35,789.0,Yes
CUST-6185,Male,0,No,No,17,Yes,Yes,Fiber optic,No,Yes,No,No internet service,No internet service,No,Two year,Yes,Bank transfer (automatic),77.28,1308.64,No
CUST-6186,Male,0,No,Yes,38,Yes,No,Fiber optic,No,Yes,No,Yes,No,Yes,Month-to-month,No,Bank transfer (automatic),38.45,1511.59,Yes
CUST-6187,Male,0,Yes,Yes,48,Yes,Yes,DSL,Yes,No,No,No,No,No,Two year,Yes,Credit card (automatic),97.65,4642.65,No
CUST-6188,Female,0,Yes,No,43,Yes,No phone service,No,No,No,No,No,No internet service,Yes,Month-to-month,No,Electronic check,97.01,4199.19,Yes
CUST-6189,Female,0,No,Yes,71,Yes,No,DSL,No,Yes,No internet service,No,No,No,Month-to-month,No,Electronic check,29.57,1954.85,Yes
CUST-6190,Female,0,No,No,53,Yes,No,Fiber optic,No internet service,No,Yes,Yes,No,No,One year,Yes,Electronic check,109.91,5834.25,Yes
CUST-6191,Male,1,No,Yes,33,Yes,Yes,DSL,No internet service,No internet service,No internet service,No,No,No,Month-to-month,No,Mailed check,37.81,1227.39,Yes
CUST-6192,Female,0,No,No,70,Yes,Yes,DSL,No,Yes,Yes,No,No,No,One year,Yes,Bank transfer (automatic),79.85,5694.43,Yes
CUST-6193,Male,0,Yes,No,35,Yes,Yes,No,No,No internet service,No,Yes,Yes,Yes,One year,Yes,Bank transfer (automatic),117.31,4011.25,Yes
CUST-6194,Male,0,Yes,Yes,17,Yes,Yes,Fiber optic,No,No,No,No,No,No internet service,Month-to-month,No,Electronic check,106.93,1817.08,Yes
CUST-6195,Male,0,Yes,Yes,37,Yes,Yes,No,No,No,No,No,Yes,Yes,Two year,Yes,Electronic check,114.38,4137.15,No
CUST-6196,Female,0,Yes,No,58,Yes,No phone service,DSL,No internet service,No,No,No internet service,No internet service,Yes,One year,Yes,Bank transfer (automatic),52.68,3027.95,Yes
CUST-6197,Female,0,Yes,No,8,Yes,No,DSL,No,Yes,No,No,No,No,Month-to-month,Yes,Electronic check,28.86,145.82,No
CUST-6198,Female,0,No,Yes,72,Yes,Yes,DSL,Yes,No,No,Yes,No,No,One year,No,Electronic check,37.18,2792.0,Yes
CUST-6199,Male,1,No,No,71,Yes,Yes,Fiber optic,No internet service,Yes,Yes,No internet service,Yes,No,One year,Yes,Electronic check,68.55,4849.27,No
CUST-6200,Female,0,Yes,No,50,Yes,Yes,No,No,No,No,No,Yes,No,Month-to-month,No,Electronic check,97.97,4887.95,Yes
CUST-6201,Female,0,Yes,No,34,Yes,No,Fiber optic,No,No,No internet service,No internet service,No,Yes,Two year,Yes,Bank transfer (automatic),33.34,1131.42,No
CUST-6202,Male,0,No,No,4,Yes,No,Fiber optic,No internet service,Yes,No,No,No internet service,No,Month-to-month,No,Bank transfer (automatic),84.55,281.59,No
CUST-6203,Male,0,No,Yes,13,Yes,Yes,No,No,No internet service,No,Yes,Yes,No,Two year,Yes,Credit card (automatic),50.77,712.77,No
CUST-6204,Male,0,Yes,No,29,Yes,No phone service,DSL,No,Yes,Yes,No,No,Yes,Two year,Yes,Electronic check,52.54,1555.67,Yes
CUST-6205,Female,0,Yes,No,3,Yes,Yes,Fiber optic,Yes,No internet service,No,No internet service,No internet service,Yes,Month-to-month,No,Credit card (automatic),84.77,300.21,Yes
CUST-6206,Male,0,No,No,38,No,No,Fiber optic,No,No,No,No,No,No,Month-to-month,No,Electronic check,65.18,2415.94,No
CUST-6207,Male,0,Yes,No,63,Yes,No phone service,DSL,No,No internet service,Yes,Yes,No,Yes,Month-to-month,Yes,Mailed check,99.86,6347.95,Yes
CUST-6208,Female,0,No,No,24,Yes,No phone service,DSL,No,No internet service,No,No,Yes,No,Month-to-month,Yes,Bank transfer (automatic),33.92,865.07,Yes
CUST-6209,Male,0,Yes,No,27,Yes,No,DSL,Yes,No,No,No,No,No,Two year,No,Mailed check,97.64,2624.66,No
CUST-6210,Male,0,No,No,65,Yes,Yes,No,No,No,No,Yes,No,No,Two year,No,Electronic check,24.71,1650.9,No
CUST-6211,Female,0,No,No,21,Yes,No phone service,Fiber optic,No internet service,No internet service,Yes,No,No,No internet service,Month-to-month,Yes,Mailed check,37.75,806.38,Yes
CUST-6212,Male,1,Yes,No,30,Yes,No,No,No,Yes,Yes,No internet service,Yes,No,One year,Yes,Electronic check,84.19,2446.0,No
CUST-6213,Female,0,Yes,No,22,Yes,No,Fiber optic,Yes,Yes,No,No internet service,No,Yes,Two year,Yes,Electronic check,104.17,2282.6,Yes
CUST-6214,Male,0,Yes,No,47,Yes,No phone service,Fiber optic,No,No,No,No,Yes,Yes,One year,Yes,Credit card (automatic),43.64,2027.0,Yes
CUST-6215,Female,0,Yes,No,19,No,Yes,Fiber optic,No,No,No internet service,No,No,No,Two year,No,Bank transfer (automatic),51.13,975.74,Yes
CUST-6216,Male,1,Yes,No,37,Yes,Yes,No,No,No,No internet service,Yes,No,No,Two year,No,Electronic check,72.23,2723.57,No
CUST-6217,Male,0,No,No,54,No,Yes,DSL,Yes,No,No,Yes,No,Yes,Month-to-month,Yes,Electronic check,39.51,2051.47,Yes
CUST-6218,Female,0,Yes,No,67,Yes,No phone service,DSL,No internet service,No,No,No,No internet service,No,Month-to-month,Yes,Mailed check,99.77,6662.41,Yes
CUST-6219,Female,0,No,No,0,Yes,No,Fiber optic,No,Yes,No,Yes,No,Yes,One year,Yes,Bank transfer (automatic),96.0, ,No
CUST-6220,Female,0,No,No,6,Yes,Yes,No,No,No,Yes,No,No internet service,No,Month-to-month,No,Mailed check,32.85,158.16,No
CUST-6221,Male,0,No,No,56,No,Yes,No,Yes,No,No,No,No,No internet service,One year,No,Mailed check,64.86,3591.0,No
CUST-6222,Male,0,No,No,11,Yes,No,Fiber optic,No,No,No,No,No,Yes,One year,No,Bank transfer (automatic),96.12,1060.73,No
CUST-6223,Male,0,No,Yes,4,No,No,DSL,No,No internet service,No internet service,No,No internet service,No internet service,Two year,Yes,Credit card (automatic),52.15,234.76,Yes
CUST-6224,Female,0,Yes,No,49,Yes,Yes,DSL,No internet service,No,Yes,No,No,No,Month-to-month,Yes,Credit card (automatic),81.88,4029.54,Yes
CUST-6225,Male,0,Yes,No,41,Yes,No,No,No,No internet service,No,No,No internet service,No,Month-to-month,No,Credit card (automatic),23.3,964.58,No
CUST-6226,Female,0,Yes,Yes,11,Yes,No,Fiber optic,No internet service,No internet service,No internet service,No,Yes,No,Month-to-month,No,Mailed check,79.42,904.71,Yes
CUST-6227,Male,1,No,No,17,Yes,No phone service,DSL,No,No,No,No,No,No,Month-to-month,Yes,Credit card (automatic),33.59,690.05,No
CUST-6228,Female,0,Yes,No,65,Yes,No,No,Yes,No internet service,No,No,No internet service,Yes,Month-to-month,Yes,Mailed check,101.72,6618.59,Yes
CUST-6229,Female,0,No,No,16,Yes,No,DSL,Yes,No,No internet service,No,No,No,One year,Yes,Bank transfer (automatic),53.97,914.58,No
CUST-6230,Female,0,No,Yes,67,Yes,No,Fiber optic,No,No internet service,No internet service,No,Yes,No internet service,Month-to-month,Yes,Electronic check,46.55,3167.06,Yes
CUST-6231,Female,0,No,Yes,70,Yes,No,Fiber optic,No internet service,No internet service,No,No,No,No internet service,Month-to-month,No,Mailed check,102.76,7282.09,Yes
CUST-6232,Male,0,Yes,Yes,61,Yes,No,DSL,No,No internet service,Yes,Yes,Yes,No,Month-to-month,Yes,Electronic check,23.29,1448.72,Yes
CUST-6233,Female,0,No,No,40,No,No,DSL,No internet service,No,No,No,No,Yes,Month-to-month,No,Credit card (automatic),58.11,2282.18,No
CUST-6234,Male,0,Yes,No,33,Yes,Yes,DSL,Yes,No,Yes,No,No,No internet service,Month-to-month,No,Mailed check,55.44,1844.76,Yes
CUST-6235,Male,0,No,No,69,Yes,No phone service,Fiber optic,No,Yes,No internet service,Yes,No internet service,Yes,Month-to-month,No,Bank transfer (automatic),46.87,3246.59,No
CUST-6236,Female,0,Yes,Yes,44,No,No,Fiber optic,No,No,No,Yes,No,No,Two year,Yes,Bank transfer (automatic),109.88,4875.48,Yes
CUST-6237,Female,0,No,No,57,Yes,No,DSL,Yes,No internet service,No internet service,No,No,No,Month-to-month,Yes,Mailed check,93.72,5298.37,Yes
CUST-6238,Male,0,Yes,No,50,Yes,No,No,No,Yes,Yes,No internet service,Yes,No internet service,One year,Yes,Credit card (automatic),24.67,1296.82,Yes
CUST-6239,Male,0,No,Yes,33,Yes,Yes,Fiber optic,No,No internet service,No,No,Yes,No internet service,Two year,Yes,Bank transfer (automatic),90.08,2972.9,Yes
CUST-6240,Male,1,Yes,No,43,Yes,Yes,DSL,No,No,Yes,Yes,No,No,Month-to-month,Yes,Bank transfer (automatic),71.24,3105.29,Yes
CUST-6241,Female,0,Yes,Yes,14,Yes,No phone service,DSL,Yes,No,Yes,No internet service,No internet service,No,Two year,Yes,Credit card (automatic),108.79,1538.54,Yes
CUST-6242,Male,0,No,No,69,Yes,Yes,DSL,No,No,No,No,No,No internet service,Month-to-month,No,Credit card (automatic),49.7,3435.43,Yes
CUST-6243,Male,0,No,Yes,49,Yes,Yes,No,No internet service,No internet service,No,No internet service,Yes,No,Month-to-month,No,Mailed check,75.95,3733.24,Yes
CUST-6244,Male,1,Yes,No,31,Yes,No,DSL,No,No,No internet service,No internet service,Yes,Yes,Month-to-month,Yes,Mailed check,68.58,2159.58,Yes
CUST-6245,Male,0,No,No,66,Yes,No,Fiber optic,No internet service,No,No,No internet service,No,Yes,Month-to-month,Yes,Credit card (automatic),67.45,4549.63,Yes
CUST-6246,Male,0,Yes,No,2,Yes,No,No,No,No internet service,No internet service,No internet service,No,Yes,Month-to-month,No,Bank transfer (automatic),64.09,27.31,No
CUST-6247,Male,0,Yes,Yes,50,Yes,Yes,Fiber optic,No internet service,No internet service,No internet service,No,No,No internet service,Month-to-month,Yes,Mailed check,38.92,1973.0,Yes
CUST-6248,Female,0,Yes,No,66,No,Yes,Fiber optic,Yes,No,No internet service,No internet service,No internet service,No,One year,Yes,Credit card (automatic),94.2,6219.4,Yes
CUST-6249,Female,0,No,No,47,Yes,No,No,No internet service,No,No,No,No,Yes,Two year,No,Mailed check,63.61,2980.81,No
CUST-6250,Female,1,Yes,No,16,Yes,No,Fiber optic,Yes,No,No,No internet service,No,No internet service,Month-to-month,No,Electronic check,114.58,1715.12,No
CUST-6251,Female,1,No,No,6,Yes,No,DSL,No,Yes,No,Yes,No,No,Month-to-month,No,Credit card (automatic),44.46,295.77,No
CUST-6252,Female,0,Yes,No,12,Yes,Yes,Fiber optic,Yes,No,No,Yes,Yes,Yes,Month-to-month,No,Electronic check,86.87,1036.19,Yes
CUST-6253,Male,0,No,Yes,65,Yes,Yes,No,No,No,No,No,No,No,Month-to-month,No,Credit card (automatic),112.79,7289.63,Yes
CUST-6254,Female,0,No,Yes,3,Yes,Yes,Fiber optic,No,No,Yes,No,No internet service,No,Two year,Yes,Credit card (automatic),84.93,256.91,No
CUST-6255,Male,0,Yes,Yes,9,Yes,No phone service,Fiber optic,No internet service,No,No internet service,No,No,No internet service,Month-to-month,Yes,Mailed check,105.81,937.65,Yes
CUST-6256,Female,0,No,Yes,16,No,Yes,No,No,No,Yes,No internet service,No,Yes,Month-to-month,No,Credit card (automatic),101.41,1535.44,Yes
CUST-6257,Female,0,No,No,51,Yes,No,Fiber optic,No,No internet service,No internet service,Yes,No,No,One year,Yes,Mailed check,54.44,2780.85,Yes
CUST-6258,Female,0,No,Yes,5,Yes,No,DSL,No,No,Yes,Yes,No,No internet service,Two year,Yes,Mailed check,78.56,421.8,No
CUST-6259,Female,0,Yes,No,68,Yes,Yes,DSL,No,No,No internet service,No,No internet service,No,Month-to-month,Yes,Electronic check,33.95,2281.14,Yes
CUST-6260,Male,0,No,Yes,8,No,Yes,Fiber optic,No,No,No,No,Yes,No,One year,No,Electronic check,72.07,589.65,No
CUST-6261,Male,0,No,No,20,No,Yes,DSL,Yes,No,No,No,Yes,No,Month-to-month,Yes,Mailed check,41.41,833.61,No
CUST-6262,Female,0,Yes,Yes,23,Yes,Yes,No,No,Yes,Yes,No,Yes,No internet service,Month-to-month,Yes,Credit card (automatic),93.0,2191.27,Yes
CUST-6263,Male,0,No,No,3,Yes,No,Fiber optic,No,No,No,Yes,No internet service,No,Month-to-month,Yes,Mailed check,71.32,208.78,No
CUST-6264,Female,0,No,No,23,No,No,Fiber optic,No,No,No,No,Yes,No internet service,Month-to-month,Yes,Credit card (automatic),59.58,1410.39,Yes
CUST-6265,Male,0,No,Yes,58,Yes,Yes,Fiber optic,No,Yes,No,No,No,No,Two year,Yes,Electronic check,45.26,2609.41,No
CUST-6266,Female,0,Yes,No,2,Yes,Yes,Fiber optic,No,No internet service,Yes,No,No internet service,No internet service,Month-to-month,Yes,Electronic check,118.62,335.61,No
CUST-6267,Male,0,No,No,67,Yes,Yes,Fiber optic,No,No,No,No,No internet service,Yes,Month-to-month,Yes,Mailed check,25.46,1683.98,Yes
CUST-6268,Male,0,Yes,Yes,39,Yes,Yes,DSL,No internet service,No,No,Yes,Yes,No,Month-to-month,Yes,Credit card (automatic),22.63,848.32,Yes
CUST-6269,Female,1,Yes,No,47,No,Yes,Fiber optic,No internet service,No,Yes,Yes,No,No,Month-to-month,Yes,Bank transfer (automatic),40.08,1878.74,Yes
CUST-6270,Female,0,No,No,53,Yes,No,No,No,No,No,Yes,No,No,One year,No,Bank transfer (automatic),115.84,6103.12,No
CUST-6271,Male,0,Yes,No,34,Yes,Yes,Fiber optic,No internet service,No,No internet service,No,No,Yes,Month-to-month,Yes,Bank transfer (automatic),116.66,3904.01,Yes
CUST-6272,Male,0,No,No,55,Yes,Yes,Fiber optic,No internet service,No,No internet service,No,No internet service,No internet service,Month-to-month,No,Electronic check,84.07,4660.23,Yes
CUST-6273,Female,0,No,No,39,Yes,No phone service,DSL,Yes,No,No internet service,No internet service,No,No,One year,No,Credit card (automatic),106.7,4008.17,No
CUST-6274,Female,0,Yes,No,67,Yes,No,No,No,No internet service,Yes,No internet service,No internet service,No internet service,Month-to-month,No,Mailed check,39.75,2627.37,Yes
CUST-6275,Female,0,No,Yes,45,Yes,No,No,No internet service,No internet service,No,No,No internet service,No internet service,Month-to-month,No,Electronic check,115.94,5150.21,Yes
CUST-6276,Female,1,No,No,12,Yes,Yes,Fiber optic,Yes,Yes,Yes,No,No,No,Month-to-month,No,Electronic check,32.6,398.31,No
CUST-6277,Male,0,Yes,No,26,Yes,Yes,Fiber optic,Yes,Yes,Yes,No internet service,Yes,No,Month-to-month,Yes,Credit card (automatic),28.41,629.2,Yes
CUST-6278,Male,1,Yes,Yes,5,Yes,No,Fiber optic,No,No,No internet service,No,No internet service,Yes,Month-to-month,No,Mailed check,29.53,175.04,Yes
CUST-6279,Female,0,Yes,Yes,16,Yes,Yes,Fiber optic,Yes,No,No,No internet service,No,No,Month-to-month,No,Bank transfer (automatic),75.85,1246.4,No
CUST-6280,Male,0,Yes,No,35,Yes,Yes,No,No,No internet service,No internet service,No,Yes,No internet service,Two year,Yes,Credit card (automatic),96.74,3304.27,No
CUST-6281,Female,0,No,No,1,Yes,Yes,DSL,No,Yes,No,No,Yes,No internet service,One year,Yes,Electronic check,55.1,64.63,Yes
CUST-6282,Male,0,Yes,No,51,Yes,No phone service,Fiber optic,No internet service,No internet service,Yes,No,No,No,One year,Yes,Credit card (automatic),116.53,5968.83,Yes
CUST-6283,Male,0,No,No,65,Yes,Yes,DSL,Yes,Yes,Yes,Yes,No,No,Two year,Yes,Credit card (automatic),61.91,4071.17,No
CUST-6284,Male,0,No,Yes,51,Yes,No,DSL,No,No,Yes,No internet service,No,Yes,Month-to-month,No,Electronic check,33.37,1628.42,Yes
CUST-6285,Male,0,No,No,42,Yes,No,Fiber optic,No internet service,No,No,No,No,No,Two year,No,Electronic check,65.08,2652.88,No
CUST-6286,Female,0,Yes,No,21,Yes,No,DSL,Yes,No internet service,No,Yes,Yes,No,Month-to-month,No,Credit card (automatic),86.49,1891.42,No
CUST-6287,Female,1,Yes,No,54,Yes,Yes,Fiber optic,Yes,No,No,Yes,Yes,No,Month-to-month,Yes,Mailed check,101.89,5460.97,Yes
CUST-6288,Male,0,No,Yes,66,Yes,Yes,DSL,No internet service,No,No,No,No,Yes,Month-to-month,Yes,Credit card (automatic),64.36,4221.39,No
CUST-6289,Male,0,No,No,59,Yes,Yes,Fiber optic,Yes,Yes,No,No internet service,No,No,Month-to-month,No,Electronic check,77.91,4628.34,Yes
CUST-6290,Female,1,Yes,No,57,Yes,Yes,DSL,No,No,No,No internet service,No,No internet service,Two year,No,Mailed check,45.12,2513.38,Yes
CUST-6291,Female,0,No,Yes,11,Yes,No,Fiber optic,No,No,No,No,Yes,No,Month-to-month,Yes,Mailed check,83.16,901.47,Yes
CUST-6292,Female,0,Yes,Yes,68,Yes,No,Fiber optic,No,No,No,No,Yes,No,Month-to-month,Yes,Bank transfer (automatic),117.34,8023.71,Yes
CUST-6293,Male,0,Yes,No,38,Yes,No,No,No,Yes,No,No internet service,No,Yes,Month-to-month,Yes,Mailed check,23.18,809.78,Yes
CUST-6294,Female,0,Yes,Yes,12,Yes,Yes,No,No,No,No internet service,No,No internet service,No,Month-to-month,No,Electronic check,107.35,1263.2,Yes
CUST-6295,Female,1,Yes,No,40,Yes,Yes,DSL,No internet service,Yes,No internet service,No internet service,No,No internet service,Month-to-month,Yes,Mailed check,74.76,2934.06,Yes
CUST-6296,Female,0,No,Yes,56,Yes,Yes,DSL,No,No internet service,No,No,No internet service,No,Month-to-month,Yes,Mailed check,43.59,2402.34,Yes
CUST-6297,Male,1,Yes,No,52,Yes,No,Fiber optic,Yes,No,No,No internet service,No,No,Month-to-month,Yes,Mailed check,114.22,5998.72,Yes
CUST-6298,Male,0,No,No,11,Yes,No,Fiber optic,No internet service,No internet service,Yes,Yes,Yes,No internet service,Two year,Yes,Credit card (automatic),66.83,805.38,No
CUST-6299,Female,1,Yes,No,12,Yes,No,DSL,No internet service,No,No,No internet service,No,No,Month-to-month,No,Electronic check,51.58,631.85,Yes
CUST-6300,Female,0,No,No,56,Yes,Yes,DSL,Yes,No,No,No,No internet service,No internet service,Month-to-month,No,Electronic check,36.49,2070.05,Yes
CUST-6301,Male,1,No,No,39,Yes,Yes,Fiber optic,Yes,Yes,Yes,No,No,No,One year,No,Credit card (automatic),42.82,1695.22,Yes
CUST-6302,Male,0,No,No,44,Yes,Yes,No,No internet service,No,Yes,No,No,Yes,Two year,Yes,Credit card (automatic),101.95,4452.18,No
CUST-6303,Male,0,No,No,34,Yes,No,No,Yes,No,Yes,Yes,No,No,Month-to-month,Yes,Credit card (automatic),80.0,2731.91,Yes
CUST-6304,Female,0,No,No,2,Yes,No,DSL,No,Yes,No,No,No,No,Month-to-month,Yes,Electronic check,110.03,155.29,No
CUST-6305,Female,0,No,Yes,4,Yes,No phone service,Fiber optic,Yes,No,No internet service,Yes,No,No,Two year,Yes,Electronic check,41.56,118.31,No
CUST-6306,Male,0,Yes,No,10,Yes,Yes,DSL,No,No,Yes,No,No,No,Month-to-month,Yes,Electronic check,30.42,299.86,No
CUST-6307,Female,0,No,No,70,Yes,No,Fiber optic,Yes,No,No internet service,No internet service,No,No internet service,Month-to-month,Yes,Credit card (automatic),18.86,1267.15,Yes
CUST-6308,Male,1,Yes,No,55,Yes,Yes,Fiber optic,No internet service,No internet service,No,No internet service,No,Yes,Month-to-month,No,Bank transfer (automatic),69.29,3747.31,Yes
CUST-6309,Male,0,Yes,Yes,9,Yes,No,No,Yes,Yes,No,Yes,Yes,No,Two year,Yes,Credit card (automatic),118.58,1031.63,Yes
CUST-6310,Male,0,Yes,No,33,Yes,No,Fiber optic,No,No internet service,No,No,No internet service,Yes,Two year,Yes,Bank transfer (automatic),88.09,2964.29,No
CUST-6311,Female,0,No,Yes,66,Yes,Yes,DSL,Yes,No,No internet service,Yes,No,No,Two year,Yes,Electronic check,49.24,3327.7,Yes
CUST-6312,Female,0,Yes,No,71,Yes,No,Fiber optic,No,No internet service,No,Yes,No,No,Month-to-month,Yes,Electronic check,106.37,7550.64,Yes
CUST-6313,Female,0,No,No,30,Yes,No,No,No internet service,No,Yes,Yes,No,Yes,Month-to-month,Yes,Bank transfer (automatic),96.81,2933.41,Yes
CUST-6314,Male,0,Yes,Yes,70,Yes,No,DSL,Yes,No internet service,No,No,Yes,No,Month-to-month,Yes,Mailed check,19.8,1357.83,Yes
CUST-6315,Male,0,Yes,Yes,65,Yes,No,DSL,No,No internet service,No internet service,Yes,No internet service,No,Two year,No,Electronic check,100.34,6418.82,No
CUST-6316,Female,1,Yes,No,69,No,No,Fiber optic,Yes,No,Yes,No internet service,No,No,Two year,Yes,Electronic check,48.45,3298.37,Yes
CUST-6317,Male,0,No,Yes,40,Yes,No,Fiber optic,Yes,No,No,Yes,Yes,No,Month-to-month,No,Electronic check,33.29,1316.18,Yes
CUST-6318,Male,0,No,No,62,Yes,No,No,No,No,No,No internet service,No internet service,No,One year,Yes,Bank transfer (automatic),41.0,2549.05,No
CUST-6319,Female,0,No,Yes,31,Yes,No,Fiber optic,No internet service,Yes,No,No internet service,No internet service,Yes,Month-to-month,No,Credit card (automatic),65.34,2020.49,Yes
CUST-6320,Male,0,Yes,Yes,19,Yes,Yes,Fiber optic,No,No,No,No internet service,No,No,Month-to-month,Yes,Bank transfer (automatic),60.95,1143.97,Yes
CUST-6321,Female,0,No,Yes,56,Yes,Yes,Fiber optic,No,No,Yes,No internet service,No internet service,No,One year,Yes,Electronic check,47.28,2618.95,Yes
CUST-6322,Female,1,No,Yes,49,Yes,No,No,Yes,No,Yes,No,No,No,Month-to-month,Yes,Credit card (automatic),35.56,1759.63,Yes
CUST-6323,Female,0,Yes,No,24,Yes,Yes,Fiber optic,No,Yes,No,No internet service,No internet service,Yes,Month-to-month,No,Electronic check,94.85,2208.21,Yes
CUST-6324,Male,0,No,Yes,11,Yes,Yes,No,No,No,No internet service,No internet service,No internet service,No internet service,Month-to-month,Yes,Bank transfer (automatic),117.76,1335.46,Yes
CUST-6325,Female,0,Yes,No,70,Yes,No,DSL,No,No,No,No,Yes,Yes,Two year,Yes,Mailed check,96.42,6720.08,No
CUST-6326,Female,0,Yes,Yes,38,Yes,No,No,No,No internet service,No internet service,No,No internet service,Yes,Two year,Yes,Electronic check,47.99,1926.97,No
CUST-6327,Male,0,Yes,No,16,Yes,No,Fiber optic,No,No,No,No,Yes,No,Two year,No,Bank transfer (automatic),42.85,669.83,No
CUST-6328,Female,0,No,Yes,44,Yes,No,DSL,No internet service,No,No,No,No,No,One year,Yes,Bank transfer (automatic),40.13,1741.71,Yes
CUST-6329,Female,1,No,No,10,Yes,Yes,DSL,No internet service,Yes,No,No internet service,No internet service,Yes,Month-to-month,No,Mailed check,31.99,291.77,Yes
CUST-6330,Male,0,No,Yes,69,Yes,No,Fiber optic,No,No,No,Yes,No,Yes,Month-to-month,Yes,Credit card (automatic),73.66,5059.03,Yes
CUST-6331,Male,0,Yes,Yes,22,Yes,Yes,Fiber optic,No internet service,No,Yes,No internet service,No,No internet service,Two year,No,Electronic check,79.09,1770.34,No
CUST-6332,Female,0,No,Yes,69,Yes,Yes,No,No internet service,No,Yes,No internet service,No,No,One year,No,Electronic check,89.15,6149.24,Yes
CUST-6333,Female,0,Yes,Yes,37,No,No,Fiber optic,Yes,No,No,No internet service,No,No internet service,One year,Yes,Bank transfer (automatic),86.61,3253.92,Yes
CUST-6334,Male,0,Yes,No,1,Yes,No phone service,DSL,No internet service,No,No internet service,No,No,No,One year,Yes,Mailed check,47.63,70.85,No
CUST-6335,Female,0,No,Yes,71,Yes,Yes,Fiber optic,No,No,No internet service,Yes,No internet service,No internet service,Two year,Yes,Electronic check,51.45,3654.52,Yes
CUST-6336,Male,1,No,Yes,36,Yes,Yes,DSL,No internet service,No internet service,Yes,No internet service,No internet service,No,Month-to-month,Yes,Electronic check,86.74,3141.29,Yes
CUST-6337,Male,0,No,Yes,48,Yes,Yes,Fiber optic,No,Yes,No,No,Yes,Yes,Month-to-month,Yes,Bank transfer (automatic),53.37,2621.58,Yes
CUST-6338,Female,0,Yes,No,51,Yes,No,Fiber optic,No internet service,No,No,Yes,Yes,No internet service,One year,Yes,Bank transfer (automatic),39.62,2053.45,Yes
CUST-6339,Female,1,No,No,32,No,Yes,No,Yes,No,No,No,Yes,No,Two year,No,Credit card (automatic),55.87,1801.87,No
CUST-6340,Female,1,Yes,No,21,Yes,Yes,Fiber optic,No internet service,No internet service,No,Yes,No,No,One year,Yes,Electronic check,45.59,978.53,No
CUST-6341,Male,1,No,No,4,Yes,No,No,No,No,Yes,No internet service,No,No,Month-to-month,Yes,Electronic check,27.13,50.89,No
CUST-6342,Female,0,Yes,No,17,Yes,No,No,No,No internet service,No,No,No internet service,Yes,Month-to-month,Yes,Bank transfer (automatic),101.68,1857.14,Yes
CUST-6343,Male,0,Yes,No,37,Yes,Yes,Fiber optic,No,No,Yes,No internet service,No,No internet service,One year,No,Electronic check,103.99,3874.04,No
CUST-6344,Female,0,No,No,36,Yes,Yes,Fiber optic,No,No internet service,No internet service,No,No internet service,No,One year,No,Electronic check,40.33,1483.28,No
CUST-6345,Male,1,Yes,Yes,63,Yes,No,Fiber optic,No internet service,Yes,Yes,No,Yes,No,One year,No,Credit card (automatic),24.76,1558.45,No
CUST-6346,Male,0,No,Yes,9,Yes,Yes,DSL,Yes,No,No,No,No internet service,No internet service,Month-to-month,No,Mailed check,92.5,717.62,Yes
CUST-6347,Male,0,Yes,No,41,Yes,Yes,No,No,Yes,No,No internet service,No,No,Two year,Yes,Mailed check,39.51,1606.64,No
CUST-6348,Male,1,Yes,Yes,47,Yes,Yes,Fiber optic,No,No,No,Yes,No internet service,No,One year,Yes,Electronic check,57.79,2719.93,Yes
CUST-6349,Male,0,No,No,43,Yes,No,DSL,No,No,No,No,No,No internet service,Two year,No,Electronic check,24.7,1020.96,No
CUST-6350,Male,0,Yes,Yes,15,Yes,No phone service,No,No,No,No,Yes,No,No,Month-to-month,No,Credit card (automatic),40.99,573.27,No
CUST-6351,Female,0,No,Yes,53,Yes,No,DSL,Yes,Yes,No,No internet service,No internet service,Yes,Month-to-month,No,Electronic check,97.94,5173.86,Yes
CUST-6352,Male,0,No,Yes,34,Yes,Yes,No,No,No internet service,No internet service,No,Yes,Yes,Two year,Yes,Bank transfer (automatic),99.09,3407.64,No
CUST-6353,Male,0,Yes,No,27,Yes,Yes,DSL,No internet service,No,No internet service,Yes,Yes,No,Month-to-month,No,Mailed check,39.06,1117.41,Yes
CUST-6354,Female,0,No,No,1,Yes,No,Fiber optic,No,No internet service,No internet service,No,No,No,Month-to-month,Yes,Mailed check,52.01,60.56,No
CUST-6355,Female,0,No,No,12,Yes,No,Fiber optic,No internet service,Yes,No internet service,Yes,No,No,Month-to-month,No,Electronic check,31.74,352.51,Yes
CUST-6356,Male,0,Yes,No,40,Yes,Yes,Fiber optic,No,No,No internet service,No,Yes,No,One year,Yes,Electronic check,25.7,1009.88,Yes
CUST-6357,Male,1,No,No,58,Yes,Yes,DSL,No,No internet service,No internet service,No,No internet service,No,Month-to-month,No,Mailed check,117.96,6846.66,Yes
CUST-6358,Male,1,No,Yes,68,Yes,No,DSL,Yes,Yes,No,Yes,Yes,No internet service,Month-to-month,No,Credit card (automatic),84.14,5732.42,Yes
CUST-6359,Female,0,Yes,Yes,52,Yes,No,DSL,Yes,No,Yes,No,No,No,Two year,No,Credit card (automatic),72.73,3803.71,Yes
CUST-6360,Male,0,Yes,Yes,44,Yes,Yes,No,No,No,No,No,No,Yes,One year,Yes,Mailed check,95.18,4165.95,Yes
CUST-6361,Male,0,No,Yes,19,No,No,DSL,No,Yes,Yes,No internet service,Yes,Yes,Month-to-month,No,Bank transfer (automatic),102.68,1977.38,No
CUST-6362,Male,0,No,Yes,23,Yes,Yes,Fiber optic,No,No internet service,Yes,No,No,No,Month-to-month,No,Bank transfer (automatic),99.32,2306.87,No
CUST-6363,Male,0,No,No,60,Yes,Yes,No,No,No internet service,Yes,No,No internet service,No,Two year,Yes,Credit card (automatic),19.91,1174.85,Yes
CUST-6364,Female,0,No,No,57,Yes,No,No,Yes,Yes,No internet service,Yes,No internet service,Yes,Month-to-month,Yes,Bank transfer (automatic),37.02,2024.17,Yes
CUST-6365,Female,0,Yes,No,26,Yes,Yes,DSL,No,Yes,No,No,No,No internet service,One year,Yes,Credit card (automatic),84.07,2141.57,No
CUST-6366,Male,0,No,No,25,Yes,Yes,No,Yes,No,No,No,No,Yes,Month-to-month,Yes,Bank transfer (automatic),56.01,1478.63,Yes
CUST-6367,Female,0,Yes,Yes,6,Yes,No,DSL,No internet service,Yes,Yes,No,No internet service,No internet service,Two year,No,Electronic check,116.99,617.26,No
CUST-6368,Male,0,Yes,Yes,41,Yes,No,Fiber optic,No,No,No,No,No internet service,Yes,One year,No,Mailed check,85.12,3555.8,Yes
CUST-6369,Male,0,Yes,Yes,46,Yes,Yes,Fiber optic,No,Yes,No internet service,No,No,No,One year,No,Electronic check,114.38,5175.05,Yes
CUST-6370,Female,1,No,No,52,Yes,No,DSL,Yes,No internet service,No,No,No,No,Month-to-month,Yes,Bank transfer (automatic),38.5,1963.34,Yes
CUST-6371,Male,0,Yes,No,58,Yes,No,DSL,No internet service,No,Yes,No,No,No internet service,Two year,Yes,Mailed check,105.08,6075.9,Yes
CUST-6372,Female,0,Yes,No,37,Yes,No,Fiber optic,Yes,No,No,No internet service,No,Yes,Month-to-month,No,Credit card (automatic),50.55,1959.47,No
CUST-6373,Female,0,Yes,No,68,Yes,Yes,Fiber optic,Yes,No,No internet service,No internet service,No internet service,Yes,Two year,No,Mailed check,117.7,8004.91,No
CUST-6374,Male,0,Yes,No,52,Yes,Yes,No,No,Yes,Yes,No,No,No internet service,Month-to-month,Yes,Mailed check,34.1,1762.5,No
CUST-6375,Female,0,No,No,14,Yes,No,Fiber optic,No,No internet service,No,Yes,No,No,One year,Yes,Bank transfer (automatic),70.14,935.19,No
CUST-6376,Female,0,Yes,Yes,25,Yes,No phone service,No,Yes,No,No,No internet service,No,No,Month-to-month,No,Bank transfer (automatic),97.93,2474.35,Yes
CUST-6377,Female,1,No,No,47,Yes,No,Fiber optic,No internet service,No,No,No,No,No,One year,Yes,Credit card (automatic),61.73,2875.67,No
CUST-6378,Female,0,No,Yes,18,Yes,No phone service,No,Yes,No,No,Yes,Yes,Yes,Month-to-month,Yes,Electronic check,65.29,1163.77,Yes
CUST-6379,Male,0,No,No,8,No,Yes,Fiber optic,Yes,No,No internet service,No,No,Yes,Month-to-month,Yes,Electronic check,117.38,921.12,No
CUST-6380,Male,0,No,No,63,Yes,Yes,No,Yes,No,No,No,No,Yes,Month-to-month,Yes,Mailed check,60.99,3878.36,Yes
CUST-6381,Female,0,No,No,53,Yes,No,DSL,No internet service,Yes,No internet service,No internet service,Yes,No,Month-to-month,Yes,Credit card (automatic),78.96,4222.97,Yes
CUST-6382,Female,0,No,No,50,Yes,No phone service,Fiber optic,No,Yes,Yes,Yes,No internet service,No internet service,Month-to-month,Yes,Bank transfer (automatic),23.73,1141.98,Yes
CUST-6383,Female,0,No,Yes,38,Yes,No,DSL,No,No,No internet service,Yes,No internet service,No internet service,Month-to-month,Yes,Mailed check,102.89,3878.46,Yes
CUST-6384,Female,1,No,No,3,No,No,DSL,No,No internet service,No,No internet service,No,Yes,Two year,No,Electronic check,83.39,213.88,No
CUST-6385,Female,0,Yes,No,2,No,No,Fiber optic,No,Yes,No,No,Yes,No,Month-to-month,No,Credit card (automatic),58.85,126.87,No
CUST-6386,Female,0,Yes,No,63,Yes,Yes,Fiber optic,Yes,No internet service,Yes,No,No internet service,No,One year,Yes,Mailed check,19.88,1297.77,No
CUST-6387,Female,0,Yes,No,28,Yes,Yes,DSL,No internet service,No internet service,Yes,Yes,No internet service,Yes,Month-to-month,Yes,Electronic check,77.71,2185.71,Yes
CUST-6388,Male,0,Yes,Yes,10,Yes,No phone service,Fiber optic,No,No internet service,No internet service,Yes,No internet service,No,One year,No,Credit card (automatic),19.52,85.67,No
CUST-6389,Male,0,No,Yes,57,Yes,Yes,Fiber optic,No,No internet service,No,No,No,No,Month-to-month,Yes,Electronic check,18.37,1085.08,Yes
CUST-6390,Male,0,Yes,No,26,Yes,Yes,DSL,No internet service,Yes,No,No,Yes,No internet service,Two year,Yes,Credit card (automatic),80.17,2016.97,No
CUST-6391,Male,1,Yes,No,20,Yes,No,Fiber optic,No,No internet service,No internet service,Yes,Yes,Yes,Two year,No,Mailed check,37.25,709.24,No
CUST-6392,Male,1,No,No,38,Yes,No,Fiber optic,Yes,No,No,Yes,No,No,Month-to-month,Yes,Credit card (automatic),37.53,1436.06,Yes
CUST-6393,Female,0,Yes,Yes,45,Yes,No,DSL,Yes,No internet service,Yes,Yes,No,Yes,Two year,No,Electronic check,83.9,3771.31,No
CUST-6394,Female,1,Yes,No,65,No,No phone service,Fiber optic,Yes,No,No,No,Yes,No,Month-to-month,Yes,Bank transfer (automatic),23.65,1580.89,Yes
CUST-6395,Female,0,Yes,Yes,35,Yes,Yes,Fiber optic,No internet service,Yes,No,No,No,No internet service,One year,Yes,Bank transfer (automatic),49.75,1710.71,Yes
CUST-6396,Male,0,Yes,No,64,Yes,No,No,Yes,No internet service,No,No,No,No,Month-to-month,Yes,Electronic check,33.27,2080.95,No
CUST-6397,Male,0,No,No,62,Yes,Yes,DSL,Yes,No,No internet service,No internet service,No,No,Month-to-month,Yes,Electronic check,76.56,4731.14,Yes
CUST-6398,Female,0,No,No,34,Yes,Yes,No,No,No internet service,Yes,Yes,Yes,No,Month-to-month,Yes,Electronic check,84.76,2930.69,Yes
CUST-6399,Female,0,No,No,30,Yes,Yes,DSL,Yes,No internet service,No,No internet service,No,No,One year,Yes,Mailed check,90.72,2753.08,Yes
CUST-6400,Male,0,No,No,27,Yes,No phone service,Fiber optic,No,No,No internet service,No,Yes,No,Month-to-month,Yes,Mailed check,43.9,1189.66,Yes
CUST-6401,Male,0,No,No,0,Yes,No phone service,DSL,Yes,No,No,No,No,Yes,One year,No,Electronic check,27.22, ,No
CUST-6402,Female,0,Yes,No,24,Yes,No,No,No internet service,No,No internet service,Yes,Yes,No,Month-to-month,Yes,Bank transfer (automatic),26.16,685.08,No
CUST-6403,Female,0,Yes,No,42,Yes,No,Fiber optic,Yes,No internet service,No,No,No,Yes,Month-to-month,No,Electronic check,61.08,2604.78,Yes
CUST-6404,Female,0,Yes,No,66,Yes,Yes,DSL,Yes,No,No,Yes,Yes,No internet service,One year,No,Bank transfer (automatic),113.31,7419.56,Yes
CUST-6405,Male,0,No,No,62,Yes,Yes,DSL,No,No internet service,No,Yes,No,No,Two year,No,Credit card (automatic),40.13,2527.22,No
CUST-6406,Female,0,Yes,Yes,50,Yes,No,DSL,Yes,No,No,No internet service,Yes,No,Two year,Yes,Credit card (automatic),44.05,2192.38,No
CUST-6407,Female,0,Yes,No,1,No,No,DSL,Yes,Yes,Yes,No internet service,No,No,One year,No,Credit card (automatic),28.39,8.64,No
CUST-6408,Male,0,No,No,63,Yes,No phone service,Fiber optic,Yes,No,No internet service,Yes,No,Yes,One year,Yes,Electronic check,79.11,4949.8,Yes
CUST-6409,Male,0,Yes,No,68,Yes,No,Fiber optic,No,Yes,No,No,No,No,One year,Yes,Mailed check,86.58,5878.85,Yes
CUST-6410,Female,0,Yes,No,8,Yes,No,No,No,No,No internet service,Yes,No,No internet service,Month-to-month,Yes,Mailed check,82.86,631.59,No
CUST-6411,Male,0,No,No,1,Yes,No,No,No,No,No internet service,Yes,No internet service,No internet service,Month-to-month,Yes,Electronic check,104.79,113.28,No
CUST-6412,Female,0,No,No,33,Yes,Yes,Fiber optic,No,No internet service,No,No,Yes,Yes,Month-to-month,No,Mailed check,67.14,2206.97,Yes
CUST-6413,Male,0,No,No,59,Yes,No,DSL,No,No,No,No,No,No,Month-to-month,Yes,Mailed check,31.76,1884.87,Yes
CUST-6414,Female,0,No,Yes,60,Yes,Yes,Fiber optic,No,No internet service,No internet service,No,No,Yes,Month-to-month,Yes,Bank transfer (automatic),47.34,2868.06,Yes
CUST-6415,Female,0,Yes,Yes,30,Yes,Yes,Fiber optic,Yes,No,No,Yes,No,No,Two year,Yes,Bank transfer (automatic),84.82,2529.88,No
CUST-6416,Male,0,No,No,9,Yes,No,Fiber optic,Yes,No,Yes,No,No,No,Month-to-month,No,Mailed check,79.87,681.97,Yes
CUST-6417,Female,0,Yes,No,35,Yes,Yes,Fiber optic,No,No,No,Yes,No,Yes,One year,No,Mailed check,71.62,2406.38,No
CUST-6418,Female,0,Yes,No,48,Yes,No,No,No,No,Yes,No internet service,No,No,One year,Yes,Mailed check,86.89,4209.25,Yes
CUST-6419,Male,0,Yes,Yes,69,Yes,Yes,No,No internet service,No,No internet service,No internet service,No,No,Month-to-month,Yes,Credit card (automatic),82.31,5683.33,Yes
CUST-6420,Male,0,Yes,No,48,Yes,Yes,DSL,No,Yes,No,No internet service,No internet service,No,Month-to-month,Yes,Mailed check,106.82,5118.55,Yes
CUST-6421,Male,1,Yes,No,2,Yes,No,DSL,No internet service,No,Yes,No internet service,Yes,Yes,Month-to-month,No,Credit card (automatic),77.14,212.88,Yes
CUST-6422,Male,0,Yes,No,4,Yes,No,No,No,No,No,No,No,No,One year,Yes,Electronic check,96.5,321.57,No
CUST-6423,Male,0,No,No,60,Yes,Yes,No,No,No,No,Yes,No,No,Two year,Yes,Bank transfer (automatic),43.25,2597.81,Yes
CUST-6424,Male,0,Yes,No,25,No,Yes,DSL,No,No,No,No,No,No internet service,Month-to-month,No,Electronic check,86.41,2112.05,Yes
CUST-6425,Male,0,Yes,No,71,No,No,Fiber optic,Yes,No,No,No internet service,Yes,No,Two year,No,Electronic check,108.92,7766.12,Yes
CUST-6426,Male,0,No,No,4,Yes,No,Fiber optic,No,No,No,No,No,No,Month-to-month,Yes,Credit card (automatic),57.02,116.77,No
CUST-6427,Female,0,No,Yes,14,Yes,No,Fiber optic,No,No internet service,No,No,Yes,Yes,One year,Yes,Electronic check,96.55,1391.9,Yes
CUST-6428,Female,0,No,Yes,15,Yes,Yes,DSL,No,No internet service,No,No,No internet service,Yes,One year,No,Electronic check,91.09,1404.48,No
CUST-6429,Male,1,Yes,No,0,Yes,No,No,No,No,No internet service,No,No,No,Month-to-month,Yes,Electronic check,24.23, ,No
CUST-6430,Male,0,Yes,Yes,15,Yes,Yes,Fiber optic,No,No internet service,No,No,No,Yes,Month-to-month,Yes,Electronic check,76.69,1153.67,Yes
CUST-6431,Female,0,Yes,No,36,Yes,No,DSL,No internet service,No,No,No,Yes,No,Month-to-month,Yes,Mailed check,31.33,1082.8,Yes
CUST-6432,Male,0,Yes,No,2,Yes,No,Fiber optic,No,No,No,Yes,No,Yes,Month-to-month,Yes,Electronic check,115.47,252.32,No
CUST-6433,Female,0,No,No,51,Yes,Yes,Fiber optic,No,No,No,No,No internet service,Yes,One year,Yes,Credit card (automatic),99.8,5130.81,Yes
CUST-6434,Female,0,Yes,Yes,46,Yes,Yes,No,Yes,No,Yes,No,No internet service,No internet service,Month-to-month,Yes,Electronic check,29.28,1296.63,No
CUST-6435,Male,0,Yes,No,12,Yes,Yes,DSL,No,No,No,No internet service,No internet service,No internet service,One year,No,Mailed check,30.49,301.04,No
CUST-6436,Female,0,Yes,Yes,54,Yes,No,No,No,Yes,Yes,No,No,No,Month-to-month,Yes,Bank transfer (automatic),77.99,4266.28,No
CUST-6437,Female,0,Yes,Yes,20,Yes,Yes,DSL,No,No internet service,Yes,No internet service,No,No internet service,Two year,Yes,Bank transfer (automatic),52.91,1155.26,No
CUST-6438,Male,1,No,No,65,Yes,No,Fiber optic,No,Yes,Yes,No internet service,No,No internet service,Two year,Yes,Bank transfer (automatic),21.76,1439.12,No
CUST-6439,Female,0,No,No,53,Yes,Yes,Fiber optic,No internet service,No,No,No,Yes,No,Two year,No,Credit card (automatic),72.68,3880.46,No
CUST-6440,Female,1,No,Yes,26,No,No,Fiber optic,No,No,No internet service,No,Yes,Yes,Month-to-month,No,Credit card (automatic),57.23,1471.38,No
CUST-6441,Female,0,Yes,Yes,37,Yes,No phone service,Fiber optic,No internet service,No internet service,No,No internet service,No,No,Month-to-month,Yes,Bank transfer (automatic),28.41,1060.17,No
CUST-6442,Female,0,No,Yes,57,Yes,No,No,No,No,No internet service,No,No,No,Two year,Yes,Bank transfer (automatic),98.84,5651.42,No
CUST-6443,Female,0,Yes,Yes,61,Yes,Yes,Fiber optic,Yes,No,No,No,No,No,Month-to-month,No,Mailed check,110.22,6714.29,Yes
CUST-6444,Male,0,No,No,45,Yes,Yes,Fiber optic,Yes,No,No internet service,No,No,Yes,Month-to-month,Yes,Mailed check,94.29,4310.54,Yes
CUST-6445,Male,0,No,No,10,Yes,No,DSL,Yes,No internet service,No,No,No internet service,No internet service,Month-to-month,No,Credit card (automatic),100.9,1017.84,No
CUST-6446,Female,1,Yes,No,71,No,Yes,DSL,No,No,No internet service,Yes,No internet service,No,One year,Yes,Bank transfer (automatic),40.01,2855.99,Yes
CUST-6447,Female,0,No,No,7,Yes,No,DSL,No internet service,Yes,No internet service,Yes,Yes,No,One year,No,Bank transfer (automatic),44.74,305.08,No
CUST-6448,Male,0,No,No,70,No,No,No,No,No,No,No,No,No,One year,No,Electronic check,39.21,2741.68,Yes
CUST-6449,Male,0,Yes,No,63,Yes,Yes,Fiber optic,No internet service,No,Yes,Yes,No,No internet service,Month-to-month,Yes,Mailed check,95.14,6054.76,Yes
CUST-6450,Male,0,No,Yes,20,Yes,Yes,No,No,No internet service,No internet service,Yes,No,No,Month-to-month,Yes,Electronic check,113.52,2277.7,Yes
CUST-6451,Female,0,Yes,No,71,Yes,No,DSL,Yes,Yes,No,No,No internet service,No,Two year,No,Mailed check,90.29,6419.05,No
CUST-6452,Male,0,No,No,62,Yes,No,Fiber optic,Yes,No,No internet service,No,Yes,No,Month-to-month,No,Mailed check,106.84,6633.19,Yes
CUST-6453,Male,0,No,No,63,Yes,No,DSL,Yes,No,No internet service,No,Yes,No internet service,Month-to-month,Yes,Credit card (automatic),82.44,5175.49,Yes
CUST-6454,Male,0,Yes,No,19,Yes,Yes,No,No internet service,No,No,Yes,No,No,One year,Yes,Mailed check,57.21,1016.59,No
CUST-6455,Female,0,No,Yes,7,No,No,Fiber optic,Yes,No,No internet service,Yes,No,No internet service,Month-to-month,No,Credit card (automatic),61.04,505.91,No
CUST-6456,Female,0,Yes,No,57,Yes,No,DSL,No,Yes,No,No,No,No internet service,Month-to-month,No,Bank transfer (automatic),25.82,1525.15,Yes
CUST-6457,Male,0,No,No,45,Yes,No,Fiber optic,Yes,No,No,No,No,No,Month-to-month,Yes,Electronic check,21.41,1025.9,Yes
CUST-6458,Female,0,Yes,No,30,Yes,Yes,DSL,No,No,No,No,No,Yes,Month-to-month,Yes,Electronic check,88.15,2590.87,Yes
CUST-6459,Male,0,Yes,Yes,8,Yes,No,Fiber optic,Yes,No,Yes,Yes,No,Yes,Month-to-month,Yes,Credit card (automatic),62.31,570.73,No
CUST-6460,Male,1,No,No,14,Yes,No,Fiber optic,No internet service,No,No,No,No,No,Two year,Yes,Credit card (automatic),73.75,1130.84,No
CUST-6461,Female,0,No,No,25,Yes,Yes,Fiber optic,No,No internet service,No,Yes,No internet service,No internet service,Month-to-month,Yes,Electronic check,74.29,1909.49,No
CUST-6462,Female,0,Yes,No,9,Yes,No,No,No,Yes,No,No internet service,Yes,No internet service,Month-to-month,Yes,Mailed check,46.13,497.56,No
CUST-6463,Male,0,No,Yes,28,Yes,No,Fiber optic,No,No,No,Yes,No,No,One year,Yes,Electronic check,66.08,1890.13,Yes
CUST-6464,Female,0,Yes,Yes,35,Yes,No,Fiber optic,Yes,No,No,No internet service,Yes,Yes,Two year,Yes,Electronic check,65.56,2252.27,Yes
CUST-6465,Female,0,No,No,36,Yes,Yes,No,No,No internet service,Yes,No,No,Yes,Month-to-month,No,Mailed check,57.29,2087.82,No
CUST-6466,Female,0,No,Yes,70,Yes,No,Fiber optic,No internet service,No,No,Yes,Yes,No,Two year,Yes,Mailed check,100.73,7000.08,Yes
CUST-6467,Female,0,No,No,22,Yes,Yes,DSL,Yes,Yes,No internet service,No internet service,No,No,One year,No,Electronic check,63.59,1369.11,No
CUST-6468,Male,0,Yes,No,40,Yes,No,No,No,No,No internet service,No,No,No,Month-to-month,Yes,Bank transfer (automatic),78.92,3172.61,Yes
CUST-6469,Male,0,No,No,27,Yes,No,DSL,No,No,No internet service,No internet service,No internet service,No,Month-to-month,No,Mailed check,108.25,2931.85,Yes
CUST-6470,Male,0,Yes,No,47,No,Yes,DSL,No,No,No,No,No,No,Month-to-month,No,Electronic check,105.31,4972.72,Yes
CUST-6471,Male,0,Yes,No,37,Yes,No,DSL,No,No,No,No,No,No,One year,Yes,Electronic check,107.74,3896.78,No
CUST-6472,Male,0,No,No,30,Yes,No,DSL,No,Yes,No,Yes,No,No,Month-to-month,No,Electronic check,45.39,1353.99,No
CUST-6473,Female,0,Yes,Yes,13,Yes,Yes,DSL,No,No internet service,Yes,No,Yes,No,Month-to-month,Yes,Mailed check,21.77,310.46,No
CUST-6474,Female,1,No,Yes,72,Yes,Yes,DSL,Yes,No,No,No,No internet service,No,One year,Yes,Bank transfer (automatic),44.49,3240.7,Yes
CUST-6475,Male,0,No,No,28,No,No,Fiber optic,No,No,No,No,No,No,Month-to-month,Yes,Bank transfer (automatic),46.26,1335.97,Yes
CUST-6476,Male,0,Yes,No,50,Yes,No phone service,DSL,No internet service,Yes,No,No,No,No internet service,Two year,Yes,Mailed check,109.64,5494.56,Yes
CUST-6477,Male,0,Yes,No,48,Yes,No,DSL,No internet service,No internet service,No,No internet service,No,No,Two year,Yes,Bank transfer (automatic),83.5,3989.04,Yes
CUST-6478,Male,0,Yes,Yes,42,Yes,No phone service,Fiber optic,No internet service,No,No,No,No,No internet service,Month-to-month,Yes,Credit card (automatic),26.46,1136.39,Yes
CUST-6479,Female,0,No,No,71,Yes,Yes,DSL,No,No internet service,No,Yes,No,No internet service,Two year,Yes,Electronic check,31.86,2247.07,No
CUST-6480,Female,0,Yes,Yes,4,Yes,No,DSL,No,No,No,No internet service,No,No,Month-to-month,Yes,Credit card (automatic),33.9,180.65,No
CUST-6481,Female,0,Yes,No,41,Yes,No phone service,Fiber optic,No,No,No,Yes,No,No,Month-to-month,No,Credit card (automatic),81.61,3367.38,Yes
CUST-6482,Female,0,No,Yes,6,Yes,Yes,DSL,No,No,Yes,No internet service,No,No,Month-to-month,No,Mailed check,92.16,549.87,No
CUST-6483,Female,0,No,Yes,41,Yes,No,DSL,No,No internet service,No,Yes,No internet service,Yes,One year,No,Bank transfer (automatic),104.64,4251.79,No
CUST-6484,Female,0,Yes,No,35,Yes,Yes,Fiber optic,Yes,No internet service,No,No internet service,No,No,One year,Yes,Bank transfer (automatic),112.78,4003.27,No
CUST-6485,Female,0,No,No,26,Yes,Yes,Fiber optic,No,No,Yes,No,No,No,Month-to-month,No,Bank transfer (automatic),38.52,1029.47,Yes
CUST-6486,Male,0,Yes,No,57,No,No,Fiber optic,Yes,No,Yes,Yes,No internet service,Yes,Month-to-month,Yes,Electronic check,49.38,2919.81,Yes
CUST-6487,Male,0,Yes,No,45,Yes,No phone service,No,Yes,No,No,Yes,No,No internet service,Month-to-month,Yes,Bank transfer (automatic),42.4,1934.31,No
CUST-6488,Male,0,No,Yes,65,Yes,Yes,Fiber optic,Yes,No,No,No,No internet service,No,Two year,Yes,Bank transfer (automatic),54.31,3560.65,No
CUST-6489,Female,0,Yes,Yes,24,Yes,No,Fiber optic,No,No,Yes,No,Yes,Yes,Two year,Yes,Bank transfer (automatic),110.17,2570.82,Yes
CUST-6490,Female,1,No,No,72,Yes,No phone service,DSL,No,Yes,No,No,No,No internet service,One year,Yes,Electronic check,76.05,5491.12,Yes
CUST-6491,Male,0,No,No,26,Yes,Yes,Fiber optic,No,Yes,No internet service,No,No,Yes,One year,No,Electronic check,92.44,2387.61,Yes
CUST-6492,Male,0,Yes,No,0,Yes,No,DSL,No,No,No,No,No,No,One year,Yes,Electronic check,67.51, ,No
CUST-6493,Female,0,Yes,Yes,41,Yes,Yes,Fiber optic,No,No internet service,No,No,No,Yes,Month-to-month,No,Mailed check,21.15,883.88,Yes
CUST-6494,Female,1,Yes,No,51,Yes,Yes,Fiber optic,Yes,No internet service,No,No internet service,No,No,Month-to-month,No,Electronic check,24.7,1308.96,No
CUST-6495,Female,0,No,No,24,Yes,No,Fiber optic,Yes,No internet service,No,No internet service,No,No,One year,Yes,Mailed check,72.31,1842.07,Yes
CUST-6496,Female,0,No,No,53,Yes,Yes,No,Yes,No,No internet service,No internet service,Yes,No,Month-to-month,Yes,Electronic check,90.49,4756.05,Yes
CUST-6497,Female,0,Yes,No,66,No,No,No,Yes,No,No internet service,Yes,No,No,Month-to-month,No,Mailed check,39.89,2680.08,Yes
CUST-6498,Female,1,No,No,5,Yes,Yes,DSL,Yes,No,No,No,No,No,Two year,No,Mailed check,90.8,488.18,No
CUST-6499,Male,0,No,Yes,57,No,Yes,DSL,No,No,No,Yes,No,No,Two year,Yes,Mailed check,99.72,5783.0,Yes
CUST-6500,Female,0,No,No,69,Yes,Yes,No,No internet service,No,No internet service,No,Yes,No,Month-to-month,Yes,Mailed check,59.65,4151.12,Yes
CUST-6501,Male,0,No,No,52,Yes,Yes,Fiber optic,No,No,No,No,Yes,No,One year,No,Mailed check,93.27,4880.11,No
CUST-6502,Male,0,Yes,No,65,Yes,Yes,Fiber optic,No,No internet service,No internet service,No,No,Yes,Two year,No,Credit card (automatic),58.86,3868.47,Yes
CUST-6503,Male,0,No,Yes,57,Yes,Yes,Fiber optic,No,Yes,No internet service,No,No,No,Month-to-month,No,Electronic check,86.42,4972.0,Yes
CUST-6504,Female,0,No,No,1,Yes,Yes,Fiber optic,No internet service,No internet service,Yes,No,No,No,Month-to-month,Yes,Mailed check,95.03,167.75,No
CUST-6505,Female,0,Yes,No,21,Yes,Yes,No,No internet service,No,Yes,No,No,No,Month-to-month,Yes,Credit card (automatic),117.94,2435.77,Yes
CUST-6506,Male,0,No,No,36,Yes,Yes,Fiber optic,No,No internet service,No,No,No,No,Month-to-month,Yes,Bank transfer (automatic),52.96,1886.94,No
CUST-6507,Female,0,Yes,No,19,Yes,Yes,Fiber optic,No,Yes,No,Yes,Yes,No,Two year,No,Bank transfer (automatic),59.56,1218.4,No
CUST-6508,Female,0,No,No,23,Yes,Yes,Fiber optic,No internet service,No,No,Yes,Yes,No,Month-to-month,Yes,Electronic check,34.89,704.53,No
CUST-6509,Male,1,Yes,No,64,Yes,No,No,Yes,No,No,No,No internet service,No,Month-to-month,Yes,Electronic check,38.76,2476.4,Yes
CUST-6510,Male,0,No,No,64,No,Yes,Fiber optic,No internet service,Yes,No,No internet service,No,Yes,Month-to-month,No,Electronic check,87.94,5635.64,Yes
CUST-6511,Male,0,No,No,0,Yes,Yes,Fiber optic,No internet service,Yes,No,No,No,No,Month-to-month,Yes,Credit card (automatic),110.41, ,Yes
CUST-6512,Female,0,Yes,No,2,No,No,No,No,No,No,Yes,No internet service,No,Month-to-month,Yes,Bank transfer (automatic),57.91,194.87,No
CUST-6513,Female,0,No,No,45,Yes,Yes,Fiber optic,No,No,No,No internet service,No,No internet service,One year,Yes,Credit card (automatic),36.32,1658.2,Yes
CUST-6514,Female,0,Yes,No,54,Yes,No,Fiber optic,No,No internet service,No internet service,No,No internet service,No,Month-to-month,Yes,Bank transfer (automatic),46.9,2513.23,Yes
CUST-6515,Male,0,No,No,63,Yes,Yes,Fiber optic,Yes,No,No,Yes,No,No internet service,One year,Yes,Credit card (automatic),63.98,3999.02,Yes
CUST-6516,Female,1,Yes,No,44,Yes,Yes,Fiber optic,Yes,No internet service,No,Yes,No,No internet service,One year,Yes,Mailed check,47.46,2102.33,Yes
CUST-6517,Female,0,No,No,25,Yes,Yes,DSL,No,No,No internet service,Yes,No,No,Month-to-month,No,Electronic check,41.72,1101.3,Yes
CUST-6518,Female,1,Yes,No,64,Yes,No,Fiber optic,No,Yes,No,Yes,Yes,No internet service,One year,Yes,Bank transfer (automatic),92.22,5909.0,Yes
CUST-6519,Male,0,Yes,No,23,Yes,Yes,Fiber optic,No internet service,No,No,No internet service,No,Yes,One year,Yes,Electronic check,19.04,431.2,No
CUST-6520,Male,0,Yes,Yes,34,No,No,Fiber optic,No,No internet service,No,No internet service,No,No,Month-to-month,No,Credit card (automatic),72.44,2428.2,No
CUST-6521,Female,1,No,No,23,Yes,No,Fiber optic,No,No,Yes,No internet service,No,No,Month-to-month,No,Electronic check,98.02,2273.16,No
CUST-6522,Male,0,Yes,No,27,No,No,Fiber optic,Yes,No,No internet service,No,Yes,Yes,One year,Yes,Electronic check,45.01,1231.2,Yes
CUST-6523,Male,0,No,Yes,15,Yes,Yes,No,No,Yes,No internet service,No,No,No internet service,Two year,No,Bank transfer (automatic),78.88,1146.99,No
CUST-6524,Female,0,Yes,No,58,Yes,Yes,DSL,No,No,No internet service,No,Yes,Yes,Month-to-month,No,Electronic check,85.47,5008.58,Yes
CUST-6525,Female,1,Yes,Yes,53,Yes,No,DSL,No,No internet service,No,Yes,Yes,No internet service,Month-to-month,Yes,Mailed check,84.08,4541.54,Yes
CUST-6526,Male,0,No,Yes,15,Yes,No phone service,Fiber optic,No,Yes,No,No,No,No internet service,Month-to-month,Yes,Bank transfer (automatic),63.06,948.35,No
CUST-6527,Female,0,Yes,Yes,14,Yes,Yes,Fiber optic,No,No internet service,No internet service,Yes,No internet service,No,Month-to-month,No,Bank transfer (automatic),53.08,758.23,Yes
CUST-6528,Female,0,Yes,No,10,Yes,Yes,Fiber optic,No internet service,No,No,No,No,No,One year,Yes,Mailed check,102.26,967.35,No
CUST-6529,Female,0,No,No,64,Yes,No phone service,DSL,No,No,No internet service,No internet service,No,No,Month-to-month,No,Electronic check,94.47,6082.94,Yes
CUST-6530,Female,0,Yes,Yes,67,Yes,Yes,Fiber optic,No,No internet service,No,No,No,No,Month-to-month,Yes,Mailed check,50.54,3409.39,Yes
CUST-6531,Female,0,No,No,42,No,No,Fiber optic,No,Yes,Yes,No,No,No internet service,Month-to-month,No,Electronic check,28.6,1184.89,Yes
CUST-6532,Female,1,No,Yes,68,Yes,No,Fiber optic,No,No internet service,No internet service,Yes,No internet service,No,Month-to-month,No,Bank transfer (automatic),25.47,1694.79,Yes
CUST-6533,Female,0,No,Yes,12,No,Yes,Fiber optic,No,No internet service,No,No,No,No internet service,Month-to-month,Yes,Mailed check,27.72,425.02,Yes
CUST-6534,Male,0,Yes,No,9,Yes,Yes,Fiber optic,No internet service,No internet service,No,No,No,No,Month-to-month,No,Electronic check,76.83,710.61,No
CUST-6535,Female,1,Yes,Yes,40,Yes,No,Fiber optic,Yes,No,No,No internet service,No internet service,No internet service,Month-to-month,No,Bank transfer (automatic),23.44,891.72,Yes
CUST-6536,Female,0,Yes,No,49,Yes,No,Fiber optic,No,No,No,No,No,Yes,Two year,Yes,Credit card (automatic),52.11,2596.17,No
CUST-6537,Male,1,No,No,70,Yes,No,Fiber optic,Yes,No,Yes,No,No,Yes,Two year,Yes,Electronic check,93.95,6587.98,Yes
CUST-6538,Female,0,No,No,58,Yes,Yes,No,No,Yes,No,No,No,No,Month-to-month,Yes,Mailed check,47.83,2777.08,Yes
CUST-6539,Female,0,Yes,Yes,38,Yes,No,No,No,No,No,Yes,No internet service,No,Month-to-month,No,Credit card (automatic),94.96,3657.41,Yes
CUST-6540,Female,0,No,No,2,Yes,No,Fiber optic,No internet service,No,No,Yes,No,No,Month-to-month,No,Credit card (automatic),93.17,55.7,Yes
CUST-6541,Male,0,No,No,6,Yes,No,DSL,No,No,No,Yes,Yes,Yes,Month-to-month,No,Credit card (automatic),42.96,167.41,No
CUST-6542,Female,0,Yes,No,48,Yes,Yes,DSL,Yes,No,No,Yes,No internet service,No,Month-to-month,No,Credit card (automatic),91.5,4460.96,No
CUST-6543,Female,1,Yes,Yes,25,No,No,Fiber optic,No,No,No,Yes,No internet service,No,Month-to-month,Yes,Electronic check,93.4,2328.55,Yes
CUST-6544,Male,0,Yes,Yes,32,Yes,Yes,Fiber optic,No internet service,No,No internet service,No,No internet service,No internet service,One year,Yes,Mailed check,58.19,1840.74,Yes
CUST-6545,Male,0,No,Yes,47,Yes,No,Fiber optic,No internet service,No,No,No,No,No,Month-to-month,No,Mailed check,39.4,1784.91,Yes
CUST-6546,Female,0,No,No,1,Yes,Yes,DSL,Yes,No internet service,No internet service,No internet service,No,Yes,Month-to-month,Yes,Bank transfer (automatic),70.64,80.33,Yes
CUST-6547,Female,0,No,Yes,70,Yes,Yes,Fiber optic,No,No,No,No,No,Yes,Two year,Yes,Electronic check,110.85,7775.36,Yes
CUST-6548,Female,0,Yes,No,31,Yes,Yes,No,No,Yes,No,No,Yes,Yes,One year,Yes,Electronic check,82.53,2630.47,Yes
CUST-6549,Female,0,No,No,3,Yes,No,Fiber optic,Yes,No,No internet service,No,No internet service,No internet service,Month-to-month,No,Credit card (automatic),35.63,125.51,Yes
CUST-6550,Male,0,No,No,19,Yes,Yes,DSL,No,No,No,No,No internet service,Yes,Month-to-month,No,Credit card (automatic),86.87,1635.39,Yes
CUST-6551,Female,0,Yes,Yes,35,Yes,No,Fiber optic,No,No,No,No internet service,No,Yes,Month-to-month,No,Mailed check,61.18,2161.58,Yes
CUST-6552,Male,0,No,No,31,Yes,Yes,Fiber optic,No,No internet service,No,No,No internet service,No,Month-to-month,Yes,Mailed check,77.7,2464.17,Yes
CUST-6553,Female,0,No,No,27,Yes,No,No,No,No,No,No,No,Yes,Month-to-month,Yes,Mailed check,92.02,2529.1,Yes
CUST-6554,Male,0,Yes,Yes,0,Yes,Yes,Fiber optic,No internet service,No internet service,No,Yes,Yes,Yes,Month-to-month,Yes,Bank transfer (automatic),70.0, ,Yes
CUST-6555,Female,1,No,No,59,Yes,No,Fiber optic,No internet service,No,No internet service,No,No,No,Month-to-month,No,Bank transfer (automatic),100.06,5917.27,Yes
CUST-6556,Male,0,No,No,55,Yes,No,Fiber optic,No,No,No,No,No,No internet service,One year,Yes,Mailed check,90.83,4966.58,Yes
CUST-6557,Male,0,Yes,No,34,Yes,No phone service,Fiber optic,No,No,Yes,No,No internet service,No internet service,One year,Yes,Electronic check,80.06,2670.4,Yes
CUST-6558,Female,0,No,No,29,Yes,No,Fiber optic,No,No,No,No internet service,Yes,No,Month-to-month,Yes,Bank transfer (automatic),33.4,909.05,Yes
CUST-6559,Female,1,No,Yes,53,Yes,No phone service,DSL,No internet service,No,No,Yes,No,Yes,Month-to-month,No,Electronic check,102.26,5439.48,Yes
CUST-6560,Female,0,No,No,35,Yes,No,Fiber optic,Yes,No internet service,No,No internet service,No,No,Month-to-month,No,Electronic check,112.31,3955.76,Yes
CUST-6561,Male,0,No,No,54,Yes,No,DSL,No,No,No internet service,No,No internet service,Yes,Month-to-month,Yes,Electronic check,32.01,1783.26,Yes
CUST-6562,Female,0,No,No,57,Yes,Yes,DSL,No internet service,No,No internet service,Yes,No internet service,Yes,Month-to-month,Yes,Electronic check,67.32,3865.33,Yes
CUST-6563,Female,0,Yes,Yes,64,Yes,Yes,Fiber optic,No,No,No,Yes,Yes,No,Two year,Yes,Electronic check,44.27,2885.82,No
CUST-6564,Male,0,Yes,No,68,Yes,Yes,DSL,No,No,No,Yes,Yes,Yes,One year,Yes,Credit card (automatic),94.08,6390.91,Yes
CUST-6565,Male,0,No,Yes,50,Yes,No phone service,DSL,No internet service,No,No,No,Yes,No internet service,Two year,Yes,Electronic check,90.77,4577.04,No
CUST-6566,Female,0,Yes,Yes,21,Yes,Yes,Fiber optic,No,No,No,Yes,No internet service,No internet service,One year,Yes,Mailed check,32.41,630.54,No
CUST-6567,Male,0,Yes,Yes,52,Yes,No,Fiber optic,No,Yes,No,Yes,Yes,No internet service,Two year,Yes,Credit card (automatic),106.39,5529.27,Yes
CUST-6568,Male,0,Yes,No,35,Yes,No,DSL,No internet service,No,No internet service,No internet service,Yes,No,One year,No,Mailed check,36.44,1183.83,No
CUST-6569,Male,0,Yes,No,67,Yes,Yes,Fiber optic,No,Yes,No,Yes,Yes,No,Two year,No,Electronic check,98.37,6592.37,Yes
CUST-6570,Male,0,No,No,35,Yes,Yes,DSL,No internet service,Yes,No,No,No,Yes,Month-to-month,Yes,Electronic check,64.18,2307.54,No
CUST-6571,Male,1,No,Yes,51,Yes,Yes,DSL,No,No,Yes,No,No,No,Month-to-month,Yes,Electronic check,51.24,2616.75,No
CUST-6572,Male,0,Yes,No,52,Yes,Yes,Fiber optic,No,No,No,No internet service,No,No,One year,Yes,Electronic check,34.15,1811.89,Yes
CUST-6573,Female,0,Yes,Yes,49,Yes,No,DSL,No,Yes,No,No,No,Yes,Two year,Yes,Electronic check,35.1,1733.56,Yes
CUST-6574,Female,0,No,Yes,40,Yes,Yes,No,No,No internet service,No,No internet service,Yes,No,Month-to-month,Yes,Credit card (automatic),84.77,3362.28,Yes
CUST-6575,Female,0,Yes,Yes,17,Yes,No,DSL,No,No internet service,No internet service,No,No,No internet service,Month-to-month,Yes,Bank transfer (automatic),73.57,1241.36,Yes
CUST-6576,Female,0,No,No,21,Yes,No,No,No internet service,Yes,Yes,No,No,No internet service,Month-to-month,Yes,Electronic check,30.52,699.9,No
CUST-6577,Female,0,No,No,65,Yes,No phone service,No,No,No internet service,No internet service,No internet service,No,No internet service,One year,Yes,Electronic check,29.58,1958.53,No
CUST-6578,Female,0,No,No,20,Yes,No phone service,No,No,No,Yes,No,No,No internet service,Month-to-month,Yes,Bank transfer (automatic),25.52,479.52,Yes
CUST-6579,Female,0,Yes,Yes,43,Yes,Yes,Fiber optic,No,No,No internet service,No,No,No internet service,One year,Yes,Electronic check,93.0,3929.63,No
CUST-6580,Female,0,Yes,Yes,46,Yes,No,No,No,No,No,Yes,No internet service,Yes,Two year,No,Electronic check,89.79,4140.68,No
CUST-6581,Male,0,No,No,38,Yes,No,No,No internet service,No,No,Yes,No,No,Two year,Yes,Bank transfer (automatic),24.12,887.47,No
CUST-6582,Female,0,No,Yes,28,Yes,Yes,DSL,No,Yes,No,No,No,No,Month-to-month,Yes,Bank transfer (automatic),74.56,2078.81,No
CUST-6583,Female,0,No,No,53,Yes,No,Fiber optic,No,Yes,No,No,No,No,Month-to-month,No,Credit card (automatic),26.76,1345.56,Yes
CUST-6584,Male,0,No,Yes,16,Yes,No,DSL,No,No,No,No internet service,Yes,Yes,Month-to-month,No,Mailed check,109.08,1797.32,Yes
CUST-6585,Male,0,No,No,59,Yes,Yes,Fiber optic,No,No,No internet service,Yes,No,No,Month-to-month,No,Electronic check,109.42,6450.93,Yes
CUST-6586,Female,1,Yes,No,30,Yes,No phone service,Fiber optic,No internet service,No internet service,No,Yes,No,Yes,Month-to-month,No,Credit card (automatic),88.42,2655.33,Yes
CUST-6587,Male,0,No,Yes,72,Yes,Yes,DSL,No internet service,No,No,No,No internet service,No internet service,Two year,Yes,Bank transfer (automatic),111.33,7974.11,No
CUST-6588,Female,0,Yes,Yes,48,Yes,Yes,No,No internet service,No,No,Yes,No,Yes,Month-to-month,Yes,Credit card (automatic),99.8,4776.53,Yes
CUST-6589,Male,0,Yes,No,1,Yes,Yes,DSL,No,No internet service,No,No,Yes,No internet service,Two year,No,Credit card (automatic),101.52,107.64,Yes
CUST-6590,Female,1,No,No,47,Yes,No,No,No,No,No,No internet service,No internet service,Yes,Two year,No,Bank transfer (automatic),75.51,3518.31,No
CUST-6591,Male,0,No,Yes,13,Yes,Yes,DSL,Yes,No,No,No,No internet service,Yes,Month-to-month,Yes,Bank transfer (automatic),49.01,626.34,Yes
CUST-6592,Male,0,No,Yes,58,Yes,No,Fiber optic,No,No,Yes,No,No,No internet service,Two year,Yes,Credit card (automatic),40.14,2397.43,Yes
CUST-6593,Female,0,No,No,57,Yes,No,DSL,Yes,No internet service,No,No,No,No,One year,Yes,Electronic check,51.13,2826.91,Yes
CUST-6594,Female,0,Yes,No,57,No,No phone service,DSL,No,No,No,No,No internet service,No,Month-to-month,No,Electronic check,81.41,4649.6,Yes
CUST-6595,Female,0,No,No,50,No,Yes,Fiber optic,No,No,Yes,No,Yes,Yes,Month-to-month,Yes,Mailed check,35.6,1740.73,Yes
CUST-6596,Female,0,Yes,Yes,1,Yes,No phone service,DSL,No internet service,No,No internet service,Yes,No,Yes,Month-to-month,Yes,Electronic check,44.24,111.06,No
CUST-6597,Female,1,No,No,40,Yes,No phone service,Fiber optic,No internet service,No internet service,No internet service,No internet service,Yes,No,Month-to-month,Yes,Mailed check,65.29,2602.56,Yes
CUST-6598,Male,0,No,No,15,Yes,No,No,No,No,No,No internet service,No,Yes,One year,Yes,Electronic check,41.67,572.69,No
CUST-6599,Male,0,Yes,No,3,Yes,Yes,DSL,No,No,No,Yes,Yes,No,Month-to-month,Yes,Mailed check,77.41,221.45,No
CUST-6600,Female,1,Yes,No,11,Yes,No,No,Yes,No,Yes,No internet service,No,No internet service,One year,No,Electronic check,111.03,1238.81,Yes
CUST-6601,Male,0,No,No,28,Yes,Yes,DSL,No internet service,No,No,No,Yes,No,Month-to-month,Yes,Electronic check,93.43,2754.82,Yes
CUST-6602,Male,0,Yes,Yes,6,Yes,No,DSL,Yes,No,No,No,No internet service,No,Month-to-month,Yes,Credit card (automatic),85.23,405.89,Yes
CUST-6603,Female,0,Yes,Yes,13,Yes,No,DSL,Yes,No,No internet service,No,Yes,No,One year,Yes,Credit card (automatic),76.81,938.57,No
CUST-6604,Male,1,No,No,11,Yes,No phone service,No,No,No,No,No internet service,No,No,One year,No,Bank transfer (automatic),67.29,805.45,No
CUST-6605,Female,1,No,No,4,Yes,No,DSL,Yes,No,Yes,No,No internet service,No,Month-to-month,No,Electronic check,37.0,72.55,Yes
CUST-6606,Male,0,Yes,Yes,31,Yes,Yes,No,No,No,Yes,No,No,No internet service,Month-to-month,Yes,Credit card (automatic),108.17,3353.75,Yes
CUST-6607,Female,0,No,No,42,Yes,No,No,No internet service,Yes,Yes,No internet service,No internet service,No internet service,Two year,Yes,Bank transfer (automatic),43.23,1791.49,No
CUST-6608,Male,1,No,No,68,Yes,No,Fiber optic,No internet service,No internet service,Yes,No internet service,No,No internet service,One year,Yes,Mailed check,27.43,1833.22,Yes
CUST-6609,Male,1,Yes,Yes,44,Yes,No,Fiber optic,No,Yes,Yes,No,No,Yes,Month-to-month,Yes,Mailed check,93.63,4111.11,No
CUST-6610,Female,0,No,No,8,Yes,No,Fiber optic,No internet service,Yes,No,No,No,No,Month-to-month,Yes,Bank transfer (automatic),35.9,270.57,No
CUST-6611,Female,1,Yes,No,48,Yes,Yes,Fiber optic,No internet service,No,No,No,Yes,No internet service,Month-to-month,Yes,Bank transfer (automatic),55.63,2723.09,No
CUST-6612,Male,0,No,No,32,Yes,Yes,DSL,No,No,No internet service,No,No,No,Month-to-month,Yes,Credit card (automatic),21.09,741.29,No
CUST-6613,Female,0,No,No,17,Yes,No,Fiber optic,No,No,No,No,No internet service,No internet service,One year,Yes,Mailed check,32.03,565.83,No
CUST-6614,Male,0,No,No,8,Yes,Yes,Fiber optic,Yes,No internet service,No internet service,Yes,No,Yes,Two year,Yes,Bank transfer (automatic),35.66,273.48,No
CUST-6615,Female,0,Yes,Yes,61,Yes,Yes,No,Yes,Yes,Yes,No,Yes,No,One year,No,Credit card (automatic),23.72,1459.84,No
CUST-6616,Female,0,Yes,No,56,Yes,Yes,DSL,Yes,No,Yes,No,Yes,No,Month-to-month,Yes,Electronic check,84.24,4757.69,Yes
CUST-6617,Male,1,Yes,No,28,No,Yes,DSL,No,No,No,No,No,Yes,Two year,No,Electronic check,102.37,2916.44,Yes
CUST-6618,Male,0,Yes,No,24,Yes,No phone service,No,No,No,No,No internet service,Yes,No,Month-to-month,Yes,Electronic check,55.77,1356.98,Yes
CUST-6619,Male,0,Yes,Yes,14,Yes,No,DSL,Yes,No internet service,Yes,No,No,No,Two year,Yes,Electronic check,106.14,1562.34,No
CUST-6620,Male,0,Yes,No,5,Yes,No phone service,Fiber optic,Yes,No internet service,Yes,No,No internet service,Yes,Month-to-month,No,Bank transfer (automatic),39.69,167.62,Yes
CUST-6621,Male,0,Yes,No,41,Yes,No,DSL,No,No,No,Yes,No internet service,No,Month-to-month,Yes,Mailed check,50.95,2145.95,Yes
CUST-6622,Female,0,No,No,28,Yes,No,No,No internet service,No internet service,No,Yes,No,Yes,One year,Yes,Mailed check,33.4,970.42,No
CUST-6623,Male,0,Yes,No,3,Yes,Yes,No,No,No,No,No,No,No,Month-to-month,Yes,Mailed check,80.62,211.36,Yes
CUST-6624,Female,0,No,No,56,Yes,Yes,DSL,No,No internet service,No,Yes,No,No internet service,Two year,No,Electronic check,60.45,3396.83,No
CUST-6625,Female,0,Yes,No,48,Yes,Yes,DSL,No,Yes,Yes,Yes,Yes,No,One year,No,Credit card (automatic),79.88,3849.31,No
CUST-6626,Female,0,No,No,43,Yes,No,Fiber optic,No,No,No,No,Yes,Yes,Month-to-month,Yes,Mailed check,94.8,4069.3,Yes
CUST-6627,Female,0,Yes,Yes,13,Yes,Yes,DSL,No internet service,No internet service,Yes,Yes,No,Yes,One year,Yes,Mailed check,73.09,942.52,No
CUST-6628,Female,1,Yes,Yes,2,Yes,No,Fiber optic,No internet service,Yes,No,No,No internet service,Yes,Month-to-month,No,Bank transfer (automatic),81.33,86.42,No
CUST-6629,Female,1,Yes,Yes,61,Yes,No,Fiber optic,Yes,No,No,No internet service,No internet service,No internet service,Month-to-month,Yes,Bank transfer (automatic),112.24,6812.18,Yes
CUST-6630,Male,0,Yes,No,63,No,Yes,DSL,No internet service,No,No internet service,Yes,Yes,No internet service,Two year,Yes,Credit card (automatic),48.31,3031.61,No
CUST-6631,Male,0,Yes,No,44,Yes,No,Fiber optic,Yes,No,No internet service,No,No internet service,Yes,Two year,No,Mailed check,54.35,2362.77,No
CUST-6632,Female,0,No,Yes,57,Yes,Yes,No,Yes,No,No,Yes,No,No internet service,Month-to-month,Yes,Electronic check,90.38,5108.88,Yes
CUST-6633,Male,0,Yes,No,19,Yes,No,Fiber optic,No internet service,No,No internet service,No,No,No internet service,Month-to-month,Yes,Bank transfer (automatic),79.69,1567.16,No
CUST-6634,Male,0,No,No,57,Yes,Yes,DSL,Yes,No,No,No internet service,No,No,Month-to-month,Yes,Bank transfer (automatic),36.19,2057.63,Yes
CUST-6635,Male,0,Yes,No,56,Yes,No,Fiber optic,No,No internet service,No,No,No,No,Two year,No,Electronic check,56.05,3247.14,Yes
CUST-6636,Male,0,No,Yes,67,Yes,Yes,Fiber optic,No,No,No internet service,No,No,No,Two year,No,Bank transfer (automatic),65.27,4384.23,Yes
CUST-6637,Male,0,No,No,51,Yes,No,Fiber optic,No,No,No,No internet service,No,Yes,Month-to-month,Yes,Electronic check,60.4,3132.41,Yes
CUST-6638,Female,0,Yes,Yes,36,Yes,Yes,DSL,No,No,No,No,No,No,Two year,Yes,Credit card (automatic),36.17,1291.71,Yes
CUST-6639,Male,0,Yes,No,7,Yes,No phone service,DSL,Yes,No internet service,No internet service,No,No,No,Month-to-month,Yes,Credit card (automatic),111.16,745.04,No
CUST-6640,Female,0,No,Yes,43,Yes,No,No,No,No internet service,No,No,No,No,Month-to-month,Yes,Electronic check,94.86,4092.12,Yes
CUST-6641,Female,0,No,Yes,4,No,Yes,No,No,No internet service,No,No,No internet service,Yes,Two year,Yes,Electronic check,66.63,331.3,No
CUST-6642,Male,0,No,No,68,Yes,No,Fiber optic,Yes,No,No internet service,No internet service,No,No,Month-to-month,No,Electronic check,86.6,5884.35,Yes
CUST-6643,Female,0,Yes,Yes,30,Yes,Yes,DSL,No,No internet service,No,Yes,No,No internet service,Month-to-month,No,Electronic check,108.43,3275.24,Yes
CUST-6644,Female,1,No,No,44,Yes,No,Fiber optic,No,No,No,No,No,No internet service,One year,No,Mailed check,31.94,1418.24,No
CUST-6645,Male,1,Yes,No,8,Yes,No,No,No internet service,No internet service,No internet service,No internet service,No internet service,No,Month-to-month,No,Electronic check,43.41,342.38,No
CUST-6646,Female,1,Yes,No,31,Yes,Yes,Fiber optic,No internet service,No internet service,Yes,Yes,No,No,Month-to-month,Yes,Bank transfer (automatic),72.79,2254.15,Yes
CUST-6647,Male,0,No,No,32,Yes,Yes,DSL,No internet service,No,No,No,No,No,Two year,Yes,Mailed check,98.55,3103.68,Yes
CUST-6648,Female,0,No,Yes,66,Yes,No,Fiber optic,Yes,No internet service,Yes,No,Yes,Yes,One year,Yes,Electronic check,21.89,1444.19,No
CUST-6649,Male,0,No,Yes,29,No,Yes,No,No,No,No,No,No,No,Two year,Yes,Electronic check,117.14,3429.72,No
CUST-6650,Male,0,No,Yes,28,Yes,No,DSL,Yes,Yes,No,Yes,Yes,No,Month-to-month,Yes,Electronic check,63.97,1805.95,Yes
CUST-6651,Female,0,No,Yes,2,Yes,No,Fiber optic,No,Yes,No internet service,No internet service,No,No,Month-to-month,Yes,Electronic check,54.35,117.91,No
CUST-6652,Female,0,Yes,No,56,Yes,Yes,Fiber optic,Yes,Yes,No internet service,No,No internet service,Yes,Two year,Yes,Electronic check,47.67,2705.77,Yes
CUST-6653,Female,0,Yes,No,29,Yes,Yes,Fiber optic,Yes,No internet service,No,Yes,Yes,No,Month-to-month,No,Electronic check,35.77,1047.08,Yes
CUST-6654,Female,0,No,No,8,Yes,No,Fiber optic,No,No,No,No,No,Yes,Month-to-month,Yes,Credit card (automatic),97.8,783.1,No
CUST-6655,Male,0,Yes,No,25,Yes,Yes,Fiber optic,No,No,No,Yes,No internet service,Yes,Month-to-month,Yes,Mailed check,114.27,2893.51,No
CUST-6656,Male,0,No,Yes,1,Yes,No,DSL,No,No,No,Yes,No,Yes,Month-to-month,No,Electronic check,59.82,66.65,No
CUST-6657,Female,1,Yes,No,61,Yes,No,DSL,No,No internet service,Yes,No,No,No internet service,Month-to-month,Yes,Bank transfer (automatic),113.97,6940.34,Yes
CUST-6658,Male,0,No,No,2,Yes,No,Fiber optic,Yes,No,Yes,No,No internet service,No,Two year,No,Credit card (automatic),101.04,225.49,No
CUST-6659,Female,1,Yes,No,45,Yes,Yes,DSL,No internet service,No,No,No,No,Yes,Two year,No,Electronic check,66.6,2995.24,No
CUST-6660,Female,0,No,Yes,67,Yes,No,Fiber optic,No,No,No,No internet service,No internet service,No,One year,No,Mailed check,85.99,5747.25,Yes
CUST-6661,Male,1,No,Yes,24,No,No,Fiber optic,Yes,No,No,No,No,Yes,Two year,No,Mailed check,61.97,1495.05,Yes
CUST-6662,Female,0,No,Yes,50,Yes,No,DSL,No,Yes,Yes,No,Yes,No,Two year,Yes,Electronic check,74.4,3728.35,Yes
CUST-6663,Male,0,Yes,No,12,Yes,No,Fiber optic,No internet service,No,Yes,No,Yes,No,One year,Yes,Electronic check,24.08,233.78,No
CUST-6664,Male,1,Yes,Yes,43,Yes,No,Fiber optic,No,No,No,No internet service,No internet service,No,Month-to-month,Yes,Mailed check,88.22,3810.12,Yes
CUST-6665,Male,1,No,Yes,34,Yes,No phone service,DSL,No,No internet service,No,Yes,No,No,Month-to-month,No,Credit card (automatic),23.56,893.37,No
CUST-6666,Male,0,No,No,54,No,Yes,Fiber optic,Yes,No,No,No internet service,No,No,Month-to-month,Yes,Electronic check,100.37,5371.0,Yes
CUST-6667,Male,0,No,No,8,Yes,No phone service,No,No,No,Yes,No,No internet service,No,Month-to-month,Yes,Bank transfer (automatic),101.16,784.15,No
CUST-6668,Male,0,No,Yes,1,Yes,Yes,Fiber optic,No,No,No,No,No internet service,No internet service,Month-to-month,Yes,Mailed check,42.08,181.08,Yes
CUST-6669,Male,0,No,No,60,Yes,No,Fiber optic,No,Yes,Yes,No internet service,No,No internet service,Month-to-month,Yes,Electronic check,50.78,3005.69,Yes
CUST-6670,Female,0,Yes,No,40,Yes,Yes,DSL,No internet service,No,Yes,No,No,Yes,Month-to-month,Yes,Bank transfer (automatic),66.62,2729.12,Yes
CUST-6671,Male,0,No,No,43,Yes,Yes,DSL,Yes,No,No internet service,No,No,Yes,Month-to-month,Yes,Credit card (automatic),78.21,3351.59,Yes
CUST-6672,Female,0,No,No,63,Yes,No,DSL,Yes,No,Yes,No internet service,No,No,Month-to-month,No,Mailed check,47.13,2972.2,Yes
CUST-6673,Male,0,Yes,No,30,Yes,No,Fiber optic,Yes,Yes,Yes,No internet service,No,No,Month-to-month,No,Electronic check,77.79,2327.14,Yes
CUST-6674,Female,1,Yes,No,46,Yes,No,Fiber optic,Yes,No,No,No,No,No internet service,Two year,No,Bank transfer (automatic),48.18,2237.57,No
CUST-6675,Male,0,Yes,No,1,No,No,DSL,No,No,No,No internet service,No,No,Month-to-month,Yes,Electronic check,23.83,-55.16,No
CUST-6676,Male,0,No,Yes,68,Yes,Yes,Fiber optic,Yes,Yes,No,No,Yes,Yes,Two year,No,Mailed check,18.5,1267.31,Yes
CUST-6677,Male,0,Yes,Yes,57,Yes,Yes,DSL,No,Yes,No,No internet service,No,No,Two year,Yes,Electronic check,28.42,1599.77,Yes
CUST-6678,Female,0,Yes,No,43,Yes,No,DSL,No internet service,No internet service,No,No,No internet service,No,One year,No,Credit card (automatic),97.87,4115.26,Yes
CUST-6679,Female,0,Yes,Yes,55,Yes,No phone service,Fiber optic,No internet service,No,Yes,No internet service,No,No,One year,Yes,Credit card (automatic),114.87,6373.89,Yes
CUST-6680,Male,0,No,Yes,42,Yes,No,DSL,No,Yes,No,Yes,No,No,Two year,Yes,Credit card (automatic),61.16,2463.34,No
CUST-6681,Female,1,Yes,No,33,Yes,No phone service,Fiber optic,No,No,No internet service,No,No,Yes,Month-to-month,Yes,Electronic check,69.77,2409.83,No
CUST-6682,Male,1,Yes,Yes,29,Yes,Yes,DSL,Yes,No,No internet service,Yes,No internet service,Yes,Two year,No,Bank transfer (automatic),33.01,988.14,No
CUST-6683,Female,0,Yes,No,70,Yes,No phone service,Fiber optic,Yes,Yes,No,No,No,No,Two year,Yes,Bank transfer (automatic),73.63,5086.05,Yes
CUST-6684,Female,0,Yes,Yes,69,Yes,Yes,No,No,No,Yes,No,Yes,No,One year,Yes,Mailed check,32.79,2329.41,Yes
CUST-6685,Male,0,Yes,No,54,Yes,No,No,Yes,No internet service,No internet service,Yes,No,No,Month-to-month,No,Credit card (automatic),79.68,4265.2,Yes
CUST-6686,Male,1,No,No,66,Yes,No phone service,No,No internet service,No internet service,No internet service,Yes,No,No,Month-to-month,Yes,Credit card (automatic),112.04,7359.4,Yes
CUST-6687,Female,0,No,No,12,Yes,No,No,No,No,Yes,No,No,No internet service,One year,Yes,Credit card (automatic),37.92,364.99,No
CUST-6688,Female,0,Yes,No,2,Yes,Yes,Fiber optic,Yes,No,No internet service,Yes,No,Yes,One year,Yes,Credit card (automatic),95.09,146.98,No
CUST-6689,Female,0,No,No,25,Yes,No,Fiber optic,No,No,Yes,No,No internet service,Yes,One year,No,Mailed check,20.61,477.94,No
CUST-6690,Male,0,No,No,56,Yes,No,Fiber optic,No internet service,No internet service,No,No,No,Yes,Month-to-month,No,Mailed check,55.99,3176.35,Yes
CUST-6691,Female,0,No,Yes,23,Yes,Yes,No,No,No internet service,No internet service,No,Yes,No,Month-to-month,Yes,Electronic check,29.38,734.1,No
CUST-6692,Male,0,Yes,No,52,Yes,No,Fiber optic,No,Yes,No internet service,No,No internet service,Yes,Month-to-month,Yes,Credit card (automatic),53.67,2728.8,Yes
CUST-6693,Female,0,Yes,No,69,Yes,No phone service,DSL,No,No,No,No,No,No internet service,Month-to-month,No,Credit card (automatic),35.69,2476.14,Yes
CUST-6694,Female,0,No,No,42,Yes,No,No,No,No,No internet service,Yes,No,No,Month-to-month,No,Credit card (automatic),55.77,2250.33,Yes
CUST-6695,Male,1,Yes,No,59,Yes,No,Fiber optic,No internet service,No internet service,Yes,No internet service,Yes,No,Month-to-month,Yes,Electronic check,60.21,3566.11,Yes
CUST-6696,Male,0,No,No,57,Yes,No,No,Yes,Yes,No,Yes,No internet service,No,Month-to-month,No,Electronic check,48.46,2870.32,Yes
CUST-6697,Male,0,No,Yes,48,Yes,No,DSL,Yes,No,No,No,No internet service,No internet service,Month-to-month,No,Mailed check,84.24,3954.53,No
CUST-6698,Female,0,No,Yes,41,Yes,Yes,DSL,No,Yes,No,No,No internet service,No,Month-to-month,No,Electronic check,110.59,4483.46,Yes
CUST-6699,Female,0,No,Yes,65,Yes,Yes,DSL,Yes,Yes,Yes,Yes,No,Yes,Two year,No,Credit card (automatic),58.51,3839.51,Yes
CUST-6700,Female,1,No,No,10,No,Yes,Fiber optic,No internet service,No internet service,Yes,No internet service,No,No,Two year,Yes,Electronic check,37.58,418.06,No
CUST-6701,Male,0,Yes,No,17,Yes,Yes,DSL,No internet service,No internet service,No,No internet service,Yes,Yes,One year,No,Bank transfer (automatic),45.46,725.76,No
CUST-6702,Male,0,Yes,Yes,51,Yes,No phone service,Fiber optic,No,No,No,No,No,No,Month-to-month,No,Bank transfer (automatic),104.08,5381.76,Yes
CUST-6703,Male,0,Yes,No,45,Yes,Yes,DSL,No,Yes,No,Yes,No,No internet service,One year,Yes,Bank transfer (automatic),75.7,3365.72,Yes
CUST-6704,Female,0,Yes,Yes,43,Yes,Yes,DSL,Yes,No,No,No internet service,Yes,No internet service,Month-to-month,No,Bank transfer (automatic),63.98,2834.81,No
CUST-6705,Female,1,No,Yes,21,Yes,No,Fiber optic,No,No,No,No internet service,No,No internet service,Two year,No,Mailed check,33.29,722.52,No
CUST-6706,Female,0,Yes,No,52,Yes,Yes,No,Yes,No internet service,No,No,No,No internet service,One year,Yes,Electronic check,63.45,3362.96,Yes
CUST-6707,Male,0,Yes,No,58,No,No,DSL,No internet service,No,No,No internet service,Yes,No,One year,Yes,Electronic check,46.24,2700.46,No
CUST-6708,Female,1,No,Yes,29,Yes,No,Fiber optic,Yes,No,Yes,Yes,No,Yes,Two year,No,Electronic check,113.04,3311.01,Yes
CUST-6709,Male,0,No,No,7,Yes,No,DSL,Yes,Yes,No,No,No,No,Month-to-month,No,Mailed check,107.1,785.21,Yes
CUST-6710,Female,0,No,Yes,56,Yes,No,DSL,No,No internet service,Yes,No,No internet service,No,Month-to-month,Yes,Electronic check,26.68,1551.32,Yes
CUST-6711,Male,1,Yes,Yes,72,Yes,Yes,Fiber optic,Yes,No,No internet service,No,No internet service,No,One year,No,Electronic check,70.17,5050.6,Yes
CUST-6712,Female,0,No,No,19,No,Yes,Fiber optic,No,No,No internet service,No,Yes,No internet service,Month-to-month,Yes,Bank transfer (automatic),40.87,731.53,No
CUST-6713,Female,0,No,No,24,No,No,No,No internet service,Yes,No,No,No internet service,No,Month-to-month,Yes,Mailed check,59.53,1424.77,Yes
CUST-6714,Male,0,Yes,No,18,Yes,No,Fiber optic,Yes,No,No,No,No internet service,No,One year,No,Bank transfer (automatic),106.37,1881.29,No
CUST-6715,Male,0,Yes,Yes,4,Yes,Yes,No,Yes,No,No,No,No,No,Month-to-month,Yes,Electronic check,71.27,254.98,No
CUST-6716,Male,0,No,No,71,Yes,No,DSL,Yes,No,Yes,No,No,No,One year,No,Bank transfer (automatic),51.84,3763.38,Yes
CUST-6717,Male,0,No,No,26,Yes,Yes,DSL,No,No,Yes,No,No,No,Two year,No,Bank transfer (automatic),39.14,1048.78,No
CUST-6718,Female,0,No,Yes,39,No,Yes,DSL,No internet service,Yes,No internet service,No,No,No,Month-to-month,Yes,Bank transfer (automatic),98.68,3877.36,Yes
CUST-6719,Male,0,No,Yes,25,Yes,Yes,No,No internet service,No internet service,No,Yes,No,Yes,Month-to-month,Yes,Mailed check,81.01,2078.88,Yes
CUST-6720,Female,0,Yes,Yes,26,Yes,No,DSL,Yes,No,No internet service,No internet service,No internet service,No,Month-to-month,Yes,Electronic check,65.29,1728.42,Yes
CUST-6721,Female,0,Yes,No,61,Yes,Yes,DSL,No,No internet service,Yes,No,Yes,Yes,Month-to-month,Yes,Credit card (automatic),40.11,2540.06,Yes
CUST-6722,Female,0,Yes,Yes,49,Yes,Yes,Fiber optic,No internet service,Yes,No,No internet service,No,Yes,Month-to-month,Yes,Bank transfer (automatic),51.84,2435.43,Yes
CUST-6723,Male,0,Yes,Yes,41,Yes,No,DSL,Yes,No,No,No internet service,No,Yes,Month-to-month,Yes,Bank transfer (automatic),114.71,4653.23,Yes
CUST-6724,Male,0,No,No,28,Yes,No,DSL,Yes,No,No,No,No,No,Month-to-month,Yes,Credit card (automatic),70.52,1939.53,No
CUST-6725,Male,0,No,No,38,Yes,Yes,DSL,Yes,No internet service,No,Yes,No,No,Month-to-month,Yes,Credit card (automatic),58.52,2154.97,No
CUST-6726,Male,0,Yes,No,59,Yes,Yes,DSL,No internet service,No internet service,No internet service,No,No,Yes,One year,Yes,Electronic check,70.65,4174.0,Yes
CUST-6727,Male,0,No,Yes,40,Yes,No,Fiber optic,No,No,No,No,No,No,Two year,Yes,Electronic check,96.54,3869.6,No
CUST-6728,Male,0,Yes,Yes,32,Yes,No,Fiber optic,Yes,No internet service,No,Yes,No,No,Two year,Yes,Credit card (automatic),52.43,1776.53,No
CUST-6729,Male,0,No,Yes,15,Yes,Yes,DSL,No internet service,No,Yes,No,No,No,Month-to-month,Yes,Mailed check,36.21,588.34,No
CUST-6730,Male,0,No,No,22,Yes,No,DSL,No internet service,No,No internet service,No,Yes,No internet service,Month-to-month,Yes,Credit card (automatic),77.04,1669.5,Yes
CUST-6731,Female,0,No,No,6,Yes,No,No,No,No,No,No,No,Yes,One year,Yes,Bank transfer (automatic),85.1,535.32,No
CUST-6732,Female,0,Yes,No,25,Yes,No,Fiber optic,Yes,No,Yes,No,Yes,No internet service,Month-to-month,Yes,Mailed check,89.88,2155.65,No
CUST-6733,Male,0,No,No,11,No,Yes,Fiber optic,No,No,No,No,No,No,Month-to-month,Yes,Bank transfer (automatic),106.89,1182.9,Yes
CUST-6734,Female,0,Yes,No,71,Yes,Yes,Fiber optic,Yes,No,No,No,No,No,Two year,Yes,Credit card (automatic),55.55,3948.49,Yes
CUST-6735,Male,0,No,No,4,Yes,Yes,DSL,No,No,Yes,No,Yes,No,Month-to-month,No,Electronic check,25.82,58.18,Yes
CUST-6736,Male,0,No,No,68,Yes,Yes,No,No,No internet service,No,No internet service,No,No,Month-to-month,No,Bank transfer (automatic),114.56,7780.02,Yes
CUST-6737,Male,0,No,Yes,48,Yes,No,Fiber optic,Yes,No,No internet service,No,No,No,Two year,Yes,Electronic check,61.97,2939.93,No
CUST-6738,Female,0,Yes,Yes,25,Yes,No,DSL,No internet service,No,No,No,No internet service,Yes,Two year,Yes,Electronic check,80.89,1975.62,Yes
CUST-6739,Male,1,No,No,4,No,Yes,Fiber optic,No internet service,No,No internet service,No internet service,No internet service,Yes,Month-to-month,No,Mailed check,85.21,374.56,No
CUST-6740,Female,1,Yes,No,21,Yes,Yes,DSL,No,No,No internet service,Yes,No internet service,No,Month-to-month,Yes,Electronic check,73.17,1588.27,Yes
CUST-6741,Female,0,Yes,No,12,Yes,No,DSL,No internet service,No internet service,No,Yes,No,No,One year,No,Electronic check,38.88,492.06,No
CUST-6742,Male,0,No,No,27,Yes,Yes,No,Yes,No,No,Yes,No internet service,No,One year,Yes,Credit card (automatic),94.14,2519.87,Yes
CUST-6743,Female,1,No,No,32,Yes,No,No,No internet service,Yes,No,No,Yes,No,Month-to-month,Yes,Electronic check,99.03,3135.83,Yes
CUST-6744,Female,0,Yes,No,22,Yes,No phone service,DSL,No,No,No,No,Yes,No,One year,Yes,Mailed check,73.82,1603.69,No
CUST-6745,Male,1,Yes,No,17,Yes,No,Fiber optic,Yes,No internet service,No,No internet service,No,Yes,Two year,No,Bank transfer (automatic),67.35,1133.95,No
CUST-6746,Male,1,Yes,Yes,29,Yes,No phone service,Fiber optic,Yes,Yes,Yes,No,No internet service,No,Month-to-month,Yes,Electronic check,29.7,817.7,Yes
CUST-6747,Male,0,No,No,25,Yes,Yes,DSL,No,No,No,Yes,Yes,No,Two year,Yes,Mailed check,26.69,719.94,Yes
CUST-6748,Male,1,Yes,No,15,Yes,No,Fiber optic,Yes,Yes,No,Yes,No,Yes,Two year,Yes,Credit card (automatic),52.38,775.59,No
CUST-6749,Male,1,No,No,38,No,Yes,Fiber optic,No internet service,No,No,No,No internet service,No,Month-to-month,Yes,Credit card (automatic),49.49,1918.86,Yes
CUST-6750,Female,0,Yes,Yes,32,Yes,Yes,Fiber optic,Yes,No,Yes,No internet service,No,No,One year,No,Bank transfer (automatic),114.09,3580.88,Yes
CUST-6751,Female,1,Yes,No,25,Yes,Yes,Fiber optic,No internet service,No,No,No,Yes,No,Month-to-month,No,Mailed check,97.0,2390.58,Yes
CUST-6752,Female,0,No,No,47,Yes,No,Fiber optic,No,Yes,Yes,No,No,Yes,One year,Yes,Mailed check,84.57,4017.76,Yes
CUST-6753,Female,0,No,No,64,Yes,No,No,Yes,No internet service,No,No,No,Yes,Two year,No,Electronic check,70.27,4540.96,No
CUST-6754,Female,0,No,Yes,37,Yes,No,Fiber optic,No,No internet service,Yes,No,Yes,Yes,Month-to-month,No,Bank transfer (automatic),35.07,1237.46,Yes
CUST-6755,Male,0,No,Yes,1,Yes,No phone service,No,No,No internet service,No internet service,No internet service,No,No,One year,Yes,Electronic check,116.58,131.73,No
CUST-6756,Female,1,No,No,5,Yes,No,DSL,No,Yes,No,No,No internet service,No,Two year,Yes,Credit card (automatic),55.94,296.17,No
CUST-6757,Male,0,No,No,45,Yes,No,DSL,No,No,Yes,No,No,Yes,Month-to-month,No,Credit card (automatic),29.0,1269.59,Yes
CUST-6758,Female,0,Yes,No,49,Yes,No phone service,DSL,No internet service,No,Yes,Yes,No,Yes,Month-to-month,Yes,Electronic check,67.88,3343.97,Yes
CUST-6759,Female,0,Yes,No,37,Yes,No,Fiber optic,No internet service,No,No internet service,No,Yes,No,Month-to-month,No,Electronic check,106.09,3846.31,Yes
CUST-6760,Female,0,No,No,17,Yes,No,DSL,Yes,No,No internet service,No,Yes,No,One year,Yes,Mailed check,107.42,1779.8,No
CUST-6761,Male,0,No,Yes,26,Yes,No,No,No,No,No,No,No internet service,No,Two year,No,Credit card (automatic),19.35,533.05,No
CUST-6762,Female,1,Yes,No,40,Yes,No,Fiber optic,No,No,No,No,No,No,Two year,Yes,Mailed check,107.32,4294.28,No
CUST-6763,Male,0,Yes,Yes,71,Yes,No,DSL,No,No,No,No,Yes,No internet service,Month-to-month,Yes,Electronic check,45.53,3236.7,Yes
CUST-6764,Female,0,No,No,16,Yes,No,Fiber optic,No,No,No,No internet service,No,No,Month-to-month,Yes,Credit card (automatic),22.17,345.97,Yes
CUST-6765,Female,1,Yes,No,61,Yes,Yes,No,Yes,Yes,Yes,No,Yes,No,Month-to-month,No,Electronic check,103.45,6337.3,Yes
CUST-6766,Male,0,Yes,Yes,28,Yes,No,Fiber optic,No,No,No internet service,No,Yes,No,Month-to-month,No,Bank transfer (automatic),105.07,2971.21,Yes
CUST-6767,Male,0,No,No,57,Yes,No,DSL,No,No,No,No,No,No,Month-to-month,Yes,Credit card (automatic),78.17,4495.26,Yes
CUST-6768,Female,1,No,No,69,Yes,No,No,No,No internet service,No internet service,Yes,Yes,No,Month-to-month,Yes,Bank transfer (automatic),75.98,5248.9,Yes
CUST-6769,Female,1,Yes,Yes,21,Yes,No,Fiber optic,No internet service,Yes,No,No,Yes,No internet service,Month-to-month,No,Electronic check,99.97,2079.95,No
CUST-6770,Female,1,Yes,No,5,Yes,Yes,Fiber optic,No internet service,Yes,Yes,No,No,No,Two year,Yes,Bank transfer (automatic),97.27,458.5,No
CUST-6771,Female,0,No,No,25,No,No phone service,DSL,Yes,No internet service,No internet service,No internet service,Yes,No,One year,Yes,Electronic check,107.71,2639.91,No
CUST-6772,Male,0,No,Yes,38,Yes,Yes,Fiber optic,No,No internet service,No internet service,Yes,No,No,One year,Yes,Electronic check,73.8,2784.26,Yes
CUST-6773,Female,0,Yes,No,11,Yes,No,No,No,No,Yes,Yes,No,No,Month-to-month,Yes,Bank transfer (automatic),115.5,1240.18,Yes
CUST-6774,Male,0,No,No,13,Yes,No,DSL,No internet service,Yes,No,No,No,No internet service,Two year,Yes,Credit card (automatic),118.36,1618.76,No
CUST-6775,Male,0,No,No,21,Yes,No,DSL,Yes,Yes,No,No internet service,No,No,Two year,Yes,Bank transfer (automatic),29.96,576.81,No
CUST-6776,Female,0,Yes,No,50,No,No,No,No,No,No,Yes,No,No internet service,Two year,Yes,Mailed check,103.63,5233.37,Yes
CUST-6777,Male,1,No,No,22,Yes,Yes,DSL,No,No internet service,No,No internet service,No internet service,No,Month-to-month,No,Electronic check,68.48,1493.17,Yes
CUST-6778,Female,0,No,Yes,47,Yes,Yes,No,No,Yes,No internet service,Yes,Yes,No,Month-to-month,Yes,Bank transfer (automatic),57.2,2678.08,Yes
CUST-6779,Female,0,No,No,70,Yes,No,DSL,No,Yes,No internet service,No,No internet service,No,Month-to-month,Yes,Bank transfer (automatic),79.86,5610.26,Yes
CUST-6780,Male,0,Yes,No,49,Yes,No,Fiber optic,No,No internet service,No,No,No,No internet service,Month-to-month,No,Bank transfer (automatic),23.87,1098.7,Yes
CUST-6781,Male,0,Yes,Yes,12,Yes,No,DSL,No,No,No internet service,No,No,No,One year,No,Mailed check,69.15,789.8,No
CUST-6782,Female,0,No,Yes,9,No,Yes,No,No internet service,No,Yes,No,No,No,Two year,No,Credit card (automatic),105.77,889.87,No
CUST-6783,Female,0,No,No,54,No,No,Fiber optic,No,No,Yes,No,No,No,Month-to-month,Yes,Credit card (automatic),39.7,2124.79,Yes
CUST-6784,Male,1,No,No,8,Yes,No,No,No,No,No,No internet service,No,No internet service,Month-to-month,Yes,Electronic check,61.1,443.34,Yes
CUST-6785,Male,0,No,No,51,Yes,No,Fiber optic,No internet service,No internet service,No internet service,Yes,No,No,One year,Yes,Electronic check,112.67,5812.03,Yes
CUST-6786,Male,0,Yes,Yes,1,Yes,Yes,DSL,Yes,No,No,No internet service,Yes,No,Month-to-month,Yes,Electronic check,61.32,32.15,No
CUST-6787,Female,1,Yes,No,24,Yes,No,DSL,No,No,No,Yes,Yes,No internet service,One year,No,Electronic check,54.27,1183.56,No
CUST-6788,Female,0,Yes,Yes,12,Yes,Yes,Fiber optic,No,No,No internet service,No,No internet service,Yes,One year,Yes,Bank transfer (automatic),62.52,733.52,No
CUST-6789,Male,0,Yes,Yes,50,Yes,Yes,Fiber optic,Yes,No,No,No internet service,No,Yes,Month-to-month,No,Mailed check,70.46,3563.37,Yes
CUST-6790,Female,0,No,No,57,Yes,No,No,No,No,No,Yes,Yes,No,Two year,No,Bank transfer (automatic),81.77,4742.4,Yes
CUST-6791,Female,0,Yes,Yes,33,Yes,No,Fiber optic,No,Yes,No internet service,No,No,No,Month-to-month,Yes,Credit card (automatic),98.72,3246.29,Yes
CUST-6792,Male,0,No,No,34,Yes,Yes,Fiber optic,No,Yes,No,No,Yes,No,Two year,Yes,Mailed check,63.69,2139.61,Yes
CUST-6793,Male,0,No,No,2,Yes,No,No,No,Yes,No internet service,No,Yes,No,Two year,Yes,Credit card (automatic),100.41,200.1,No
CUST-6794,Male,1,No,No,58,No,Yes,DSL,Yes,No,No,No,No,No,Two year,Yes,Bank transfer (automatic),71.89,4190.37,No
CUST-6795,Female,0,No,No,69,Yes,No,No,Yes,No,Yes,No internet service,No,No internet service,Month-to-month,Yes,Bank transfer (automatic),52.27,3550.19,Yes
CUST-6796,Female,0,No,No,47,No,No,Fiber optic,No,No internet service,No,Yes,No,No,Month-to-month,Yes,Bank transfer (automatic),84.37,3953.17,Yes
CUST-6797,Male,0,Yes,Yes,63,Yes,No,Fiber optic,No internet service,No,No,No internet service,No,Yes,Month-to-month,No,Electronic check,90.38,5691.46,Yes
CUST-6798,Female,0,Yes,No,18,No,No,DSL,Yes,No,No,No internet service,Yes,No internet service,Month-to-month,Yes,Bank transfer (automatic),74.33,1340.23,Yes
CUST-6799,Female,0,Yes,Yes,66,Yes,Yes,DSL,No,No,No,Yes,No,No internet service,Two year,No,Electronic check,23.94,1572.81,No
CUST-6800,Male,0,Yes,Yes,72,Yes,No phone service,DSL,No internet service,No,No,No,No,No,Month-to-month,No,Electronic check,35.32,2496.25,Yes
CUST-6801,Male,0,No,No,4,Yes,Yes,No,Yes,No,No,Yes,No,Yes,Two year,Yes,Bank transfer (automatic),46.92,204.62,No
CUST-6802,Female,0,Yes,No,66,No,No,No,Yes,No,No internet service,No internet service,No,No,Month-to-month,No,Electronic check,46.65,3076.67,No
CUST-6803,Female,0,No,No,10,Yes,Yes,DSL,No,No,No,No,No,No,Month-to-month,Yes,Mailed check,85.93,856.95,No
CUST-6804,Female,0,No,Yes,67,Yes,Yes,No,Yes,No internet service,No,No,No,No internet service,Two year,Yes,Mailed check,20.09,1291.9,No
CUST-6805,Male,0,Yes,No,68,Yes,No,Fiber optic,Yes,No,No,Yes,No,Yes,Month-to-month,Yes,Bank transfer (automatic),94.2,6437.61,Yes
CUST-6806,Female,1,Yes,No,0,Yes,Yes,No,No,No,No,No,No,No internet service,Two year,Yes,Credit card (automatic),44.92, ,No
CUST-6807,Female,0,No,Yes,62,Yes,Yes,DSL,Yes,No internet service,No,Yes,No,Yes,Month-to-month,No,Mailed check,49.41,3144.24,Yes
CUST-6808,Female,1,No,No,28,Yes,No,Fiber optic,No,No internet service,Yes,No internet service,No internet service,No internet service,Two year,No,Mailed check,71.3,1937.44,No
CUST-6809,Male,0,Yes,No,11,Yes,No,Fiber optic,Yes,No,No,No,No internet service,No,One year,Yes,Bank transfer (automatic),39.95,477.56,No
CUST-6810,Female,0,No,No,40,Yes,No,DSL,No,No internet service,No,No,No,Yes,One year,Yes,Credit card (automatic),107.14,4190.19,Yes
CUST-6811,Female,1,No,Yes,1,Yes,No,Fiber optic,No,No,No,No,Yes,No internet service,Month-to-month,Yes,Electronic check,26.83,-86.09,No
CUST-6812,Female,0,No,No,36,Yes,Yes,Fiber optic,No,No internet service,No,No,No,No,Month-to-month,Yes,Electronic check,62.91,2237.02,Yes
CUST-6813,Male,0,Yes,No,44,No,Yes,DSL,No internet service,Yes,No,No,Yes,No internet service,Two year,No,Mailed check,103.62,4446.29,No
CUST-6814,Male,0,Yes,No,47,Yes,Yes,DSL,No,No internet service,No,No,No,No,Two year,No,Mailed check,80.14,3803.07,No
CUST-6815,Female,0,No,No,23,Yes,Yes,No,Yes,No internet service,No internet service,No,No,Yes,Month-to-month,No,Mailed check,47.63,1094.4,Yes
CUST-6816,Female,0,Yes,Yes,21,No,No phone service,DSL,No,No,Yes,Yes,Yes,No internet service,Month-to-month,Yes,Electronic check,60.54,1341.39,Yes
CUST-6817,Male,0,No,No,10,Yes,Yes,DSL,Yes,No,No,No,No,No internet service,Month-to-month,Yes,Credit card (automatic),89.27,884.34,Yes
CUST-6818,Female,0,Yes,No,57,Yes,No,Fiber optic,Yes,Yes,No,No internet service,No internet service,No,Month-to-month,No,Electronic check,116.06,6627.58,Yes
CUST-6819,Female,0,No,No,45,Yes,No phone service,Fiber optic,Yes,No,No,Yes,Yes,No,One year,Yes,Electronic check,108.01,4847.04,No
CUST-6820,Male,0,No,Yes,28,Yes,No,Fiber optic,Yes,Yes,No,No,Yes,No,Month-to-month,No,Electronic check,52.66,1430.78,Yes
CUST-6821,Male,0,No,No,34,No,Yes,Fiber optic,Yes,No,No,No,Yes,No,Month-to-month,Yes,Credit card (automatic),118.57,4011.04,Yes
CUST-6822,Female,0,No,No,14,Yes,No phone service,DSL,No,No,Yes,No,Yes,Yes,One year,Yes,Electronic check,18.6,200.2,No
CUST-6823,Male,0,No,No,59,Yes,Yes,Fiber optic,Yes,Yes,No,Yes,No,No,Month-to-month,No,Credit card (automatic),21.03,1260.14,Yes
CUST-6824,Female,0,No,No,41,Yes,Yes,Fiber optic,Yes,No internet service,No,No,No internet service,No internet service,One year,Yes,Credit card (automatic),101.05,4127.66,Yes
CUST-6825,Male,0,Yes,No,42,Yes,No,No,No internet service,No,No,Yes,No,No,Two year,No,Mailed check,38.3,1603.59,No
CUST-6826,Male,0,Yes,No,48,Yes,No,Fiber optic,No,No,No,No internet service,No,Yes,Month-to-month,Yes,Electronic check,24.36,1310.47,Yes
CUST-6827,Female,0,No,No,63,Yes,No,DSL,Yes,No,No internet service,No,No internet service,Yes,One year,Yes,Electronic check,42.08,2630.89,Yes
CUST-6828,Male,0,No,No,31,Yes,Yes,Fiber optic,Yes,No,Yes,Yes,Yes,No,Month-to-month,Yes,Electronic check,61.07,1908.86,Yes
CUST-6829,Male,0,No,No,63,Yes,No,DSL,No,Yes,No internet service,No,No,No,Month-to-month,No,Bank transfer (automatic),91.67,5772.5,Yes
CUST-6830,Female,0,No,Yes,1,Yes,Yes,Fiber optic,Yes,No,Yes,Yes,No,No,Month-to-month,No,Electronic check,81.0,138.88,Yes
CUST-6831,Female,0,No,No,23,Yes,No,DSL,No internet service,Yes,No,Yes,No,No internet service,Month-to-month,Yes,Credit card (automatic),42.13,980.91,Yes
CUST-6832,Female,0,No,Yes,65,Yes,Yes,DSL,No,No,Yes,Yes,No internet service,No,Month-to-month,Yes,Electronic check,68.83,4460.38,Yes
CUST-6833,Female,0,Yes,No,37,Yes,Yes,Fiber optic,No,No,No internet service,No internet service,No,No,Month-to-month,No,Credit card (automatic),111.33,4233.84,Yes
CUST-6834,Male,0,Yes,No,30,Yes,Yes,Fiber optic,No internet service,No,No,No,Yes,No internet service,Two year,Yes,Credit card (automatic),100.16,2961.82,Yes
CUST-6835,Female,1,No,Yes,25,Yes,No phone service,Fiber optic,No,No,No,No,No,Yes,One year,Yes,Electronic check,50.73,1258.56,No
CUST-6836,Female,0,Yes,No,28,Yes,No,Fiber optic,Yes,No,No internet service,Yes,No,No,Two year,Yes,Mailed check,116.97,3320.98,Yes
CUST-6837,Male,0,Yes,Yes,66,Yes,Yes,Fiber optic,No,No,No,Yes,No,No internet service,One year,Yes,Credit card (automatic),89.47,5864.11,Yes
CUST-6838,Female,0,Yes,No,24,No,Yes,Fiber optic,No,Yes,No internet service,No internet service,No,No internet service,Month-to-month,Yes,Electronic check,24.53,627.0,Yes
CUST-6839,Male,0,No,No,47,Yes,Yes,Fiber optic,No,No,No,No,No internet service,No,Month-to-month,Yes,Mailed check,21.78,999.69,Yes
CUST-6840,Male,0,Yes,No,64,No,Yes,DSL,No internet service,Yes,No,Yes,No internet service,No internet service,Month-to-month,No,Bank transfer (automatic),35.17,2301.04,Yes
CUST-6841,Male,0,No,No,52,Yes,Yes,Fiber optic,No internet service,No,Yes,No,No,Yes,Month-to-month,Yes,Bank transfer (automatic),91.4,4801.65,Yes
CUST-6842,Male,1,No,No,66,Yes,No,Fiber optic,Yes,No,Yes,Yes,No internet service,No,One year,No,Mailed check,36.72,2419.02,Yes
CUST-6843,Female,0,Yes,No,17,Yes,Yes,Fiber optic,Yes,No internet service,No,No,Yes,No,Month-to-month,No,Electronic check,69.65,1134.03,No
CUST-6844,Male,1,Yes,No,8,Yes,Yes,Fiber optic,No internet service,No,Yes,No internet service,No,No,Month-to-month,Yes,Bank transfer (automatic),27.62,201.39,Yes
CUST-6845,Female,0,No,Yes,37,Yes,No,Fiber optic,No internet service,No,No,No internet service,No,No,Month-to-month,No,Mailed check,110.8,4098.86,Yes
CUST-6846,Female,0,Yes,No,20,Yes,No,No,Yes,No internet service,No,No internet service,No internet service,No,Month-to-month,Yes,Credit card (automatic),52.82,1100.81,Yes
CUST-6847,Male,0,Yes,No,64,Yes,No,Fiber optic,No,No,Yes,Yes,No,No,Month-to-month,No,Mailed check,109.52,7025.31,Yes
CUST-6848,Male,0,Yes,No,20,Yes,Yes,Fiber optic,No,Yes,No internet service,Yes,No,No,Month-to-month,Yes,Mailed check,113.21,2291.1,Yes
CUST-6849,Female,0,Yes,No,26,Yes,Yes,Fiber optic,No,No,No internet service,No internet service,Yes,No internet service,Two year,Yes,Bank transfer (automatic),18.87,508.09,No
CUST-6850,Male,1,No,Yes,69,Yes,No,DSL,Yes,No internet service,No,Yes,Yes,No internet service,Month-to-month,Yes,Electronic check,64.9,4520.41,Yes
CUST-6851,Male,0,No,No,43,Yes,No,Fiber optic,No,No,No,Yes,No,No,One year,No,Bank transfer (automatic),20.73,881.37,No
CUST-6852,Female,0,Yes,Yes,27,Yes,Yes,Fiber optic,No,No,No,No,No,Yes,Month-to-month,No,Bank transfer (automatic),109.57,2966.63,Yes
CUST-6853,Male,0,No,No,44,Yes,Yes,DSL,No,No internet service,No,No,Yes,No,Month-to-month,No,Mailed check,70.35,3096.82,Yes
CUST-6854,Female,0,Yes,No,16,Yes,No,Fiber optic,Yes,No,No internet service,No internet service,No internet service,Yes,Two year,Yes,Electronic check,25.78,390.58,No
CUST-6855,Male,0,Yes,No,39,Yes,No,Fiber optic,No internet service,No,No internet service,Yes,No,No internet service,One year,Yes,Bank transfer (automatic),29.33,1194.46,Yes
CUST-6856,Male,0,No,No,2,Yes,No,No,Yes,No,Yes,No,No,No internet service,Month-to-month,No,Bank transfer (automatic),56.79,163.11,No
CUST-6857,Female,0,Yes,Yes,65,Yes,No,No,No,No internet service,No,No internet service,No internet service,No,Two year,No,Credit card (automatic),112.74,7388.39,Yes
CUST-6858,Male,0,No,No,45,Yes,No,DSL,No,No internet service,No,No,No internet service,Yes,Month-to-month,Yes,Electronic check,87.89,3916.87,Yes
CUST-6859,Female,0,No,No,29,Yes,No,Fiber optic,No,No internet service,Yes,No,No,No,Month-to-month,No,Electronic check,105.45,3075.59,Yes
CUST-6860,Male,0,Yes,Yes,68,Yes,No,DSL,Yes,No internet service,No internet service,No,No,No internet service,One year,Yes,Mailed check,55.08,3800.06,Yes
CUST-6861,Female,0,Yes,No,8,Yes,No,DSL,No,No internet service,Yes,No,No,Yes,One year,No,Credit card (automatic),22.59,255.86,No
CUST-6862,Male,0,No,No,10,Yes,No,Fiber optic,No internet service,No,Yes,No,Yes,No,Month-to-month,Yes,Mailed check,116.17,1086.27,No
CUST-6863,Female,0,Yes,Yes,68,No,No,DSL,No,No,Yes,No,No,No internet service,Month-to-month,Yes,Bank transfer (automatic),19.98,1358.5,Yes
CUST-6864,Female,0,Yes,No,65,Yes,Yes,DSL,Yes,No,No,No,No internet service,No,Two year,No,Mailed check,113.49,7367.39,No
CUST-6865,Male,1,Yes,Yes,30,Yes,No,No,No internet service,No,No,No internet service,No,No,Month-to-month,Yes,Bank transfer (automatic),55.3,1738.54,Yes
CUST-6866,Female,0,Yes,Yes,32,Yes,No,No,No,No,No internet service,No internet service,No,No internet service,Month-to-month,No,Electronic check,19.26,505.85,No
CUST-6867,Female,0,Yes,Yes,38,Yes,Yes,No,No,No internet service,Yes,No,Yes,Yes,Month-to-month,Yes,Mailed check,87.51,3273.01,Yes
CUST-6868,Male,0,No,No,45,Yes,No,No,No internet service,Yes,No internet service,No internet service,No,No internet service,Two year,No,Electronic check,116.79,5327.2,No
CUST-6869,Male,0,Yes,Yes,36,Yes,No,Fiber optic,No,No internet service,No,Yes,No,No internet service,Month-to-month,Yes,Mailed check,115.3,4127.31,Yes
CUST-6870,Female,0,No,Yes,59,Yes,No phone service,DSL,No,No internet service,Yes,Yes,No,No internet service,Two year,Yes,Bank transfer (automatic),34.42,1965.71,No
CUST-6871,Female,0,No,No,30,Yes,No,Fiber optic,No,Yes,No internet service,No,No,Yes,One year,Yes,Electronic check,36.47,1169.7,No
CUST-6872,Female,0,Yes,Yes,10,Yes,No,Fiber optic,No,No internet service,No internet service,Yes,Yes,Yes,Month-to-month,No,Bank transfer (automatic),75.09,679.31,No
CUST-6873,Male,0,Yes,No,1,No,No,DSL,No,No,No,No,Yes,No internet service,One year,No,Electronic check,82.3,133.4,No
CUST-6874,Male,1,No,No,26,Yes,No,No,No,No,Yes,No internet service,No,No,Two year,Yes,Bank transfer (automatic),92.56,2328.55,No
CUST-6875,Female,1,No,No,1,Yes,Yes,Fiber optic,Yes,No,No,Yes,No internet service,No,Month-to-month,Yes,Bank transfer (automatic),36.45,-35.68,No
CUST-6876,Male,1,No,No,20,Yes,No,DSL,No,No internet service,Yes,No,Yes,No internet service,Month-to-month,No,Electronic check,114.63,2302.61,Yes
CUST-6877,Female,0,No,No,57,Yes,No,DSL,No internet service,No,No,No,No,Yes,Two year,Yes,Electronic check,82.44,4656.66,Yes
CUST-6878,Male,0,No,No,4,Yes,No,DSL,No internet service,No,No,No,No,No,One year,Yes,Electronic check,103.38,427.14,Yes
CUST-6879,Male,0,No,Yes,51,Yes,Yes,No,No,Yes,Yes,No,Yes,No,Month-to-month,No,Electronic check,72.53,3789.13,Yes
CUST-6880,Female,1,Yes,No,44,Yes,Yes,Fiber optic,No,Yes,No,No internet service,Yes,Yes,One year,No,Electronic check,59.88,2626.97,Yes
CUST-6881,Male,0,No,No,19,Yes,No,Fiber optic,Yes,No internet service,No,No,No,No,One year,Yes,Credit card (automatic),116.46,2294.13,Yes
CUST-6882,Male,0,No,No,60,No,No,Fiber optic,No,Yes,Yes,No internet service,No,Yes,Two year,Yes,Credit card (automatic),76.75,4621.21,Yes
CUST-6883,Male,0,No,Yes,37,Yes,No,Fiber optic,Yes,No,No,No,No,No,Two year,No,Bank transfer (automatic),105.37,3946.48,No
CUST-6884,Female,1,Yes,No,19,Yes,No,Fiber optic,No,Yes,No,No,No,No internet service,Month-to-month,Yes,Bank transfer (automatic),114.06,2049.48,Yes
CUST-6885,Male,1,No,No,24,Yes,No,Fiber optic,No internet service,No internet service,Yes,No internet service,No,No,Month-to-month,No,Electronic check,86.12,2098.7,Yes
CUST-6886,Female,0,No,No,1,Yes,Yes,No,No internet service,No,No,Yes,No internet service,Yes,One year,Yes,Bank transfer (automatic),73.42,97.56,Yes
CUST-6887,Male,0,Yes,Yes,31,Yes,No,No,No internet service,Yes,No,No,No,Yes,Month-to-month,No,Bank transfer (automatic),18.6,558.6,No
CUST-6888,Female,0,No,No,25,Yes,Yes,No,No internet service,No internet service,No,No,No,No,One year,Yes,Electronic check,22.27,651.53,No
CUST-6889,Male,0,Yes,No,69,Yes,Yes,Fiber optic,Yes,No,No internet service,No,No internet service,Yes,Month-to-month,Yes,Credit card (automatic),38.44,2627.7,Yes
CUST-6890,Male,0,Yes,No,40,Yes,No,No,Yes,No internet service,No,No,No internet service,No,Month-to-month,No,Electronic check,36.94,1397.16,No
CUST-6891,Male,0,No,No,66,Yes,Yes,Fiber optic,No,No,Yes,No internet service,No,No,Month-to-month,Yes,Credit card (automatic),43.85,2933.2,Yes
CUST-6892,Female,0,No,Yes,0,Yes,No,No,No,No,Yes,Yes,No,No,One year,Yes,Bank transfer (automatic),48.9, ,No
CUST-6893,Male,0,No,No,50,Yes,Yes,No,No,No,No,No,No,No internet service,Two year,No,Electronic check,54.44,2725.83,No
CUST-6894,Female,0,No,No,4,No,No,No,Yes,No,Yes,No internet service,No,Yes,Month-to-month,No,Bank transfer (automatic),60.51,309.03,No
CUST-6895,Female,0,No,No,12,Yes,No,No,No,Yes,No,No internet service,No,No,Month-to-month,No,Mailed check,28.19,363.2,Yes
CUST-6896,Female,0,Yes,Yes,18,Yes,Yes,Fiber optic,Yes,No,No,Yes,No,No,Month-to-month,No,Credit card (automatic),22.51,392.81,Yes
CUST-6897,Male,0,Yes,Yes,11,Yes,Yes,DSL,No,No,No,No,No internet service,Yes,Two year,Yes,Electronic check,85.98,928.22,No
CUST-6898,Male,0,Yes,No,47,Yes,Yes,DSL,Yes,Yes,Yes,No,No internet service,No internet service,Month-to-month,No,Electronic check,72.25,3459.02,Yes
CUST-6899,Male,0,No,No,24,Yes,Yes,Fiber optic,Yes,No,No,No,No,No,One year,Yes,Mailed check,62.89,1448.36,Yes
CUST-6900,Male,0,No,Yes,56,Yes,Yes,DSL,No,No,No internet service,Yes,No,No internet service,Month-to-month,No,Electronic check,82.01,4631.31,Yes
CUST-6901,Female,1,No,No,34,No,No,Fiber optic,No,No,No internet service,Yes,No,Yes,Month-to-month,No,Electronic check,101.43,3558.3,Yes
CUST-6902,Female,0,No,No,4,Yes,No,Fiber optic,No,No,No,No,No,No,Two year,Yes,Mailed check,61.23,272.09,No
CUST-6903,Male,1,No,Yes,21,No,No,Fiber optic,Yes,No,Yes,No,No,No,Month-to-month,Yes,Bank transfer (automatic),82.68,1724.38,No
CUST-6904,Female,0,No,No,56,Yes,No,No,No,No,No internet service,No internet service,No internet service,No internet service,Month-to-month,Yes,Mailed check,114.08,6380.48,Yes
CUST-6905,Female,0,Yes,No,46,Yes,Yes,Fiber optic,Yes,No,No,Yes,Yes,No,Month-to-month,Yes,Bank transfer (automatic),102.63,4696.96,Yes
CUST-6906,Female,0,Yes,Yes,53,Yes,No,No,No internet service,No,No internet service,No,No,Yes,Month-to-month,Yes,Credit card (automatic),61.06,3203.63,No
CUST-6907,Male,0,Yes,Yes,2,Yes,Yes,Fiber optic,No internet service,No,Yes,No,No,No,Month-to-month,Yes,Credit card (automatic),83.04,171.97,Yes
CUST-6908,Female,0,No,No,52,Yes,Yes,No,No,No,No,No internet service,No,Yes,Month-to-month,Yes,Electronic check,36.05,1908.57,Yes
CUST-6909,Male,0,No,No,30,Yes,No,DSL,No,No,No,No,No,No internet service,One year,No,Mailed check,74.58,2317.94,Yes
CUST-6910,Male,0,Yes,No,68,Yes,Yes,DSL,No,No,No,No,No,Yes,One year,Yes,Mailed check,116.87,7849.33,Yes
CUST-6911,Male,0,Yes,Yes,32,Yes,No,No,No internet service,No internet service,No,No,No,No,One year,Yes,Electronic check,70.34,2128.93,No
CUST-6912,Female,0,No,No,71,Yes,Yes,Fiber optic,No,Yes,No,No,No,No,Month-to-month,Yes,Credit card (automatic),111.48,7996.58,Yes
CUST-6913,Female,0,Yes,No,49,No,Yes,Fiber optic,Yes,No,No internet service,No,No,No,One year,No,Electronic check,59.19,2903.17,Yes
CUST-6914,Male,0,Yes,Yes,15,Yes,No phone service,Fiber optic,No,Yes,No,Yes,No,No internet service,One year,No,Electronic check,118.63,1784.93,No
CUST-6915,Female,0,No,No,38,Yes,Yes,Fiber optic,No internet service,No,No,Yes,No,No internet service,Month-to-month,No,Credit card (automatic),76.46,2930.54,Yes
CUST-6916,Male,0,Yes,No,45,Yes,Yes,Fiber optic,No,No internet service,Yes,No,No internet service,No,One year,Yes,Electronic check,22.5,1003.16,No
CUST-6917,Male,0,Yes,No,46,Yes,No,DSL,Yes,No,Yes,No internet service,No,No,Two year,Yes,Electronic check,77.22,3650.88,Yes
CUST-6918,Male,0,Yes,Yes,43,Yes,Yes,Fiber optic,No,No,No,No,No,No,Month-to-month,No,Bank transfer (automatic),45.84,1995.71,Yes
CUST-6919,Male,0,No,No,8,Yes,No,Fiber optic,No,No,No,No internet service,Yes,Yes,Two year,No,Electronic check,21.51,149.7,No
CUST-6920,Female,0,No,Yes,49,Yes,No,Fiber optic,No,No,No internet service,No,No,Yes,Month-to-month,Yes,Mailed check,100.75,4918.84,Yes
CUST-6921,Male,0,Yes,No,59,Yes,Yes,Fiber optic,No,No,No internet service,Yes,Yes,No,Month-to-month,Yes,Electronic check,45.96,2704.46,Yes
CUST-6922,Male,1,Yes,Yes,14,Yes,No,No,No,No,No,No internet service,No,No,Month-to-month,Yes,Bank transfer (automatic),98.3,1337.34,Yes
CUST-6923,Female,1,Yes,No,35,Yes,Yes,Fiber optic,Yes,Yes,Yes,No,No internet service,No,One year,No,Mailed check,47.22,1737.17,No
CUST-6924,Female,1,Yes,Yes,62,Yes,No,No,Yes,Yes,Yes,Yes,No,No,Month-to-month,No,Electronic check,37.78,2348.56,Yes
CUST-6925,Female,0,No,No,68,Yes,No phone service,Fiber optic,Yes,No,No,No,No internet service,No,Two year,No,Bank transfer (automatic),116.13,7838.31,Yes
CUST-6926,Male,0,Yes,No,40,Yes,Yes,Fiber optic,No,Yes,Yes,No,No internet service,Yes,Two year,No,Electronic check,54.6,2204.26,Yes
CUST-6927,Male,0,No,No,23,Yes,Yes,DSL,No,Yes,No,No,No internet service,No internet service,One year,No,Bank transfer (automatic),78.69,1881.82,No
CUST-6928,Male,0,Yes,No,48,Yes,No,DSL,No,Yes,Yes,No,No,No,Month-to-month,Yes,Mailed check,79.55,3871.44,Yes
CUST-6929,Female,1,No,No,17,Yes,No,Fiber optic,No,No,No internet service,No,No,No,Two year,Yes,Credit card (automatic),74.58,1229.87,Yes
CUST-6930,Male,0,No,Yes,6,Yes,No phone service,Fiber optic,No,No,No internet service,No,No,No,Two year,Yes,Electronic check,110.18,605.63,No
CUST-6931,Female,0,Yes,No,3,Yes,No,No,No,No internet service,No,No internet service,No,Yes,Month-to-month,Yes,Electronic check,86.03,329.46,No
CUST-6932,Female,0,Yes,No,68,Yes,No,Fiber optic,No internet service,No,Yes,No,No,No internet service,One year,No,Electronic check,58.83,3919.22,Yes
CUST-6933,Male,0,Yes,No,59,Yes,No,No,Yes,Yes,No,No internet service,No,No,One year,Yes,Credit card (automatic),104.92,6208.83,Yes
CUST-6934,Male,0,Yes,Yes,54,No,No,No,No,No internet service,No,No,No,Yes,One year,Yes,Credit card (automatic),36.45,1939.87,Yes
CUST-6935,Female,0,No,No,15,Yes,No phone service,DSL,No internet service,No,Yes,No,No internet service,No internet service,Month-to-month,Yes,Bank transfer (automatic),72.95,1159.93,No
CUST-6936,Female,0,Yes,No,28,Yes,No,Fiber optic,No internet service,No internet service,Yes,Yes,Yes,Yes,Month-to-month,No,Credit card (automatic),113.78,3133.1,Yes
CUST-6937,Female,1,Yes,Yes,22,Yes,No,Fiber optic,No internet service,No,No,No internet service,No internet service,No,Month-to-month,Yes,Electronic check,81.1,1744.38,Yes
CUST-6938,Male,0,Yes,No,13,Yes,No,DSL,Yes,No,No,No,No,No,Month-to-month,No,Mailed check,100.36,1335.53,Yes
CUST-6939,Female,1,No,No,48,Yes,No,DSL,No internet service,No,No,Yes,No,Yes,One year,No,Bank transfer (automatic),83.93,4068.42,No
CUST-6940,Female,1,Yes,Yes,32,Yes,Yes,No,Yes,No,No,Yes,No,No,Two year,Yes,Mailed check,102.61,3351.5,No
CUST-6941,Male,0,Yes,No,24,Yes,No,No,Yes,No,Yes,No internet service,Yes,Yes,Two year,Yes,Electronic check,113.17,2739.73,Yes
CUST-6942,Female,0,No,Yes,20,Yes,Yes,Fiber optic,Yes,No,No,Yes,No internet service,No internet service,One year,Yes,Electronic check,45.68,931.07,Yes
CUST-6943,Male,1,No,No,16,Yes,Yes,Fiber optic,No,Yes,No internet service,No,Yes,No,One year,Yes,Electronic check,35.3,617.26,No
CUST-6944,Female,0,No,No,22,Yes,No,Fiber optic,No,No,No internet service,No,Yes,No,Month-to-month,No,Electronic check,66.89,1403.05,Yes
CUST-6945,Female,1,Yes,Yes,56,Yes,No,Fiber optic,Yes,No,No,Yes,Yes,No internet service,One year,Yes,Bank transfer (automatic),88.79,4928.26,No
CUST-6946,Male,0,No,Yes,57,Yes,Yes,Fiber optic,No,No,Yes,No internet service,No,No internet service,Month-to-month,No,Electronic check,41.08,2277.22,Yes
CUST-6947,Male,0,No,No,13,No,No,Fiber optic,No,No,No,No,No,No,Month-to-month,Yes,Electronic check,18.66,108.3,No
CUST-6948,Female,1,No,Yes,19,Yes,No,DSL,No internet service,Yes,No,No,No internet service,Yes,One year,Yes,Bank transfer (automatic),52.71,1043.6,Yes
CUST-6949,Male,0,Yes,Yes,29,Yes,Yes,No,No,No,No internet service,No internet service,No,No,Month-to-month,No,Electronic check,115.62,3424.46,Yes
CUST-6950,Male,0,Yes,No,18,Yes,No,Fiber optic,No,No,No internet service,No internet service,No,Yes,Month-to-month,No,Electronic check,88.09,1613.42,Yes
CUST-6951,Female,0,No,No,52,Yes,No,Fiber optic,Yes,Yes,No,Yes,Yes,Yes,Two year,Yes,Electronic check,58.58,3065.16,Yes
CUST-6952,Female,0,Yes,No,55,Yes,No,No,Yes,No,No,No,No,No,Month-to-month,Yes,Bank transfer (automatic),37.6,2072.25,Yes
CUST-6953,Female,0,Yes,Yes,22,Yes,Yes,DSL,No,No,No,No,No,No internet service,Month-to-month,Yes,Bank transfer (automatic),54.04,1191.64,No
CUST-6954,Male,0,No,No,61,Yes,Yes,DSL,Yes,No,Yes,No internet service,No internet service,No,Month-to-month,Yes,Bank transfer (automatic),35.32,2239.28,Yes
CUST-6955,Male,0,No,Yes,32,No,No,No,No internet service,No internet service,No,Yes,No,No internet service,Month-to-month,Yes,Electronic check,28.93,1003.22,Yes
CUST-6956,Female,0,No,Yes,17,Yes,No,No,Yes,No,No,Yes,No,No internet service,Month-to-month,Yes,Bank transfer (automatic),109.38,1830.21,Yes
CUST-6957,Male,0,No,No,72,Yes,Yes,Fiber optic,No internet service,No internet service,No,Yes,No,No,Two year,Yes,Mailed check,118.51,8588.16,Yes
CUST-6958,Female,0,Yes,No,32,Yes,No,DSL,Yes,Yes,No,No,No,No internet service,Month-to-month,Yes,Electronic check,34.74,1173.15,No
CUST-6959,Male,0,Yes,No,31,Yes,No,No,No,No internet service,No internet service,No,No internet service,No,Two year,Yes,Electronic check,23.73,768.15,No
CUST-6960,Female,0,No,No,60,Yes,No,DSL,No internet service,No,Yes,No internet service,No internet service,Yes,Month-to-month,Yes,Electronic check,51.39,3102.78,Yes
CUST-6961,Male,0,No,No,53,Yes,No,Fiber optic,No,No,No,Yes,No,No,Month-to-month,Yes,Electronic check,64.65,3444.11,Yes
CUST-6962,Male,0,Yes,No,16,Yes,Yes,DSL,No,No internet service,No,No,No,No,One year,Yes,Electronic check,38.83,547.18,No
CUST-6963,Female,0,No,No,18,Yes,No,No,No,No,No,Yes,No internet service,No,One year,No,Bank transfer (automatic),48.54,795.19,No
CUST-6964,Male,0,Yes,No,69,Yes,Yes,Fiber optic,No,No,No internet service,No,No,No,One year,No,Electronic check,38.44,2691.52,No
CUST-6965,Male,0,Yes,No,33,Yes,No,No,Yes,No,No,No,Yes,No internet service,Two year,Yes,Mailed check,96.06,3114.96,Yes
CUST-6966,Female,0,Yes,Yes,24,Yes,No,DSL,Yes,No,No,Yes,No,No,Month-to-month,Yes,Bank transfer (automatic),89.86,2087.18,Yes
CUST-6967,Female,1,No,No,67,Yes,Yes,Fiber optic,No internet service,Yes,Yes,Yes,No,No,Month-to-month,No,Electronic check,82.06,5394.25,Yes
CUST-6968,Female,0,Yes,Yes,10,No,Yes,No,No,No,Yes,No internet service,No internet service,No internet service,Two year,No,Mailed check,57.17,547.91,No
CUST-6969,Male,0,Yes,Yes,15,Yes,No,DSL,No internet service,Yes,No,No,No,No,Month-to-month,Yes,Credit card (automatic),109.61,1662.87,No
CUST-6970,Male,1,Yes,No,60,Yes,No,Fiber optic,No,No,No internet service,No,No,No,Month-to-month,Yes,Credit card (automatic),115.69,6964.15,Yes
CUST-6971,Male,0,No,Yes,6,Yes,No,Fiber optic,Yes,Yes,No,No,No,No internet service,Month-to-month,Yes,Mailed check,35.7,256.73,No
CUST-6972,Female,0,Yes,No,15,Yes,Yes,Fiber optic,No internet service,No internet service,No internet service,Yes,No,No,One year,Yes,Mailed check,40.66,590.33,No
CUST-6973,Female,1,Yes,Yes,15,Yes,Yes,DSL,No internet service,No,No internet service,No internet service,No,No,Month-to-month,Yes,Mailed check,71.08,1071.56,No
CUST-6974,Female,1,No,Yes,39,Yes,No phone service,Fiber optic,No internet service,No,Yes,Yes,No,No,Month-to-month,No,Mailed check,27.42,1111.67,Yes
CUST-6975,Male,0,Yes,No,11,Yes,Yes,Fiber optic,No,No,No,No,No internet service,No internet service,Month-to-month,No,Bank transfer (automatic),62.11,706.41,No
CUST-6976,Female,0,No,No,34,Yes,Yes,Fiber optic,No,No,No,No,No,No,One year,Yes,Electronic check,76.72,2579.24,Yes
CUST-6977,Male,0,No,No,20,Yes,No,DSL,No internet service,No,No,No,No,No,Month-to-month,Yes,Bank transfer (automatic),70.72,1429.38,No
CUST-6978,Male,0,No,Yes,49,Yes,No,Fiber optic,No,No,No,No,Yes,No internet service,Month-to-month,Yes,Mailed check,51.51,2424.78,Yes
CUST-6979,Male,0,Yes,No,42,Yes,No,Fiber optic,No,No,No internet service,No,Yes,No internet service,One year,Yes,Electronic check,72.77,3056.35,Yes
CUST-6980,Female,0,Yes,Yes,16,Yes,No,DSL,No,No,No,No,No internet service,No,Two year,No,Electronic check,114.61,1802.84,Yes
CUST-6981,Male,0,Yes,No,31,Yes,Yes,Fiber optic,Yes,Yes,No,Yes,Yes,No,One year,No,Mailed check,38.95,1283.38,Yes
CUST-6982,Male,0,Yes,No,40,Yes,No phone service,No,No internet service,No,No,No,No,No,Two year,Yes,Credit card (automatic),84.06,3313.54,Yes
CUST-6983,Female,0,No,No,5,Yes,No,DSL,No,No,No internet service,No internet service,Yes,No,Month-to-month,Yes,Electronic check,22.61,118.88,No
CUST-6984,Female,0,No,No,26,Yes,No,Fiber optic,No,No,No,No,No internet service,Yes,Month-to-month,Yes,Electronic check,24.92,626.48,No
CUST-6985,Female,0,No,Yes,19,Yes,Yes,Fiber optic,Yes,No internet service,Yes,No internet service,No,No,Month-to-month,Yes,Bank transfer (automatic),73.71,1372.58,Yes
CUST-6986,Female,0,No,No,24,Yes,Yes,DSL,Yes,No internet service,No internet service,No,No,No internet service,Two year,Yes,Electronic check,28.8,710.07,Yes
CUST-6987,Male,1,Yes,Yes,65,Yes,Yes,DSL,No,Yes,No,No internet service,No,No,Month-to-month,Yes,Credit card (automatic),20.5,1311.59,No
CUST-6988,Male,0,Yes,Yes,8,Yes,No,Fiber optic,No internet service,No,No internet service,No,No internet service,No,Two year,No,Electronic check,35.49,376.52,No
CUST-6989,Female,0,No,No,52,Yes,Yes,No,No,Yes,No,No,No,No,Two year,Yes,Mailed check,75.02,3802.31,No
CUST-6990,Male,0,No,Yes,60,No,No,DSL,No,No,No internet service,Yes,No internet service,No internet service,Month-to-month,No,Electronic check,88.94,5367.96,Yes
CUST-6991,Female,0,Yes,No,37,Yes,Yes,No,No,No internet service,No,Yes,Yes,No,Month-to-month,No,Mailed check,38.6,1423.96,No
CUST-6992,Male,0,No,No,2,Yes,Yes,Fiber optic,No internet service,No internet service,No,No internet service,No,Yes,Month-to-month,No,Bank transfer (automatic),85.41,168.3,Yes
CUST-6993,Female,0,Yes,Yes,69,Yes,Yes,DSL,No internet service,No internet service,No,No,No,No,Month-to-month,Yes,Credit card (automatic),36.59,2539.82,Yes
CUST-6994,Female,0,Yes,Yes,54,Yes,Yes,Fiber optic,No,Yes,No,Yes,Yes,No,Month-to-month,Yes,Electronic check,79.9,4364.49,Yes
CUST-6995,Male,0,No,No,0,Yes,Yes,No,Yes,No,No internet service,No,No,No,Two year,Yes,Mailed check,59.65, ,No
CUST-6996,Male,0,No,No,69,Yes,Yes,DSL,Yes,No,No internet service,No,Yes,No internet service,Month-to-month,Yes,Electronic check,83.96,5843.31,Yes
CUST-6997,Male,1,No,No,44,Yes,Yes,Fiber optic,Yes,No,No,No internet service,No,No,Month-to-month,Yes,Electronic check,118.25,5205.32,Yes
CUST-6998,Male,0,Yes,No,46,Yes,Yes,Fiber optic,No internet service,No,No internet service,No,No,No internet service,Month-to-month,No,Credit card (automatic),112.5,5123.29,Yes
CUST-6999,Female,0,No,No,25,Yes,No,DSL,No,Yes,No,No,Yes,Yes,Two year,No,Electronic check,18.68,462.54,No
CUST-7000,Male,0,No,No,13,No,No,DSL,Yes,Yes,No,Yes,No internet service,Yes,One year,Yes,Electronic check,107.24,1451.77,Yes
CUST-7001,Male,1,No,No,53,Yes,Yes,DSL,Yes,Yes,Yes,No,No,No,Two year,Yes,Electronic check,24.93,1300.76,No
CUST-7002,Female,1,No,Yes,70,Yes,No,DSL,Yes,No,No,No,No internet service,No,Two year,Yes,Electronic check,114.03,7927.96,Yes
CUST-7003,Male,0,No,No,45,Yes,Yes,DSL,No,No,No internet service,Yes,No internet service,No,Month-to-month,No,Mailed check,46.57,2126.62,Yes
CUST-7004,Female,0,Yes,No,30,Yes,No,No,No internet service,No,No,No internet service,No,Yes,Month-to-month,Yes,Bank transfer (automatic),56.64,1716.03,Yes
CUST-7005,Male,0,No,No,58,Yes,No,No,No internet service,No,No,No internet service,Yes,No,Month-to-month,Yes,Mailed check,27.46,1554.14,Yes
CUST-7006,Male,0,Yes,No,28,Yes,Yes,DSL,No,No internet service,No internet service,No,No,No internet service,Month-to-month,Yes,Bank transfer (automatic),29.53,815.19,Yes
CUST-7007,Female,0,Yes,Yes,16,Yes,Yes,Fiber optic,No,No,No,Yes,No internet service,No,One year,Yes,Credit card (automatic),91.29,1451.56,Yes
CUST-7008,Female,1,No,Yes,13,Yes,No,DSL,Yes,No internet service,No internet service,No,No internet service,No,Month-to-month,No,Mailed check,113.16,1471.4,No
CUST-7009,Female,0,No,No,35,Yes,Yes,DSL,No,No,Yes,Yes,No,No,Month-to-month,Yes,Mailed check,79.63,2819.38,No
CUST-7010,Female,0,Yes,Yes,57,Yes,No,DSL,No,No,No,No internet service,Yes,Yes,One year,Yes,Electronic check,90.19,5120.57,Yes
CUST-7011,Male,0,No,No,23,Yes,No,Fiber optic,No internet service,No internet service,No,No,No,No,One year,Yes,Bank transfer (automatic),94.83,2216.0,No
CUST-7012,Male,0,No,No,62,Yes,No,No,No,No internet service,No,No,No,No,One year,Yes,Electronic check,44.66,2742.25,No
CUST-7013,Male,0,No,No,24,Yes,Yes,Fiber optic,Yes,No,No,No,No internet service,No,Month-to-month,Yes,Bank transfer (automatic),22.8,630.52,No
CUST-7014,Male,0,Yes,No,58,Yes,No phone service,Fiber optic,No internet service,No,No,No internet service,No,No internet service,Two year,No,Bank transfer (automatic),18.44,1153.91,No
CUST-7015,Female,1,No,No,31,Yes,Yes,DSL,No internet service,No,No internet service,No internet service,No internet service,No internet service,Month-to-month,Yes,Mailed check,53.49,1615.37,Yes
CUST-7016,Female,1,Yes,Yes,17,No,No,DSL,No internet service,No,No,No internet service,No,No internet service,Month-to-month,No,Bank transfer (automatic),42.52,661.56,No
CUST-7017,Female,0,Yes,Yes,36,Yes,No,No,No internet service,Yes,No,No internet service,Yes,No,Two year,Yes,Electronic check,24.51,931.27,No
CUST-7018,Female,0,No,No,25,Yes,No,DSL,No,Yes,No,No,Yes,No,Two year,No,Credit card (automatic),36.29,920.14,No
CUST-7019,Male,0,Yes,Yes,8,Yes,No,No,Yes,No internet service,No,No,Yes,No,Month-to-month,Yes,Bank transfer (automatic),30.76,273.66,No
CUST-7020,Male,0,No,Yes,63,Yes,No phone service,DSL,No,Yes,Yes,No,No internet service,No,Month-to-month,No,Mailed check,110.2,6909.86,Yes
CUST-7021,Female,0,No,No,71,Yes,No,Fiber optic,No,No internet service,No internet service,Yes,No,No,Month-to-month,Yes,Mailed check,32.35,2290.23,Yes
CUST-7022,Male,1,Yes,No,19,Yes,Yes,No,No internet service,No internet service,No,No,No internet service,Yes,Month-to-month,No,Bank transfer (automatic),72.28,1356.08,Yes
CUST-7023,Female,0,Yes,No,53,Yes,No,DSL,Yes,No,No,Yes,No,No,Two year,No,Bank transfer (automatic),77.86,4141.79,No
CUST-7024,Male,1,No,Yes,29,Yes,No,Fiber optic,No,No,No,No,No,No,Month-to-month,No,Bank transfer (automatic),72.87,2050.94,Yes
CUST-7025,Female,0,No,Yes,52,No,Yes,No,Yes,No,No,No internet service,No,No,Two year,No,Bank transfer (automatic),28.21,1461.95,No
CUST-7026,Male,0,Yes,No,62,Yes,Yes,DSL,No internet service,Yes,No internet service,No,No,No,One year,No,Bank transfer (automatic),50.29,3055.19,Yes
CUST-7027,Male,0,Yes,No,10,Yes,No,Fiber optic,No,No,No,No,No,Yes,One year,No,Electronic check,23.4,208.22,Yes
CUST-7028,Male,0,Yes,Yes,30,Yes,No,DSL,Yes,No,Yes,No,No,No,Month-to-month,No,Credit card (automatic),58.01,1735.43,Yes
CUST-7029,Female,0,No,No,48,Yes,Yes,DSL,No internet service,No internet service,No internet service,No,No,No,Month-to-month,Yes,Bank transfer (automatic),37.2,1810.97,No
CUST-7030,Female,0,No,No,18,Yes,No,DSL,Yes,No internet service,No internet service,No,No internet service,No,Month-to-month,No,Electronic check,74.69,1373.94,No
CUST-7031,Female,0,No,No,11,Yes,Yes,No,No,No internet service,No,No internet service,No,Yes,Month-to-month,Yes,Mailed check,87.88,1004.73,No
CUST-7032,Male,0,No,Yes,14,Yes,Yes,DSL,Yes,No,No internet service,Yes,No internet service,No,Month-to-month,Yes,Bank transfer (automatic),71.73,930.08,No
CUST-7033,Male,0,No,No,30,Yes,Yes,DSL,No,No,No internet service,No,No,No internet service,Two year,Yes,Electronic check,61.89,1919.9,No
CUST-7034,Male,0,No,No,42,Yes,No,Fiber optic,No internet service,No,No internet service,No,No,No,Month-to-month,Yes,Credit card (automatic),57.18,2369.32,Yes
CUST-7035,Male,0,Yes,No,36,Yes,Yes,Fiber optic,No,No,Yes,No,No,No internet service,One year,No,Electronic check,102.84,3673.65,Yes
CUST-7036,Male,0,Yes,No,28,Yes,No,Fiber optic,No internet service,No,No,Yes,Yes,Yes,Month-to-month,Yes,Electronic check,40.3,1141.84,Yes
CUST-7037,Male,0,No,Yes,25,No,No,DSL,No,Yes,No,No,No,No internet service,Two year,No,Bank transfer (automatic),92.04,2284.15,No
CUST-7038,Male,1,No,No,1,Yes,Yes,Fiber optic,No internet service,No internet service,Yes,Yes,Yes,No,Two year,Yes,Bank transfer (automatic),94.38,112.47,No
CUST-7039,Female,0,No,No,14,Yes,Yes,Fiber optic,No internet service,Yes,No,No,No,No internet service,Month-to-month,Yes,Credit card (automatic),60.38,872.69,Yes
CUST-7040,Female,1,No,No,3,Yes,Yes,Fiber optic,Yes,No,No,Yes,No,Yes,Two year,Yes,Mailed check,48.13,106.23,No
CUST-7041,Female,0,No,Yes,49,Yes,No,DSL,No internet service,No,No internet service,No internet service,Yes,No,One year,No,Mailed check,65.54,3202.27,Yes
CUST-7042,Female,0,Yes,No,37,Yes,Yes,Fiber optic,No internet service,No internet service,No,Yes,No internet service,No internet service,Two year,Yes,Credit card (automatic),27.62,1014.23,No
